"","AOI","Temp","Time","id","final","initial"
"1","1","34","120","S12T03P07",0.694,0.757
"2","1","50","15","S12T03P07",0,0.686
"3","1","42","60","S12T03P07",0.65,0.7
"4","1","42","30","S12T03P07",0.729,0.737
"5","1","38","60","S12T03P07",0.654,0.68
"6","1","38","30","S12T03P07",0.752,0.74
"7","1","34","60","S12T03P07",0.604,0.687
"8","1","34","15","S12T03P07",0.766,0.745
"9","1","38","15","S12T03P07",0.74,0.675
"10","1","46","120","S12T03P07",0,0.681
"11","1","54","30","S12T03P07",0,0.714
"12","1","50","60","S12T03P07",0,0.751
"13","1","46","60","S12T03P07",0,0.733
"14","1","46","15","S12T03P07",0,0.741
"15","1","38","120","S12T03P07",0.706,0.726
"16","1","42","15","S12T03P07",0.77,0.741
"17","1","54","5","S12T03P07",0,0.678
"18","1","50","30","S12T03P07",0,0.732
"19","1","46","30","S12T03P07",0,0.737
"20","1","42","120","S12T03P07",0.744,0.785
"21","1","54","60","S12T03P07",0,0.752
"22","1","54","15","S12T03P07",0,0.709
"23","1","50","5","S12T03P07",0.102,0.673
"24","1","50","120","S12T03P07",0,0.732
"25","1","46","5","S12T03P07",0.494,0.735
"26","1","42","5","S12T03P07",0.765,0.733
"27","1","38","5","S12T03P07",0.784,0.769
"28","1","34","30","S12T03P07",0.744,0.751
"29","10","34","30","S05T01P11",0.729,0.762
"30","10","34","60","S05T01P11",0.698,0.765
"31","10","38","120","S05T01P11",0.707,0.752
"32","10","38","60","S05T01P11",0.747,0.754
"33","10","34","15","S05T01P11",0.772,0.756
"34","10","42","120","S05T01P11",0.715,0.776
"35","10","34","120","S05T01P11",0.675,0.764
"36","10","54","30","S05T01P11",0,0.768
"37","10","42","15","S05T01P11",0.762,0.731
"38","10","38","5","S05T01P11",0.764,0.743
"39","10","38","30","S05T01P11",0.768,0.759
"40","10","54","5","S05T01P11",0,0.747
"41","10","42","30","S05T01P11",0.728,0.771
"42","10","38","15","S05T01P11",0.781,0.736
"43","10","46","30","S05T01P11",0,0.752
"44","10","54","60","S05T01P11",0,0.793
"45","10","42","5","S05T01P11",0.76,0.751
"46","10","54","15","S05T01P11",0,0.768
"47","10","50","60","S05T01P11",0,0.756
"48","10","46","5","S05T01P11",0.422,0.755
"49","10","42","60","S05T01P11",0.729,0.762
"50","10","50","30","S05T01P11",0,0.764
"51","10","46","15","S05T01P11",0,0.784
"52","10","46","60","S05T01P11",0,0.728
"53","10","46","120","S05T01P11",0,0.76
"54","10","50","5","S05T01P11",0,0.72
"55","10","50","120","S05T01P11",0,0.762
"56","10","50","15","S05T01P11",0,0.747
"57","11","34","120","S05T01P01",0.687,0.742
"58","11","38","120","S05T01P01",0.712,0.749
"59","11","38","5","S05T01P01",0.76,0.736
"60","11","34","15","S05T01P01",0.796,0.772
"61","11","34","60","S05T01P01",0.653,0.755
"62","11","38","15","S05T01P01",0.783,0.739
"63","11","38","30","S05T01P01",0.763,0.757
"64","11","34","30","S05T01P01",0.735,0.759
"65","11","42","15","S05T01P01",0.762,0.737
"66","11","42","5","S05T01P01",0.773,0.763
"67","11","42","120","S05T01P01",0.674,0.75
"68","11","42","30","S05T01P01",0.689,0.753
"69","11","42","60","S05T01P01",0.749,0.756
"70","11","54","60","S05T01P01",0,0.796
"71","11","54","15","S05T01P01",0,0.721
"72","11","46","120","S05T01P01",0,0.734
"73","11","54","5","S05T01P01",0,0.727
"74","11","50","60","S05T01P01",0,0.745
"75","11","38","60","S05T01P01",0.78,0.758
"76","11","54","30","S05T01P01",0,0.771
"77","11","46","15","S05T01P01",0,0.771
"78","11","46","60","S05T01P01",0,0.761
"79","11","46","5","S05T01P01",0.419,0.729
"80","11","50","120","S05T01P01",0,0.761
"81","11","46","30","S05T01P01",0,0.767
"82","11","50","15","S05T01P01",0.379,0.748
"83","11","50","5","S05T01P01",0,0.745
"84","11","50","30","S05T01P01",0,0.77
"85","12","34","120","S10T03P04",0.63,0.743
"86","12","34","30","S10T03P04",0.717,0.761
"87","12","34","15","S10T03P04",0.776,0.748
"88","12","38","120","S10T03P04",0.679,0.747
"89","12","34","60","S10T03P04",0.562,0.755
"90","12","38","60","S10T03P04",0.713,0.737
"91","12","38","15","S10T03P04",0.77,0.747
"92","12","42","120","S10T03P04",0.736,0.764
"93","12","42","5","S10T03P04",0.736,0.733
"94","12","38","30","S10T03P04",0.745,0.736
"95","12","42","30","S10T03P04",0.741,0.763
"96","12","46","30","S10T03P04",0,0.734
"97","12","42","15","S10T03P04",0.723,0.734
"98","12","38","5","S10T03P04",0.741,0.742
"99","12","46","15","S10T03P04",0,0.734
"100","12","54","15","S10T03P04",0,0.71
"101","12","46","5","S10T03P04",0.41,0.756
"102","12","46","120","S10T03P04",0,0.74
"103","12","50","60","S10T03P04",0,0.763
"104","12","54","30","S10T03P04",0,0.748
"105","12","42","60","S10T03P04",0.693,0.744
"106","12","54","60","S10T03P04",0,0.774
"107","12","54","5","S10T03P04",0,0.729
"108","12","50","30","S10T03P04",0,0.754
"109","12","46","60","S10T03P04",0,0.755
"110","12","50","15","S10T03P04",0.371,0.751
"111","12","50","5","S10T03P04",0.156,0.756
"112","12","50","120","S10T03P04",0,0.741
"113","13","42","120","S12T03P07",0.653,0.746
"114","13","38","60","S12T03P07",0.744,0.756
"115","13","38","15","S12T03P07",0.697,0.684
"116","13","38","5","S12T03P07",0.761,0.752
"117","13","34","30","S12T03P07",0.75,0.762
"118","13","34","120","S12T03P07",0.652,0.745
"119","13","38","30","S12T03P07",0.736,0.72
"120","13","46","120","S12T03P07",0,0.725
"121","13","42","30","S12T03P07",0.679,0.703
"122","13","34","15","S12T03P07",0.757,0.718
"123","13","34","60","S12T03P07",0.716,0.748
"124","13","42","60","S12T03P07",0.668,0.734
"125","13","42","15","S12T03P07",0.72,0.735
"126","13","46","15","S12T03P07",0,0.729
"127","13","42","5","S12T03P07",0.761,0.749
"128","13","38","120","S12T03P07",0.637,0.73
"129","13","50","5","S12T03P07",0.155,0.718
"130","13","46","30","S12T03P07",0,0.7
"131","13","50","30","S12T03P07",0,0.724
"132","13","50","15","S12T03P07",0.365,0.722
"133","13","46","5","S12T03P07",0.484,0.713
"134","13","54","60","S12T03P07",0,0.76
"135","13","50","120","S12T03P07",0,0.739
"136","13","46","60","S12T03P07",0.132,0.718
"137","13","54","5","S12T03P07",0,0.675
"138","13","54","30","S12T03P07",0,0.692
"139","13","50","60","S12T03P07",0,0.746
"140","13","54","15","S12T03P07",0,0.737
"141","14","38","5","S05T05P12",0.748,0.728
"142","14","38","15","S05T05P12",0.775,0.751
"143","14","38","30","S05T05P12",0.737,0.728
"144","14","42","15","S05T05P12",0.739,0.757
"145","14","42","5","S05T05P12",0.758,0.75
"146","14","34","30","S05T05P12",0.728,0.759
"147","14","42","120","S05T05P12",0.733,0.774
"148","14","42","30","S05T05P12",0.7,0.742
"149","14","38","60","S05T05P12",0.751,0.751
"150","14","42","60","S05T05P12",0.661,0.761
"151","14","34","60","S05T05P12",0.729,0.754
"152","14","34","15","S05T05P12",0.776,0.766
"153","14","46","60","S05T05P12",0,0.756
"154","14","46","120","S05T05P12",0,0.731
"155","14","34","120","S05T05P12",0.705,0.771
"156","14","50","120","S05T05P12",0,0.743
"157","14","38","120","S05T05P12",0.705,0.763
"158","14","46","15","S05T05P12",0,0.763
"159","14","54","5","S05T05P12",0,0.75
"160","14","50","15","S05T05P12",0.361,0.763
"161","14","46","5","S05T05P12",0.325,0.72
"162","14","54","30","S05T05P12",0,0.778
"163","14","46","30","S05T05P12",0,0.739
"164","14","54","60","S05T05P12",0,0.786
"165","14","50","30","S05T05P12",0,0.764
"166","14","50","60","S05T05P12",0,0.774
"167","14","50","5","S05T05P12",0,0.752
"168","14","54","15","S05T05P12",0,0.737
"169","15","38","15","S10T03P04",0.746,0.748
"170","15","38","30","S10T03P04",0.76,0.761
"171","15","42","120","S10T03P04",0.716,0.753
"172","15","38","5","S10T03P04",0.763,0.754
"173","15","42","15","S10T03P04",0.749,0.731
"174","15","46","120","S10T03P04",0,0.758
"175","15","34","120","S10T03P04",0.634,0.749
"176","15","38","60","S10T03P04",0.741,0.746
"177","15","42","30","S10T03P04",0.719,0.733
"178","15","42","60","S10T03P04",0.381,0.71
"179","15","34","15","S10T03P04",0.755,0.743
"180","15","42","5","S10T03P04",0.734,0.742
"181","15","34","60","S10T03P04",0.664,0.764
"182","15","46","5","S10T03P04",0.151,0.756
"183","15","34","30","S10T03P04",0.711,0.715
"184","15","38","120","S10T03P04",0.689,0.733
"185","15","46","30","S10T03P04",0,0.751
"186","15","46","15","S10T03P04",0,0.738
"187","15","50","15","S10T03P04",0,0.738
"188","15","50","5","S10T03P04",0.163,0.731
"189","15","50","120","S10T03P04",0,0.669
"190","15","50","30","S10T03P04",0,0.753
"191","15","50","60","S10T03P04",0,0.77
"192","15","46","60","S10T03P04",0,0.739
"193","15","54","30","S10T03P04",0,0.774
"194","15","54","60","S10T03P04",0,0.771
"195","15","54","15","S10T03P04",0,0.728
"196","15","54","5","S10T03P04",0,0.733
"197","16","46","120","S12T02P01",0,0.74
"198","16","42","60","S12T02P01",0.607,0.729
"199","16","42","5","S12T02P01",0.754,0.726
"200","16","38","15","S12T02P01",0.774,0.754
"201","16","42","30","S12T02P01",0.723,0.734
"202","16","42","120","S12T02P01",0.669,0.749
"203","16","42","15","S12T02P01",0.741,0.737
"204","16","38","30","S12T02P01",0.756,0.742
"205","16","46","15","S12T02P01",0,0.747
"206","16","38","5","S12T02P01",0.755,0.749
"207","16","50","15","S12T02P01",0.411,0.739
"208","16","38","60","S12T02P01",0.762,0.736
"209","16","46","30","S12T02P01",0,0.763
"210","16","50","120","S12T02P01",0,0.718
"211","16","50","30","S12T02P01",0,0.765
"212","16","46","60","S12T02P01",0,0.723
"213","16","46","5","S12T02P01",0.484,0.744
"214","16","34","15","S12T02P01",0.773,0.756
"215","16","50","5","S12T02P01",0.203,0.737
"216","16","34","30","S12T02P01",0.726,0.728
"217","16","34","120","S12T02P01",0.682,0.761
"218","16","50","60","S12T02P01",0,0.749
"219","16","38","120","S12T02P01",0.645,0.737
"220","16","34","60","S12T02P01",0.734,0.759
"221","16","54","30","S12T02P01",0,0.752
"222","16","54","15","S12T02P01",0,0.744
"223","16","54","60","S12T02P01",0,0.785
"224","16","54","5","S12T02P01",0,0.761
"225","17","46","30","S12T03P07",0,0.743
"226","17","42","5","S12T03P07",0.741,0.713
"227","17","46","15","S12T03P07",0,0.769
"228","17","46","5","S12T03P07",0.428,0.718
"229","17","46","120","S12T03P07",0,0.728
"230","17","42","60","S12T03P07",0.619,0.68
"231","17","38","5","S12T03P07",0.748,0.747
"232","17","42","30","S12T03P07",0.721,0.756
"233","17","42","15","S12T03P07",0.744,0.731
"234","17","38","30","S12T03P07",0.726,0.722
"235","17","38","15","S12T03P07",0.728,0.711
"236","17","50","30","S12T03P07",0,0.731
"237","17","46","60","S12T03P07",0.055,0.723
"238","17","42","120","S12T03P07",0.688,0.764
"239","17","38","60","S12T03P07",0.767,0.729
"240","17","50","15","S12T03P07",0.402,0.706
"241","17","50","5","S12T03P07",0.212,0.726
"242","17","50","120","S12T03P07",0,0.74
"243","17","54","15","S12T03P07",0,0.721
"244","17","34","120","S12T03P07",0.623,0.709
"245","17","34","30","S12T03P07",0.68,0.693
"246","17","50","60","S12T03P07",0,0.757
"247","17","34","15","S12T03P07",0.731,0.658
"248","17","34","60","S12T03P07",0.672,0.734
"249","17","38","120","S12T03P07",0.66,0.697
"250","17","54","60","S12T03P07",0,0.777
"251","17","54","30","S12T03P07",0,0.743
"252","17","54","5","S12T03P07",0,0.749
"253","18","46","120","S10T03P04",0,0.74
"254","18","46","15","S10T03P04",0.133,0.697
"255","18","42","60","S10T03P04",0.694,0.758
"256","18","34","120","S10T03P04",0.668,0.751
"257","18","42","15","S10T03P04",0.58,0.756
"258","18","42","5","S10T03P04",0.615,0.742
"259","18","34","30","S10T03P04",0.627,0.764
"260","18","42","30","S10T03P04",0.723,0.754
"261","18","46","60","S10T03P04",0,0.741
"262","18","46","30","S10T03P04",0,0.762
"263","18","34","15","S10T03P04",0.602,0.756
"264","18","46","5","S10T03P04",0,0.75
"265","18","50","120","S10T03P04",0,0.745
"266","18","38","15","S10T03P04",0.692,0.752
"267","18","38","5","S10T03P04",0.666,0.742
"268","18","50","60","S10T03P04",0,0.766
"269","18","38","30","S10T03P04",0.692,0.757
"270","18","50","5","S10T03P04",0,0.767
"271","18","54","15","S10T03P04",0,0.759
"272","18","50","30","S10T03P04",0,0.731
"273","18","50","15","S10T03P04",0,0.733
"274","18","54","30","S10T03P04",0,0.733
"275","18","34","60","S10T03P04",0.634,0.777
"276","18","38","60","S10T03P04",0.685,0.726
"277","18","54","5","S10T03P04",0,0.725
"278","18","42","120","S10T03P04",0.276,0.758
"279","18","54","60","S10T03P04",0,0.772
"280","18","38","120","S10T03P04",0.676,0.731
"281","19","34","15","S10T10P01",0.769,0.766
"282","19","34","60","S10T10P01",0.699,0.782
"283","19","46","30","S10T10P01",0,0.758
"284","19","46","15","S10T10P01",0,0.778
"285","19","34","120","S10T10P01",0.649,0.779
"286","19","34","30","S10T10P01",0.69,0.76
"287","19","42","5","S10T10P01",0.735,0.738
"288","19","38","120","S10T10P01",0.644,0.762
"289","19","46","5","S10T10P01",0.316,0.779
"290","19","42","60","S10T10P01",0.593,0.752
"291","19","38","5","S10T10P01",0.729,0.78
"292","19","46","120","S10T10P01",0,0.732
"293","19","46","60","S10T10P01",0,0.755
"294","19","50","30","S10T10P01",0,0.763
"295","19","38","60","S10T10P01",0.761,0.753
"296","19","50","15","S10T10P01",0.36,0.745
"297","19","50","120","S10T10P01",0,0.745
"298","19","50","5","S10T10P01",0.234,0.773
"299","19","54","15","S10T10P01",0,0.759
"300","19","42","120","S10T10P01",0.569,0.759
"301","19","50","60","S10T10P01",0,0.77
"302","19","38","30","S10T10P01",0.733,0.775
"303","19","38","15","S10T10P01",0.741,0.767
"304","19","42","15","S10T10P01",0.686,0.77
"305","19","42","30","S10T10P01",0.718,0.771
"306","19","54","5","S10T10P01",0,0.757
"307","19","54","30","S10T10P01",0,0.769
"308","19","54","60","S10T10P01",0,0.776
"309","2","34","15","S05T01P01",0.793,0.763
"310","2","34","120","S05T01P01",0.722,0.771
"311","2","46","15","S05T01P01",0.081,0.742
"312","2","38","60","S05T01P01",0.771,0.747
"313","2","54","15","S05T01P01",0,0.742
"314","2","42","120","S05T01P01",0.723,0.758
"315","2","50","60","S05T01P01",0,0.761
"316","2","34","30","S05T01P01",0.739,0.745
"317","2","54","30","S05T01P01",0,0.743
"318","2","42","60","S05T01P01",0.736,0.74
"319","2","46","5","S05T01P01",0.508,0.756
"320","2","34","60","S05T01P01",0.683,0.749
"321","2","42","15","S05T01P01",0.766,0.749
"322","2","46","30","S05T01P01",0,0.76
"323","2","46","120","S05T01P01",0,0.745
"324","2","50","30","S05T01P01",0,0.782
"325","2","50","15","S05T01P01",0.372,0.74
"326","2","46","60","S05T01P01",0,0.76
"327","2","42","30","S05T01P01",0.733,0.782
"328","2","38","30","S05T01P01",0.775,0.773
"329","2","38","120","S05T01P01",0.741,0.741
"330","2","50","5","S05T01P01",0.21,0.784
"331","2","38","15","S05T01P01",0.793,0.748
"332","2","42","5","S05T01P01",0.751,0.757
"333","2","38","5","S05T01P01",0.776,0.742
"334","2","54","60","S05T01P01",0,0.789
"335","2","54","5","S05T01P01",0,0.758
"336","2","50","120","S05T01P01",0,0.745
"337","20","34","15","S12T02P01",0.762,0.767
"338","20","46","15","S12T02P01",0,0.758
"339","20","34","120","S12T02P01",0.684,0.756
"340","20","50","120","S12T02P01",0,0.733
"341","20","46","60","S12T02P01",0,0.734
"342","20","34","60","S12T02P01",0.717,0.761
"343","20","38","120","S12T02P01",0.693,0.749
"344","20","42","5","S12T02P01",0.736,0.749
"345","20","42","15","S12T02P01",0.728,0.735
"346","20","34","30","S12T02P01",0.699,0.747
"347","20","46","30","S12T02P01",0,0.762
"348","20","42","60","S12T02P01",0.603,0.738
"349","20","46","5","S12T02P01",0.482,0.746
"350","20","42","30","S12T02P01",0.687,0.754
"351","20","50","15","S12T02P01",0.42,0.746
"352","20","54","15","S12T02P01",0,0.753
"353","20","46","120","S12T02P01",0,0.712
"354","20","38","15","S12T02P01",0.734,0.766
"355","20","50","30","S12T02P01",0,0.753
"356","20","50","60","S12T02P01",0,0.747
"357","20","50","5","S12T02P01",0.236,0.749
"358","20","38","30","S12T02P01",0.731,0.751
"359","20","38","60","S12T02P01",0.762,0.735
"360","20","42","120","S12T02P01",0.252,0.757
"361","20","38","5","S12T02P01",0.74,0.75
"362","20","54","30","S12T02P01",0,0.757
"363","20","54","60","S12T02P01",0,0.789
"364","20","54","5","S12T02P01",0,0.744
"365","21","38","15","S12T02P01",0.141,0.736
"366","21","38","30","S12T02P01",0.65,0.743
"367","21","34","120","S12T02P01",0.71,0.738
"368","21","50","15","S12T02P01",0.414,0.724
"369","21","46","15","S12T02P01",0,0.745
"370","21","46","5","S12T02P01",0,0.73
"371","21","34","15","S12T02P01",0.325,0.751
"372","21","34","60","S12T02P01",0.718,0.747
"373","21","42","15","S12T02P01",0,0.75
"374","21","50","30","S12T02P01",0,0.747
"375","21","50","60","S12T02P01",0,0.754
"376","21","34","30","S12T02P01",0.349,0.726
"377","21","46","30","S12T02P01",0,0.76
"378","21","46","60","S12T02P01",0,0.709
"379","21","50","5","S12T02P01",0,0.755
"380","21","42","30","S12T02P01",0.201,0.755
"381","21","54","15","S12T02P01",0,0.738
"382","21","42","5","S12T02P01",0.226,0.714
"383","21","50","120","S12T02P01",0,0.749
"384","21","38","5","S12T02P01",0.7,0.722
"385","21","42","60","S12T02P01",0.152,0.717
"386","21","38","120","S12T02P01",0.166,0.738
"387","21","38","60","S12T02P01",0.751,0.732
"388","21","46","120","S12T02P01",0,0.72
"389","21","42","120","S12T02P01",0,0.74
"390","21","54","60","S12T02P01",0,0.763
"391","21","54","30","S12T02P01",0,0.733
"392","21","54","5","S12T02P01",0,0.743
"393","22","50","15","S10T10P01",0.375,0.753
"394","22","42","5","S10T10P01",0.475,0.748
"395","22","38","30","S10T10P01",0.51,0.763
"396","22","38","15","S10T10P01",0.6,0.775
"397","22","42","60","S10T10P01",0.075,0.762
"398","22","50","5","S10T10P01",0,0.758
"399","22","46","5","S10T10P01",0,0.754
"400","22","50","30","S10T10P01",0,0.771
"401","22","46","120","S10T10P01",0,0.751
"402","22","38","5","S10T10P01",0.457,0.769
"403","22","34","30","S10T10P01",0.102,0.764
"404","22","46","60","S10T10P01",0,0.761
"405","22","46","15","S10T10P01",0,0.769
"406","22","38","60","S10T10P01",0.741,0.749
"407","22","34","15","S10T10P01",0.178,0.768
"408","22","34","60","S10T10P01",0.727,0.774
"409","22","42","15","S10T10P01",0,0.772
"410","22","34","120","S10T10P01",0.644,0.738
"411","22","50","60","S10T10P01",0,0.765
"412","22","46","30","S10T10P01",0,0.764
"413","22","42","120","S10T10P01",0.267,0.764
"414","22","38","120","S10T10P01",0,0.765
"415","22","42","30","S10T10P01",0.145,0.777
"416","22","54","60","S10T10P01",0,0.783
"417","22","50","120","S10T10P01",0,0.76
"418","22","54","30","S10T10P01",0,0.77
"419","22","54","15","S10T10P01",0,0.759
"420","22","54","5","S10T10P01",0,0.756
"421","23","46","15","S10T02P04",0,0
"422","23","38","5","S10T02P04",0.578,0.733
"423","23","34","120","S10T02P04",0.678,0.765
"424","23","50","5","S10T02P04",0,0.746
"425","23","50","15","S10T02P04",0.367,0.737
"426","23","38","60","S10T02P04",0.732,0.737
"427","23","38","30","S10T02P04",0.458,0.746
"428","23","34","15","S10T02P04",0.156,0.702
"429","23","46","5","S10T02P04",0,0.75
"430","23","38","15","S10T02P04",0,0.711
"431","23","50","60","S10T02P04",0,0.76
"432","23","46","30","S10T02P04",0,0.739
"433","23","42","120","S10T02P04",0,0.731
"434","23","34","30","S10T02P04",0.227,0.734
"435","23","54","15","S10T02P04",0,0.737
"436","23","42","5","S10T02P04",0.187,0.722
"437","23","50","30","S10T02P04",0,0.755
"438","23","42","60","S10T02P04",0,0.735
"439","23","42","30","S10T02P04",0.353,0.76
"440","23","42","15","S10T02P04",0.101,0.744
"441","23","46","120","S10T02P04",0,0.714
"442","23","54","5","S10T02P04",0,0.719
"443","23","54","30","S10T02P04",0,0.707
"444","23","38","120","S10T02P04",0.427,0.741
"445","23","46","60","S10T02P04",0,0.745
"446","23","54","60","S10T02P04",0,0.786
"447","23","34","60","S10T02P04",0.678,0.735
"448","23","50","120","S10T02P04",0,0.734
"449","24","54","30","S10T10P01",0,0.793
"450","24","46","15","S10T10P01",0,0.787
"451","24","42","15","S10T10P01",0,0.77
"452","24","34","120","S10T10P01",0.521,0.755
"453","24","42","30","S10T10P01",0,0.77
"454","24","46","5","S10T10P01",0,0.754
"455","24","38","30","S10T10P01",0.188,0.767
"456","24","50","15","S10T10P01",0.406,0.758
"457","24","34","60","S10T10P01",0.626,0.777
"458","24","34","15","S10T10P01",0.734,0.762
"459","24","38","5","S10T10P01",0.641,0.754
"460","24","38","15","S10T10P01",0,0.769
"461","24","34","30","S10T10P01",0,0.752
"462","24","50","5","S10T10P01",0,0.786
"463","24","46","60","S10T10P01",0,0.733
"464","24","38","60","S10T10P01",0.731,0.774
"465","24","38","120","S10T10P01",0,0.765
"466","24","54","5","S10T10P01",0,0.77
"467","24","50","60","S10T10P01",0,0.783
"468","24","42","120","S10T10P01",0,0.758
"469","24","54","60","S10T10P01",0,0.796
"470","24","54","15","S10T10P01",0,0.763
"471","24","42","5","S10T10P01",0.718,0.766
"472","24","50","120","S10T10P01",0,0.765
"473","24","50","30","S10T10P01",0,0.773
"474","24","46","30","S10T10P01",0,0.762
"475","24","42","60","S10T10P01",0,0.737
"476","24","46","120","S10T10P01",0,0.75
"477","3","34","120","S05T05P12",0.325,0.757
"478","3","46","60","S05T05P12",0,0.765
"479","3","42","30","S05T05P12",0.719,0.768
"480","3","34","15","S05T05P12",0.777,0.756
"481","3","34","60","S05T05P12",0.389,0.773
"482","3","46","5","S05T05P12",0.412,0.729
"483","3","54","30","S05T05P12",0,0.762
"484","3","34","30","S05T05P12",0.729,0.764
"485","3","46","30","S05T05P12",0,0.766
"486","3","42","120","S05T05P12",0.74,0.774
"487","3","46","15","S05T05P12",0,0.714
"488","3","38","60","S05T05P12",0.733,0.768
"489","3","38","120","S05T05P12",0.719,0.755
"490","3","42","15","S05T05P12",0.741,0.742
"491","3","50","120","S05T05P12",0,0.744
"492","3","50","60","S05T05P12",0,0.753
"493","3","54","60","S05T05P12",0,0.798
"494","3","54","15","S05T05P12",0,0.739
"495","3","54","5","S05T05P12",0,0.724
"496","3","42","5","S05T05P12",0.732,0.743
"497","3","38","15","S05T05P12",0.755,0.718
"498","3","50","30","S05T05P12",0,0.775
"499","3","50","15","S05T05P12",0.375,0.75
"500","3","42","60","S05T05P12",0.712,0.75
"501","3","38","30","S05T05P12",0.743,0.747
"502","3","50","5","S05T05P12",0.179,0.753
"503","3","46","120","S05T05P12",0,0.741
"504","3","38","5","S05T05P12",0.748,0.749
"505","4","46","60","S10T02P04",0,0.748
"506","4","42","60","S10T02P04",0.617,0.701
"507","4","34","120","S10T02P04",0.309,0.734
"508","4","50","120","S10T02P04",0,0.748
"509","4","34","15","S10T02P04",0.788,0.76
"510","4","34","30","S10T02P04",0.747,0.755
"511","4","46","120","S10T02P04",0,0.749
"512","4","46","30","S10T02P04",0,0.74
"513","4","42","120","S10T02P04",0.689,0.71
"514","4","42","30","S10T02P04",0.719,0.766
"515","4","50","15","S10T02P04",0.374,0.752
"516","4","34","60","S10T02P04",0.209,0.741
"517","4","38","60","S10T02P04",0.699,0.716
"518","4","46","5","S10T02P04",0.36,0.733
"519","4","50","60","S10T02P04",0,0.75
"520","4","54","30","S10T02P04",0,0.742
"521","4","38","120","S10T02P04",0.717,0.746
"522","4","46","15","S10T02P04",0,0.705
"523","4","54","15","S10T02P04",0,0.746
"524","4","42","15","S10T02P04",0.739,0.721
"525","4","38","30","S10T02P04",0.757,0.764
"526","4","38","15","S10T02P04",0.766,0.734
"527","4","54","60","S10T02P04",0,0.774
"528","4","54","5","S10T02P04",0,0.696
"529","4","42","5","S10T02P04",0.764,0.734
"530","4","50","30","S10T02P04",0,0.756
"531","4","38","5","S10T02P04",0.775,0.749
"532","4","50","5","S10T02P04",0.141,0.746
"533","5","34","15","S05T05P12",0.763,0.756
"534","5","34","30","S05T05P12",0.743,0.768
"535","5","50","15","S05T05P12",0,0.756
"536","5","34","120","S05T05P12",0.315,0.746
"537","5","50","120","S05T05P12",0,0.748
"538","5","50","30","S05T05P12",0,0.765
"539","5","46","60","S05T05P12",0,0.755
"540","5","38","5","S05T05P12",0.761,0.756
"541","5","42","60","S05T05P12",0.752,0.754
"542","5","34","60","S05T05P12",0.202,0.749
"543","5","38","30","S05T05P12",0.765,0.763
"544","5","50","5","S05T05P12",0.16,0.769
"545","5","38","15","S05T05P12",0.782,0.745
"546","5","46","120","S05T05P12",0,0.752
"547","5","38","120","S05T05P12",0.693,0.744
"548","5","54","30","S05T05P12",0,0.729
"549","5","46","30","S05T05P12",0,0.748
"550","5","42","30","S05T05P12",0.719,0.775
"551","5","42","15","S05T05P12",0.742,0.752
"552","5","46","5","S05T05P12",0.288,0.747
"553","5","54","15","S05T05P12",0,0.753
"554","5","42","120","S05T05P12",0.687,0.752
"555","5","46","15","S05T05P12",0,0.761
"556","5","38","60","S05T05P12",0.663,0.724
"557","5","50","60","S05T05P12",0,0.763
"558","5","54","5","S05T05P12",0,0.738
"559","5","54","60","S05T05P12",0,0.802
"560","5","42","5","S05T05P12",0.76,0.751
"561","6","34","120","S05T01P01",0.497,0.76
"562","6","34","15","S05T01P01",0.77,0.747
"563","6","34","30","S05T01P01",0.78,0.778
"564","6","46","5","S05T01P01",0.423,0.754
"565","6","46","30","S05T01P01",0,0.76
"566","6","50","30","S05T01P01",0,0.756
"567","6","46","60","S05T01P01",0,0.759
"568","6","34","60","S05T01P01",0.474,0.762
"569","6","38","30","S05T01P01",0.772,0.775
"570","6","50","5","S05T01P01",0,0.764
"571","6","46","15","S05T01P01",0,0.74
"572","6","50","120","S05T01P01",0,0.765
"573","6","38","15","S05T01P01",0.789,0.778
"574","6","38","120","S05T01P01",0.723,0.758
"575","6","38","5","S05T01P01",0.772,0.746
"576","6","50","60","S05T01P01",0,0.726
"577","6","50","15","S05T01P01",0.383,0.739
"578","6","54","30","S05T01P01",0,0.743
"579","6","38","60","S05T01P01",0.743,0.749
"580","6","54","15","S05T01P01",0,0.748
"581","6","42","15","S05T01P01",0.735,0.743
"582","6","46","120","S05T01P01",0,0.738
"583","6","42","120","S05T01P01",0.713,0.759
"584","6","42","60","S05T01P01",0.742,0.747
"585","6","42","30","S05T01P01",0.713,0.759
"586","6","54","5","S05T01P01",0,0.708
"587","6","54","60","S05T01P01",0,0.792
"588","6","42","5","S05T01P01",0.785,0.762
"589","7","34","15","S05T01P11",0.768,0.761
"590","7","50","120","S05T01P11",0,0.762
"591","7","50","60","S05T01P11",0,0.77
"592","7","34","30","S05T01P11",0.725,0.758
"593","7","34","120","S05T01P11",0.551,0.776
"594","7","46","60","S05T01P11",0,0.758
"595","7","38","30","S05T01P11",0.737,0.77
"596","7","54","15","S05T01P11",0,0.751
"597","7","38","15","S05T01P11",0.773,0.753
"598","7","50","15","S05T01P11",0.355,0.748
"599","7","38","5","S05T01P11",0.769,0.776
"600","7","38","120","S05T01P11",0.69,0.756
"601","7","50","30","S05T01P11",0,0.749
"602","7","54","30","S05T01P11",0,0.775
"603","7","46","30","S05T01P11",0,0.747
"604","7","34","60","S05T01P11",0.571,0.779
"605","7","38","60","S05T01P11",0.498,0.77
"606","7","54","60","S05T01P11",0,0.801
"607","7","50","5","S05T01P11",0.174,0.774
"608","7","46","5","S05T01P11",0.395,0.754
"609","7","54","5","S05T01P11",0,0.719
"610","7","42","120","S05T01P11",0.657,0.774
"611","7","42","5","S05T01P11",0.771,0.746
"612","7","42","30","S05T01P11",0.738,0.776
"613","7","46","15","S05T01P11",0,0.776
"614","7","42","15","S05T01P11",0.731,0.751
"615","7","42","60","S05T01P11",0.695,0.747
"616","7","46","120","S05T01P11",0,0.756
"617","8","34","120","S10T02P04",0.429,0.755
"618","8","34","15","S10T02P04",0.762,0.75
"619","8","34","30","S10T02P04",0.744,0.743
"620","8","54","15","S10T02P04",0,0.708
"621","8","50","60","S10T02P04",0,0.755
"622","8","34","60","S10T02P04",0.604,0.768
"623","8","38","60","S10T02P04",0.502,0.735
"624","8","54","60","S10T02P04",0,0.793
"625","8","54","5","S10T02P04",0,0.732
"626","8","38","5","S10T02P04",0.724,0.736
"627","8","38","120","S10T02P04",0.683,0.747
"628","8","54","30","S10T02P04",0,0.764
"629","8","42","120","S10T02P04",0.637,0.758
"630","8","38","30","S10T02P04",0.743,0.725
"631","8","46","60","S10T02P04",0,0.749
"632","8","38","15","S10T02P04",0.768,0.757
"633","8","50","120","S10T02P04",0,0.749
"634","8","42","15","S10T02P04",0.752,0.76
"635","8","50","30","S10T02P04",0,0.747
"636","8","46","30","S10T02P04",0,0.769
"637","8","42","30","S10T02P04",0.667,0.726
"638","8","50","5","S10T02P04",0.13,0.761
"639","8","50","15","S10T02P04",0.381,0.736
"640","8","42","60","S10T02P04",0.581,0.73
"641","8","46","5","S10T02P04",0.542,0.746
"642","8","42","5","S10T02P04",0.768,0.774
"643","8","46","120","S10T02P04",0,0.743
"644","8","46","15","S10T02P04",0,0.742
"645","9","34","60","S05T01P11",0.695,0.761
"646","9","34","120","S05T01P11",0.705,0.773
"647","9","34","30","S05T01P11",0.729,0.759
"648","9","38","120","S05T01P11",0.731,0.772
"649","9","54","5","S05T01P11",0,0.752
"650","9","34","15","S05T01P11",0.767,0.767
"651","9","50","60","S05T01P11",0,0.758
"652","9","38","30","S05T01P11",0.771,0.774
"653","9","54","60","S05T01P11",0,0.787
"654","9","54","15","S05T01P11",0,0.757
"655","9","38","15","S05T01P11",0.771,0.741
"656","9","38","5","S05T01P11",0.76,0.786
"657","9","54","30","S05T01P11",0,0.769
"658","9","42","120","S05T01P11",0.672,0.767
"659","9","50","30","S05T01P11",0,0.775
"660","9","38","60","S05T01P11",0.751,0.744
"661","9","42","15","S05T01P11",0.739,0.768
"662","9","50","5","S05T01P11",0.2,0.759
"663","9","42","5","S05T01P11",0.764,0.738
"664","9","50","120","S05T01P11",0,0.764
"665","9","42","30","S05T01P11",0.742,0.782
"666","9","50","15","S05T01P11",0,0.745
"667","9","46","60","S05T01P11",0,0.716
"668","9","46","30","S05T01P11",0,0.774
"669","9","46","5","S05T01P11",0.442,0.747
"670","9","42","60","S05T01P11",0.644,0.752
"671","9","46","15","S05T01P11",0,0.77
"672","9","46","120","S05T01P11",0,0.737
"673","1","34","120","S9T07P01",0.615,0.713
"674","1","42","60","S9T07P01",0.661,0.674
"675","1","38","120","S9T07P01",0.754,0.709
"676","1","38","60","S9T07P01",0.705,0.744
"677","1","34","30","S9T07P01",0.277,0.653
"678","1","46","30","S9T07P01",0,0.734
"679","1","54","15","S9T07P01",0,0.71
"680","1","46","60","S9T07P01",0,0.744
"681","1","38","5","S9T07P01",0.471,0.709
"682","1","46","15","S9T07P01",0,0.71
"683","1","34","15","S9T07P01",0.638,0.751
"684","1","42","15","S9T07P01",0,0.751
"685","1","50","5","S9T07P01",0,0.707
"686","1","42","5","S9T07P01",0.38,0.677
"687","1","54","5","S9T07P01",0,0.748
"688","1","50","15","S9T07P01",0,0.669
"689","1","42","120","S9T07P01",0.52,0.737
"690","1","38","15","S9T07P01",0,0.666
"691","1","38","30","S9T07P01",0.5,0.74
"692","1","46","120","S9T07P01",0,0.713
"693","1","46","5","S9T07P01",0.35,0.761
"694","1","34","60","S9T07P01",0.091,0.714
"695","1","42","30","S9T07P01",0,0.642
"696","1","50","60","S9T07P01",0,0.759
"697","1","54","30","S9T07P01",0.077,0.759
"698","1","50","120","S9T07P01",0,0.731
"699","1","54","60","S9T07P01",0.071,0.702
"700","1","50","30","S9T07P01",0,0.749
"701","10","50","5","S14T03P04",0.339,0.723
"702","10","42","120","S14T03P04",0.651,0.743
"703","10","34","30","S14T03P04",0.617,0.699
"704","10","34","120","S14T03P04",0.714,0.734
"705","10","46","60","S14T03P04",0,0.726
"706","10","50","30","S14T03P04",0,0.735
"707","10","50","120","S14T03P04",0,0.676
"708","10","42","15","S14T03P04",0.616,0.731
"709","10","38","120","S14T03P04",0.73,0.724
"710","10","46","15","S14T03P04",0.653,0.74
"711","10","54","15","S14T03P04",0,0.717
"712","10","38","5","S14T03P04",0.647,0.712
"713","10","34","15","S14T03P04",0.718,0.736
"714","10","50","15","S14T03P04",0.148,0.741
"715","10","50","60","S14T03P04",0,0.719
"716","10","54","5","S14T03P04",0,0.727
"717","10","42","30","S14T03P04",0.647,0.708
"718","10","34","60","S14T03P04",0.66,0.722
"719","10","54","30","S14T03P04",0,0.721
"720","10","54","60","S14T03P04",0,0.713
"721","10","38","60","S14T03P04",0.705,0.757
"722","10","38","15","S14T03P04",0.586,0.726
"723","10","46","30","S14T03P04",0,0.708
"724","10","42","60","S14T03P04",0.713,0.752
"725","10","46","120","S14T03P04",0,0.728
"726","10","42","5","S14T03P04",0.671,0.716
"727","10","46","5","S14T03P04",0,0.747
"728","10","38","30","S14T03P04",0.683,0.699
"729","11","38","15","S07T09P05",0.724,0.747
"730","11","34","30","S07T09P05",0.708,0.75
"731","11","38","5","S07T09P05",0.305,0.699
"732","11","42","120","S07T09P05",0.706,0.739
"733","11","42","15","S07T09P05",0.516,0.761
"734","11","50","30","S07T09P05",0,0.744
"735","11","38","120","S07T09P05",0.766,0.728
"736","11","38","60","S07T09P05",0.737,0.752
"737","11","50","15","S07T09P05",0,0.747
"738","11","54","5","S07T09P05",0,0.73
"739","11","42","30","S07T09P05",0.731,0.754
"740","11","38","30","S07T09P05",0.699,0.744
"741","11","46","30","S07T09P05",0,0.731
"742","11","42","60","S07T09P05",0.688,0.733
"743","11","34","15","S07T09P05",0.735,0.759
"744","11","54","15","S07T09P05",0,0.757
"745","11","34","60","S07T09P05",0.594,0.736
"746","11","46","15","S07T09P05",0,0.751
"747","11","50","120","S07T09P05",0,0.754
"748","11","42","5","S07T09P05",0.714,0.74
"749","11","50","60","S07T09P05",0,0.75
"750","11","54","60","S07T09P05",0.063,0.725
"751","11","46","120","S07T09P05",0,0.747
"752","11","46","60","S07T09P05",0,0.773
"753","11","54","30","S07T09P05",0.059,0.757
"754","11","46","5","S07T09P05",0.459,0.749
"755","11","50","5","S07T09P05",0.306,0.751
"756","11","34","120","S07T09P05",0.644,0.726
"757","12","42","120","S9T07P01",0.588,0.691
"758","12","50","5","S9T07P01",0,0.702
"759","12","34","120","S9T07P01",0.636,0.71
"760","12","38","60","S9T07P01",0.734,0.738
"761","12","38","5","S9T07P01",0.632,0.746
"762","12","54","15","S9T07P01",0,0.734
"763","12","38","120","S9T07P01",0.77,0.724
"764","12","42","15","S9T07P01",0.659,0.736
"765","12","50","30","S9T07P01",0,0.712
"766","12","34","30","S9T07P01",0.661,0.721
"767","12","42","60","S9T07P01",0.691,0.755
"768","12","46","60","S9T07P01",0,0.763
"769","12","46","15","S9T07P01",0,0.724
"770","12","50","120","S9T07P01",0,0.724
"771","12","50","15","S9T07P01",0,0.722
"772","12","54","5","S9T07P01",0,0.718
"773","12","34","15","S9T07P01",0.692,0.73
"774","12","42","5","S9T07P01",0.675,0.73
"775","12","50","60","S9T07P01",0,0.749
"776","12","54","60","S9T07P01",0.061,0.733
"777","12","38","30","S9T07P01",0.718,0.715
"778","12","42","30","S9T07P01",0.608,0.726
"779","12","34","60","S9T07P01",0.654,0.737
"780","12","54","30","S9T07P01",0.051,0.73
"781","12","38","15","S9T07P01",0.563,0.722
"782","12","46","30","S9T07P01",0,0.749
"783","12","46","5","S9T07P01",0.408,0.735
"784","12","46","120","S9T07P01",0,0.746
"785","13","38","5","S14T05P12",0.457,0.759
"786","13","50","30","S14T05P12",0,0.769
"787","13","50","15","S14T05P12",0.079,0.762
"788","13","42","15","S14T05P12",0.618,0.754
"789","13","38","60","S14T05P12",0.736,0.756
"790","13","42","120","S14T05P12",0.711,0.758
"791","13","34","30","S14T05P12",0.547,0.747
"792","13","54","5","S14T05P12",0,0.735
"793","13","38","120","S14T05P12",0.745,0.749
"794","13","54","15","S14T05P12",0,0.764
"795","13","42","30","S14T05P12",0.669,0.747
"796","13","46","60","S14T05P12",0,0.752
"797","13","50","120","S14T05P12",0,0.777
"798","13","34","120","S14T05P12",0.573,0.726
"799","13","50","5","S14T05P12",0.279,0.775
"800","13","42","5","S14T05P12",0.72,0.761
"801","13","46","30","S14T05P12",0.096,0.767
"802","13","46","15","S14T05P12",0.388,0.749
"803","13","42","60","S14T05P12",0.73,0.744
"804","13","34","15","S14T05P12",0.442,0.757
"805","13","38","15","S14T05P12",0.712,0.744
"806","13","54","60","S14T05P12",0.065,0.72
"807","13","38","30","S14T05P12",0.438,0.744
"808","13","50","60","S14T05P12",0,0.766
"809","13","34","60","S14T05P12",0.327,0.717
"810","13","54","30","S14T05P12",0.044,0.727
"811","13","46","120","S14T05P12",0,0.772
"812","13","46","5","S14T05P12",0.503,0.77
"813","14","34","30","S13T10P03",0.161,0.654
"814","14","46","15","S13T10P03",0.642,0.777
"815","14","38","120","S13T10P03",0.685,0.742
"816","14","42","120","S13T10P03",0.739,0.775
"817","14","34","60","S13T10P03",0.495,0.723
"818","14","38","30","S13T10P03",0.716,0.756
"819","14","34","120","S13T10P03",0.273,0.69
"820","14","38","15","S13T10P03",0.555,0.719
"821","14","38","5","S13T10P03",0.175,0.708
"822","14","54","60","S13T10P03",0.056,0.746
"823","14","42","60","S13T10P03",0.651,0.744
"824","14","38","60","S13T10P03",0.712,0.739
"825","14","54","15","S13T10P03",0,0.775
"826","14","42","15","S13T10P03",0.53,0.763
"827","14","46","60","S13T10P03",0,0.79
"828","14","42","5","S13T10P03",0.364,0.737
"829","14","54","5","S13T10P03",0,0.749
"830","14","34","15","S13T10P03",0.483,0.765
"831","14","50","60","S13T10P03",0,0.74
"832","14","42","30","S13T10P03",0.572,0.735
"833","14","50","15","S13T10P03",0,0.672
"834","14","46","120","S13T10P03",0,0.747
"835","14","46","30","S13T10P03",0,0.747
"836","14","54","30","S13T10P03",0.057,0.789
"837","14","46","5","S13T10P03",0.45,0.736
"838","14","50","30","S13T10P03",0,0.708
"839","14","50","120","S13T10P03",0,0.736
"840","14","50","5","S13T10P03",0.13,0.695
"841","15","50","15","S14T04P02",0.233,0.706
"842","15","46","60","S14T04P02",0,0.765
"843","15","50","120","S14T04P02",0,0.731
"844","15","50","30","S14T04P02",0,0.694
"845","15","38","5","S14T04P02",0.677,0.759
"846","15","42","15","S14T04P02",0.718,0.759
"847","15","42","5","S14T04P02",0.658,0.728
"848","15","50","5","S14T04P02",0.41,0.742
"849","15","54","15","S14T04P02",0,0.71
"850","15","38","60","S14T04P02",0.757,0.773
"851","15","42","30","S14T04P02",0.708,0.734
"852","15","38","120","S14T04P02",0.784,0.736
"853","15","42","120","S14T04P02",0.524,0.717
"854","15","34","30","S14T04P02",0.569,0.71
"855","15","54","5","S14T04P02",0,0.74
"856","15","42","60","S14T04P02",0.722,0.749
"857","15","34","120","S14T04P02",0.712,0.748
"858","15","46","15","S14T04P02",0.475,0.758
"859","15","46","5","S14T04P02",0.453,0.746
"860","15","46","120","S14T04P02",0,0.746
"861","15","34","15","S14T04P02",0.741,0.762
"862","15","46","30","S14T04P02",0,0.742
"863","15","50","60","S14T04P02",0,0.747
"864","15","38","15","S14T04P02",0.643,0.736
"865","15","38","30","S14T04P02",0.685,0.783
"866","15","54","60","S14T04P02",0.065,0.688
"867","15","54","30","S14T04P02",0.053,0.75
"868","15","34","60","S14T04P02",0.665,0.746
"869","16","38","5","S06T01P06",0.716,0.738
"870","16","38","120","S06T01P06",0.772,0.745
"871","16","34","30","S06T01P06",0.693,0.733
"872","16","34","60","S06T01P06",0.724,0.755
"873","16","42","60","S06T01P06",0,0
"874","16","38","15","S06T01P06",0.713,0.749
"875","16","46","15","S06T01P06",0,0.758
"876","16","34","15","S06T01P06",0.737,0.752
"877","16","42","5","S06T01P06",0.734,0.76
"878","16","34","120","S06T01P06",0,0
"879","16","38","30","S06T01P06",0.75,0.769
"880","16","42","120","S06T01P06",0.574,0.746
"881","16","46","120","S06T01P06",0,0.76
"882","16","46","60","S06T01P06",0,0.777
"883","16","46","30","S06T01P06",0,0
"884","16","54","60","S06T01P06",0.059,0.749
"885","16","54","5","S06T01P06",0,0.75
"886","16","38","60","S06T01P06",0.74,0.772
"887","16","54","15","S06T01P06",0,0.754
"888","16","42","15","S06T01P06",0.743,0.767
"889","16","54","30","S06T01P06",0.051,0.749
"890","16","46","5","S06T01P06",0.355,0.747
"891","16","50","60","S06T01P06",0,0.761
"892","16","42","30","S06T01P06",0.742,0.733
"893","16","50","15","S06T01P06",0.074,0.775
"894","16","50","120","S06T01P06",0,0.758
"895","16","50","30","S06T01P06",0,0.723
"896","16","50","5","S06T01P06",0.379,0.749
"897","17","50","120","S06T02P29",0,0.734
"898","17","50","30","S06T02P29",0,0.756
"899","17","34","30","S06T02P29",0.58,0.684
"900","17","46","60","S06T02P29",0,0.773
"901","17","50","15","S06T02P29",0,0.651
"902","17","42","15","S06T02P29",0.701,0.747
"903","17","50","5","S06T02P29",0.343,0.704
"904","17","38","60","S06T02P29",0.742,0.773
"905","17","54","15","S06T02P29",0,0.727
"906","17","42","120","S06T02P29",0.485,0.701
"907","17","54","5","S06T02P29",0,0.745
"908","17","38","5","S06T02P29",0.693,0.746
"909","17","34","120","S06T02P29",0.705,0.735
"910","17","42","5","S06T02P29",0.695,0.719
"911","17","50","60","S06T02P29",0,0.749
"912","17","42","60","S06T02P29",0.666,0.649
"913","17","42","30","S06T02P29",0.595,0.712
"914","17","38","120","S06T02P29",0.758,0.753
"915","17","46","30","S06T02P29",0,0.707
"916","17","54","60","S06T02P29",0,0.725
"917","17","54","30","S06T02P29",0.07,0.742
"918","17","46","15","S06T02P29",0,0.757
"919","17","46","120","S06T02P29",0,0.752
"920","17","46","5","S06T02P29",0.359,0.749
"921","17","34","60","S06T02P29",0.713,0.739
"922","17","34","15","S06T02P29",0.728,0.752
"923","17","38","15","S06T02P29",0.636,0.72
"924","17","38","30","S06T02P29",0.723,0.699
"925","18","38","120","S14T04P02",0.757,0.745
"926","18","34","30","S14T04P02",0.627,0.711
"927","18","38","15","S14T04P02",0.639,0.709
"928","18","42","120","S14T04P02",0.537,0.72
"929","18","46","30","S14T04P02",0,0.76
"930","18","38","5","S14T04P02",0.456,0.756
"931","18","42","60","S14T04P02",0.695,0.682
"932","18","34","15","S14T04P02",0.677,0.732
"933","18","42","15","S14T04P02",0.643,0.744
"934","18","38","30","S14T04P02",0.636,0.755
"935","18","34","60","S14T04P02",0.696,0.729
"936","18","46","60","S14T04P02",0,0.748
"937","18","46","15","S14T04P02",0.535,0.735
"938","18","46","120","S14T04P02",0,0.748
"939","18","38","60","S14T04P02",0.726,0.706
"940","18","42","5","S14T04P02",0.734,0.773
"941","18","34","120","S14T04P02",0.628,0.746
"942","18","46","5","S14T04P02",0.4,0.741
"943","18","50","15","S14T04P02",0.155,0.728
"944","18","50","30","S14T04P02",0,0.758
"945","18","54","60","S14T04P02",0.084,0.725
"946","18","54","5","S14T04P02",0,0.755
"947","18","50","120","S14T04P02",0,0.767
"948","18","54","15","S14T04P02",0,0.762
"949","18","50","60","S14T04P02",0,0.728
"950","18","42","30","S14T04P02",0.72,0.755
"951","18","50","5","S14T04P02",0.285,0.741
"952","18","54","30","S14T04P02",0,0.783
"953","19","50","120","S09T05P02",0,0.753
"954","19","34","120","S09T05P02",0.636,0.713
"955","19","46","60","S09T05P02",0,0.717
"956","19","50","30","S09T05P02",0,0.722
"957","19","34","30","S09T05P02",0.72,0.756
"958","19","50","5","S09T05P02",0.257,0.712
"959","19","54","15","S09T05P02",0,0.728
"960","19","50","15","S09T05P02",0,0.751
"961","19","38","120","S09T05P02",0.707,0.723
"962","19","54","5","S09T05P02",0,0.739
"963","19","54","30","S09T05P02",0.061,0.745
"964","19","50","60","S09T05P02",0,0.748
"965","19","42","15","S09T05P02",0.524,0.684
"966","19","38","60","S09T05P02",0.735,0.77
"967","19","38","5","S09T05P02",0.613,0.716
"968","19","42","30","S09T05P02",0.695,0.735
"969","19","42","120","S09T05P02",0,0.749
"970","19","54","60","S09T05P02",0.071,0.679
"971","19","34","15","S09T05P02",0.777,0.747
"972","19","42","5","S09T05P02",0.703,0.745
"973","19","46","30","S09T05P02",0,0.76
"974","19","42","60","S09T05P02",0.472,0.751
"975","19","38","15","S09T05P02",0.545,0.723
"976","19","34","60","S09T05P02",0.518,0.7
"977","19","46","5","S09T05P02",0.317,0.69
"978","19","46","15","S09T05P02",0,0.761
"979","19","46","120","S09T05P02",0,0.761
"980","19","38","30","S09T05P02",0.604,0.742
"981","2","38","120","S14T04P02",0.792,0.715
"982","2","42","5","S14T04P02",0.177,0.73
"983","2","34","30","S14T04P02",0.28,0.724
"984","2","38","15","S14T04P02",0.126,0.732
"985","2","42","60","S14T04P02",0.742,0.77
"986","2","46","120","S14T04P02",0,0.778
"987","2","46","15","S14T04P02",0.709,0.755
"988","2","38","5","S14T04P02",0.446,0.705
"989","2","46","5","S14T04P02",0.439,0.733
"990","2","34","60","S14T04P02",0.505,0.694
"991","2","46","30","S14T04P02",0,0.741
"992","2","34","15","S14T04P02",0.531,0.749
"993","2","34","120","S14T04P02",0.592,0.747
"994","2","38","30","S14T04P02",0.379,0.76
"995","2","42","120","S14T04P02",0.712,0.742
"996","2","54","15","S14T04P02",0,0.73
"997","2","50","120","S14T04P02",0,0.77
"998","2","42","15","S14T04P02",0,0.703
"999","2","46","60","S14T04P02",0,0.767
"1000","2","38","60","S14T04P02",0.628,0.751
"1001","2","50","30","S14T04P02",0,0.731
"1002","2","50","15","S14T04P02",0.122,0.727
"1003","2","50","60","S14T04P02",0,0.762
"1004","2","54","5","S14T04P02",0,0.749
"1005","2","42","30","S14T04P02",0.388,0.723
"1006","2","50","5","S14T04P02",0.157,0.728
"1007","2","54","30","S14T04P02",0.076,0.757
"1008","2","54","60","S14T04P02",0.054,0.716
"1009","20","42","120","S14T05P12",0.374,0.738
"1010","20","38","5","S14T05P12",0.653,0.754
"1011","20","38","15","S14T05P12",0.762,0.758
"1012","20","38","120","S14T05P12",0.765,0.741
"1013","20","34","30","S14T05P12",0.732,0.732
"1014","20","38","60","S14T05P12",0.739,0.759
"1015","20","34","15","S14T05P12",0.748,0.729
"1016","20","38","30","S14T05P12",0.684,0.731
"1017","20","42","15","S14T05P12",0.692,0.759
"1018","20","42","60","S14T05P12",0.571,0.741
"1019","20","54","15","S14T05P12",0,0.759
"1020","20","46","30","S14T05P12",0.147,0.733
"1021","20","34","60","S14T05P12",0.715,0.709
"1022","20","50","120","S14T05P12",0,0.747
"1023","20","46","15","S14T05P12",0.255,0.758
"1024","20","54","5","S14T05P12",0,0.692
"1025","20","46","60","S14T05P12",0,0.724
"1026","20","46","5","S14T05P12",0.612,0.759
"1027","20","50","30","S14T05P12",0,0.739
"1028","20","46","120","S14T05P12",0,0.741
"1029","20","42","5","S14T05P12",0.748,0.73
"1030","20","34","120","S14T05P12",0.746,0.733
"1031","20","42","30","S14T05P12",0.772,0.77
"1032","20","50","15","S14T05P12",0.112,0.731
"1033","20","54","60","S14T05P12",0,0.693
"1034","20","54","30","S14T05P12",0.075,0.759
"1035","20","50","60","S14T05P12",0,0.712
"1036","20","50","5","S14T05P12",0.46,0.754
"1037","21","38","5","S13T10P03",0.685,0.689
"1038","21","50","30","S13T10P03",0,0.748
"1039","21","34","30","S13T10P03",0.713,0.741
"1040","21","34","120","S13T10P03",0.749,0.741
"1041","21","46","60","S13T10P03",0,0.699
"1042","21","38","60","S13T10P03",0.71,0.737
"1043","21","50","120","S13T10P03",0,0.754
"1044","21","50","5","S13T10P03",0.387,0.741
"1045","21","38","120","S13T10P03",0.727,0.735
"1046","21","42","120","S13T10P03",0.468,0.71
"1047","21","54","15","S13T10P03",0,0.764
"1048","21","42","60","S13T10P03",0.524,0.717
"1049","21","34","15","S13T10P03",0.726,0.723
"1050","21","50","15","S13T10P03",0,0.735
"1051","21","50","60","S13T10P03",0,0.741
"1052","21","54","5","S13T10P03",0,0.711
"1053","21","42","30","S13T10P03",0.759,0.731
"1054","21","34","60","S13T10P03",0.707,0.715
"1055","21","54","30","S13T10P03",0,0.726
"1056","21","42","15","S13T10P03",0.705,0.753
"1057","21","54","60","S13T10P03",0.055,0.701
"1058","21","38","15","S13T10P03",0.769,0.763
"1059","21","46","15","S13T10P03",0.367,0.742
"1060","21","46","120","S13T10P03",0,0.754
"1061","21","42","5","S13T10P03",0.74,0
"1062","21","46","5","S13T10P03",0.385,0.71
"1063","21","46","30","S13T10P03",0,0.731
"1064","21","38","30","S13T10P03",0.731,0.744
"1065","22","38","120","S06T01P06",0.761,0.769
"1066","22","34","30","S06T01P06",0.691,0.748
"1067","22","46","60","S06T01P06",0,0.766
"1068","22","38","60","S06T01P06",0.731,0.773
"1069","22","38","15","S06T01P06",0.723,0.74
"1070","22","38","5","S06T01P06",0.704,0.747
"1071","22","42","15","S06T01P06",0.743,0.753
"1072","22","50","120","S06T01P06",0,0.739
"1073","22","42","120","S06T01P06",0.513,0.758
"1074","22","54","5","S06T01P06",0,0.751
"1075","22","42","30","S06T01P06",0.72,0.731
"1076","22","38","30","S06T01P06",0.736,0.752
"1077","22","34","60","S06T01P06",0.729,0.76
"1078","22","42","60","S06T01P06",0.706,0.728
"1079","22","34","15","S06T01P06",0.722,0.752
"1080","22","54","15","S06T01P06",0,0.764
"1081","22","46","30","S06T01P06",0.096,0.748
"1082","22","46","15","S06T01P06",0,0.746
"1083","22","42","5","S06T01P06",0.757,0.746
"1084","22","50","60","S06T01P06",0,0.762
"1085","22","54","60","S06T01P06",0,0.753
"1086","22","46","120","S06T01P06",0,0.737
"1087","22","54","30","S06T01P06",0.051,0.76
"1088","22","46","5","S06T01P06",0.405,0.735
"1089","22","50","30","S06T01P06",0,0.751
"1090","22","50","5","S06T01P06",0.323,0.728
"1091","22","34","120","S06T01P06",0.716,0.742
"1092","22","50","15","S06T01P06",0,0.728
"1093","23","34","30","S09T05P02",0.728,0.732
"1094","23","50","5","S09T05P02",0.281,0.732
"1095","23","42","120","S09T05P02",0.519,0.749
"1096","23","38","60","S09T05P02",0.677,0.759
"1097","23","38","5","S09T05P02",0.556,0.722
"1098","23","34","120","S09T05P02",0.709,0.727
"1099","23","42","15","S09T05P02",0.548,0.707
"1100","23","42","60","S09T05P02",0.607,0.662
"1101","23","46","60","S09T05P02",0,0.757
"1102","23","54","15","S09T05P02",0,0.774
"1103","23","50","30","S09T05P02",0,0.748
"1104","23","38","120","S09T05P02",0.631,0.72
"1105","23","54","5","S09T05P02",0,0.712
"1106","23","46","15","S09T05P02",0.081,0.734
"1107","23","50","15","S09T05P02",0,0.743
"1108","23","34","15","S09T05P02",0.763,0.741
"1109","23","54","30","S09T05P02",0.071,0.748
"1110","23","42","5","S09T05P02",0.686,0.721
"1111","23","50","60","S09T05P02",0,0.738
"1112","23","38","30","S09T05P02",0.565,0.726
"1113","23","42","30","S09T05P02",0.746,0.73
"1114","23","34","60","S09T05P02",0.34,0.664
"1115","23","50","120","S09T05P02",0,0.748
"1116","23","54","60","S09T05P02",0.057,0.711
"1117","23","38","15","S09T05P02",0.778,0.749
"1118","23","46","120","S09T05P02",0,0.728
"1119","23","46","30","S09T05P02",0,0.717
"1120","23","46","5","S09T05P02",0.44,0.746
"1121","24","38","5","S13T07P01",0,0.547
"1122","24","50","120","S13T07P01",0,0.753
"1123","24","46","60","S13T07P01",0,0.754
"1124","24","42","15","S13T07P01",0.2,0.678
"1125","24","38","60","S13T07P01",0.737,0.762
"1126","24","42","120","S13T07P01",0.384,0.744
"1127","24","34","30","S13T07P01",0.656,0.734
"1128","24","54","5","S13T07P01",0,0.737
"1129","24","38","120","S13T07P01",0.751,0.762
"1130","24","54","15","S13T07P01",0,0.768
"1131","24","42","30","S13T07P01",0.695,0.726
"1132","24","42","60","S13T07P01",0.69,0.743
"1133","24","34","120","S13T07P01",0.688,0.745
"1134","24","50","30","S13T07P01",0,0.733
"1135","24","50","5","S13T07P01",0.291,0.744
"1136","24","50","15","S13T07P01",0,0.741
"1137","24","42","5","S13T07P01",0.724,0.735
"1138","24","46","30","S13T07P01",0,0.75
"1139","24","34","15","S13T07P01",0.727,0.739
"1140","24","38","15","S13T07P01",0.586,0.741
"1141","24","54","60","S13T07P01",0.055,0.733
"1142","24","46","120","S13T07P01",0,0.739
"1143","24","38","30","S13T07P01",0.298,0.713
"1144","24","46","15","S13T07P01",0,0.71
"1145","24","34","60","S13T07P01",0.519,0.708
"1146","24","50","60","S13T07P01",0,0.743
"1147","24","54","30","S13T07P01",0.052,0.763
"1148","24","46","5","S13T07P01",0.449,0.721
"1149","25","42","60","S07T08P02",0.726,0.744
"1150","25","38","120","S07T08P02",0.727,0.748
"1151","25","38","30","S07T08P02",0.72,0.736
"1152","25","34","30","S07T08P02",0.682,0.735
"1153","25","42","120","S07T08P02",0.714,0.753
"1154","25","34","60","S07T08P02",0.675,0.721
"1155","25","38","5","S07T08P02",0.463,0.724
"1156","25","34","120","S07T08P02",0.675,0.714
"1157","25","38","15","S07T08P02",0.718,0.723
"1158","25","54","60","S07T08P02",0.069,0.712
"1159","25","54","5","S07T08P02",0,0.721
"1160","25","38","60","S07T08P02",0.718,0.748
"1161","25","54","15","S07T08P02",0,0.752
"1162","25","42","15","S07T08P02",0.474,0.709
"1163","25","46","60","S07T08P02",0,0.757
"1164","25","46","15","S07T08P02",0.189,0.737
"1165","25","34","15","S07T08P02",0.705,0.73
"1166","25","50","60","S07T08P02",0,0.746
"1167","25","50","15","S07T08P02",0,0.751
"1168","25","46","120","S07T08P02",0,0.751
"1169","25","42","5","S07T08P02",0.679,0.749
"1170","25","42","30","S07T08P02",0.715,0.708
"1171","25","50","30","S07T08P02",0,0.742
"1172","25","54","30","S07T08P02",0.076,0.735
"1173","25","46","5","S07T08P02",0.702,0.743
"1174","25","46","30","S07T08P02",0,0.715
"1175","25","50","5","S07T08P02",0.205,0.738
"1176","25","50","120","S07T08P02",0,0.742
"1177","26","46","60","S13T10P03",0,0.776
"1178","26","50","120","S13T10P03",0,0.756
"1179","26","50","30","S13T10P03",0,0.72
"1180","26","50","15","S13T10P03",0.223,0.712
"1181","26","42","120","S13T10P03",0.175,0.765
"1182","26","38","5","S13T10P03",0.657,0.744
"1183","26","42","5","S13T10P03",0.7,0.747
"1184","26","50","5","S13T10P03",0.423,0.717
"1185","26","42","15","S13T10P03",0.755,0.775
"1186","26","38","60","S13T10P03",0.306,0.758
"1187","26","42","30","S13T10P03",0.626,0.693
"1188","26","38","120","S13T10P03",0.368,0.748
"1189","26","34","30","S13T10P03",0.658,0.731
"1190","26","54","5","S13T10P03",0,0.73
"1191","26","42","60","S13T10P03",0,0.734
"1192","26","54","15","S13T10P03",0,0.73
"1193","26","46","30","S13T10P03",0,0.771
"1194","26","46","15","S13T10P03",0,0.766
"1195","26","34","120","S13T10P03",0.663,0.697
"1196","26","46","5","S13T10P03",0,0.763
"1197","26","46","120","S13T10P03",0,0.709
"1198","26","50","60","S13T10P03",0,0.751
"1199","26","34","15","S13T10P03",0.713,0.723
"1200","26","38","15","S13T10P03",0.749,0.773
"1201","26","38","30","S13T10P03",0.756,0.785
"1202","26","54","60","S13T10P03",0,0.73
"1203","26","34","60","S13T10P03",0.708,0.742
"1204","26","54","30","S13T10P03",0,0.76
"1205","27","38","120","S14T03P04",0.324,0.691
"1206","27","34","30","S14T03P04",0.656,0.723
"1207","27","38","15","S14T03P04",0.671,0.695
"1208","27","42","60","S14T03P04",0,0.668
"1209","27","34","60","S14T03P04",0.716,0.719
"1210","27","46","15","S14T03P04",0,0.721
"1211","27","46","30","S14T03P04",0,0.756
"1212","27","34","15","S14T03P04",0.758,0.754
"1213","27","34","120","S14T03P04",0.676,0.72
"1214","27","38","30","S14T03P04",0.716,0.763
"1215","27","42","120","S14T03P04",0.286,0.736
"1216","27","46","120","S14T03P04",0,0.712
"1217","27","38","5","S14T03P04",0.716,0.744
"1218","27","54","60","S14T03P04",0,0.72
"1219","27","54","5","S14T03P04",0,0.753
"1220","27","38","60","S14T03P04",0.237,0.728
"1221","27","54","15","S14T03P04",0,0.691
"1222","27","50","60","S14T03P04",0,0.754
"1223","27","42","15","S14T03P04",0.752,0.754
"1224","27","46","60","S14T03P04",0,0.787
"1225","27","42","5","S14T03P04",0.656,0.726
"1226","27","42","30","S14T03P04",0.7,0.693
"1227","27","46","5","S14T03P04",0.422,0.731
"1228","27","54","30","S14T03P04",0.042,0.754
"1229","27","50","15","S14T03P04",0.205,0.719
"1230","27","50","30","S14T03P04",0,0.758
"1231","27","50","120","S14T03P04",0,0.739
"1232","27","50","5","S14T03P04",0.359,0.738
"1233","28","50","120","S9T07P01",0,0.714
"1234","28","46","60","S9T07P01",0,0.737
"1235","28","50","30","S9T07P01",0,0.729
"1236","28","50","15","S9T07P01",0,0.663
"1237","28","34","120","S9T07P01",0.73,0.719
"1238","28","42","15","S9T07P01",0.727,0.753
"1239","28","50","5","S9T07P01",0.297,0.687
"1240","28","54","15","S9T07P01",0,0.731
"1241","28","38","5","S9T07P01",0.708,0.719
"1242","28","38","60","S9T07P01",0.375,0.736
"1243","28","42","120","S9T07P01",0,0.701
"1244","28","54","5","S9T07P01",0,0.708
"1245","28","42","5","S9T07P01",0.726,0.686
"1246","28","50","60","S9T07P01",0,0.726
"1247","28","54","30","S9T07P01",0.052,0.728
"1248","28","42","60","S9T07P01",0,0.665
"1249","28","42","30","S9T07P01",0.602,0.683
"1250","28","38","120","S9T07P01",0.619,0.728
"1251","28","46","30","S9T07P01",0,0.725
"1252","28","34","30","S9T07P01",0.604,0.667
"1253","28","34","15","S9T07P01",0.761,0.741
"1254","28","46","15","S9T07P01",0,0.723
"1255","28","46","120","S9T07P01",0,0.701
"1256","28","46","5","S9T07P01",0.362,0.737
"1257","28","54","60","S9T07P01",0.041,0.695
"1258","28","38","15","S9T07P01",0.567,0.691
"1259","28","38","30","S9T07P01",0.74,0.729
"1260","28","34","60","S9T07P01",0.719,0.721
"1261","29","34","30","S13T07P01",0.692,0.7
"1262","29","38","5","S13T07P01",0.258,0.668
"1263","29","42","120","S13T07P01",0,0.717
"1264","29","42","15","S13T07P01",0.43,0.665
"1265","29","42","30","S13T07P01",0.728,0.746
"1266","29","38","60","S13T07P01",0.177,0.773
"1267","29","42","60","S13T07P01",0,0.739
"1268","29","34","60","S13T07P01",0.625,0.707
"1269","29","34","120","S13T07P01",0.718,0.733
"1270","29","46","30","S13T07P01",0.092,0.761
"1271","29","38","120","S13T07P01",0.329,0.703
"1272","29","46","60","S13T07P01",0,0.755
"1273","29","34","15","S13T07P01",0.743,0.73
"1274","29","46","15","S13T07P01",0,0.74
"1275","29","46","120","S13T07P01",0,0.751
"1276","29","50","120","S13T07P01",0,0.721
"1277","29","42","5","S13T07P01",0.754,0.755
"1278","29","38","30","S13T07P01",0.536,0.726
"1279","29","50","15","S13T07P01",0.091,0.765
"1280","29","38","15","S13T07P01",0.716,0.73
"1281","29","54","60","S13T07P01",0.037,0.742
"1282","29","54","5","S13T07P01",0,0.624
"1283","29","54","15","S13T07P01",0,0.759
"1284","29","50","60","S13T07P01",0,0.748
"1285","29","50","30","S13T07P01",0,0.751
"1286","29","46","5","S13T07P01",0.398,0.727
"1287","29","50","5","S13T07P01",0.36,0.751
"1288","29","54","30","S13T07P01",0.063,0.739
"1289","3","42","60","S13T07P01",0.692,0.729
"1290","3","50","120","S13T07P01",0,0.726
"1291","3","50","30","S13T07P01",0,0.74
"1292","3","46","60","S13T07P01",0,0.753
"1293","3","42","120","S13T07P01",0.687,0.755
"1294","3","46","120","S13T07P01",0,0.756
"1295","3","46","5","S13T07P01",0.416,0.756
"1296","3","46","15","S13T07P01",0,0.756
"1297","3","50","15","S13T07P01",0,0.742
"1298","3","50","5","S13T07P01",0,0.736
"1299","3","38","60","S13T07P01",0.754,0.768
"1300","3","54","15","S13T07P01",0,0.731
"1301","3","42","15","S13T07P01",0,0.71
"1302","3","46","30","S13T07P01",0,0.723
"1303","3","38","5","S13T07P01",0.108,0.665
"1304","3","34","120","S13T07P01",0.292,0.719
"1305","3","54","5","S13T07P01",0,0.67
"1306","3","42","30","S13T07P01",0,0.725
"1307","3","34","60","S13T07P01",0,0.729
"1308","3","42","5","S13T07P01",0.066,0.752
"1309","3","50","60","S13T07P01",0,0.749
"1310","3","38","120","S13T07P01",0.759,0.74
"1311","3","34","30","S13T07P01",0.061,0.735
"1312","3","54","30","S13T07P01",0.07,0.724
"1313","3","38","30","S13T07P01",0,0.688
"1314","3","38","15","S13T07P01",0.174,0.738
"1315","3","54","60","S13T07P01",0,0.712
"1316","3","34","15","S13T07P01",0.494,0.757
"1317","30","42","60","S14T05P12",0.184,0.773
"1318","30","34","120","S14T05P12",0.772,0.743
"1319","30","38","5","S14T05P12",0.589,0.699
"1320","30","38","60","S14T05P12",0.246,0.763
"1321","30","42","120","S14T05P12",0.118,0.751
"1322","30","42","15","S14T05P12",0.671,0.746
"1323","30","34","15","S14T05P12",0.781,0.774
"1324","30","46","15","S14T05P12",0,0.738
"1325","30","46","120","S14T05P12",0,0.741
"1326","30","38","120","S14T05P12",0.556,0.758
"1327","30","34","30","S14T05P12",0.709,0.73
"1328","30","38","30","S14T05P12",0.626,0.745
"1329","30","38","15","S14T05P12",0.793,0.753
"1330","30","54","60","S14T05P12",0.049,0.752
"1331","30","50","120","S14T05P12",0,0.748
"1332","30","46","60","S14T05P12",0,0.775
"1333","30","50","30","S14T05P12",0,0.736
"1334","30","34","60","S14T05P12",0.7,0.72
"1335","30","42","5","S14T05P12",0.557,0.749
"1336","30","54","5","S14T05P12",0,0.708
"1337","30","50","15","S14T05P12",0.111,0.756
"1338","30","54","15","S14T05P12",0,0.758
"1339","30","50","60","S14T05P12",0,0.734
"1340","30","50","5","S14T05P12",0.34,0.708
"1341","30","42","30","S14T05P12",0.731,0.71
"1342","30","54","30","S14T05P12",0,0.758
"1343","30","46","30","S14T05P12",0,0.742
"1344","30","46","5","S14T05P12",0.523,0.757
"1345","31","38","15","S14T03P04",0.71,0.717
"1346","31","34","60","S14T03P04",0.701,0.714
"1347","31","34","120","S14T03P04",0.682,0.718
"1348","31","54","30","S14T03P04",0,0.728
"1349","31","34","15","S14T03P04",0.693,0.715
"1350","31","42","5","S14T03P04",0.742,0.666
"1351","31","54","5","S14T03P04",0,0.748
"1352","31","42","60","S14T03P04",0.388,0.716
"1353","31","54","15","S14T03P04",0,0.717
"1354","31","54","60","S14T03P04",0.064,0.695
"1355","31","46","30","S14T03P04",0,0.68
"1356","31","34","30","S14T03P04",0.694,0.704
"1357","31","50","60","S14T03P04",0,0.725
"1358","31","46","15","S14T03P04",0,0.707
"1359","31","46","60","S14T03P04",0,0.778
"1360","31","46","120","S14T03P04",0,0.745
"1361","31","50","120","S14T03P04",0,0.691
"1362","31","42","30","S14T03P04",0.728,0.731
"1363","31","50","15","S14T03P04",0.149,0.716
"1364","31","38","120","S14T03P04",0.595,0.742
"1365","31","46","5","S14T03P04",0.467,0.744
"1366","31","50","5","S14T03P04",0.234,0.711
"1367","31","38","30","S14T03P04",0.686,0.739
"1368","31","42","15","S14T03P04",0.648,0.711
"1369","31","42","120","S14T03P04",0.18,0.757
"1370","31","50","30","S14T03P04",0,0.736
"1371","31","38","60","S14T03P04",0.101,0.734
"1372","31","38","5","S14T03P04",0.705,0.711
"1373","32","38","120","S07T09P05",0.625,0.75
"1374","32","46","15","S07T09P05",0,0.754
"1375","32","34","120","S07T09P05",0.699,0.738
"1376","32","38","15","S07T09P05",0.736,0.72
"1377","32","50","120","S07T09P05",0,0.749
"1378","32","42","60","S07T09P05",0.237,0.73
"1379","32","42","5","S07T09P05",0.707,0.753
"1380","32","34","30","S07T09P05",0.713,0.717
"1381","32","34","15","S07T09P05",0.752,0.758
"1382","32","46","60","S07T09P05",0,0.769
"1383","32","46","30","S07T09P05",0,0.761
"1384","32","50","30","S07T09P05",0,0.749
"1385","32","46","120","S07T09P05",0,0.742
"1386","32","46","5","S07T09P05",0.599,0.741
"1387","32","34","60","S07T09P05",0.693,0.714
"1388","32","50","15","S07T09P05",0,0.744
"1389","32","38","30","S07T09P05",0.603,0.74
"1390","32","38","60","S07T09P05",0.261,0.758
"1391","32","38","5","S07T09P05",0.491,0.697
"1392","32","42","30","S07T09P05",0.728,0.743
"1393","32","54","15","S07T09P05",0,0.763
"1394","32","42","15","S07T09P05",0.648,0.74
"1395","32","54","5","S07T09P05",0,0.709
"1396","32","42","120","S07T09P05",0.179,0.73
"1397","32","50","5","S07T09P05",0.226,0.724
"1398","32","54","60","S07T09P05",0.064,0.696
"1399","32","54","30","S07T09P05",0.051,0.739
"1400","32","50","60","S07T09P05",0,0.736
"1401","33","34","120","S06T02P29",0.692,0.745
"1402","33","46","30","S06T02P29",0.098,0.637
"1403","33","46","60","S06T02P29",0,0.785
"1404","33","38","15","S06T02P29",0.61,0.738
"1405","33","34","15","S06T02P29",0.726,0.749
"1406","33","46","15","S06T02P29",0,0.76
"1407","33","38","120","S06T02P29",0.613,0.77
"1408","33","38","60","S06T02P29",0.217,0.659
"1409","33","34","30","S06T02P29",0.591,0.698
"1410","33","50","15","S06T02P29",0,0.763
"1411","33","38","30","S06T02P29",0.732,0.752
"1412","33","42","60","S06T02P29",0,0.669
"1413","33","38","5","S06T02P29",0.504,0.737
"1414","33","54","15","S06T02P29",0,0.759
"1415","33","42","15","S06T02P29",0.71,0.735
"1416","33","46","5","S06T02P29",0.523,0.746
"1417","33","54","60","S06T02P29",0,0.744
"1418","33","50","30","S06T02P29",0,0.756
"1419","33","42","120","S06T02P29",0.591,0.702
"1420","33","34","60","S06T02P29",0.725,0.753
"1421","33","42","30","S06T02P29",0.688,0.726
"1422","33","50","120","S06T02P29",0,0.751
"1423","33","50","60","S06T02P29",0,0.681
"1424","33","42","5","S06T02P29",NA,0.758
"1425","33","54","5","S06T02P29",0,0.751
"1426","33","54","30","S06T02P29",0,0.772
"1427","33","46","120","S06T02P29",0,0.743
"1428","33","50","5","S06T02P29",0.115,0.591
"1429","4","38","60","S09T05P02",0.725,0.773
"1430","4","42","15","S09T05P02",0,0.727
"1431","4","42","120","S09T05P02",0.649,0.761
"1432","4","38","5","S09T05P02",0,0.686
"1433","4","54","15","S09T05P02",0,0.754
"1434","4","34","30","S09T05P02",0,0.695
"1435","4","38","15","S09T05P02",0.18,0.743
"1436","4","42","30","S09T05P02",0.603,0.737
"1437","4","42","60","S09T05P02",0.555,0.728
"1438","4","34","15","S09T05P02",0.465,0.744
"1439","4","54","5","S09T05P02",0,0.704
"1440","4","38","120","S09T05P02",0.713,0.712
"1441","4","46","15","S09T05P02",0,0.728
"1442","4","34","60","S09T05P02",0,0.704
"1443","4","38","30","S09T05P02",0,0.699
"1444","4","46","120","S09T05P02",0,0.757
"1445","4","50","5","S09T05P02",0,0.756
"1446","4","34","120","S09T05P02",0.248,0.717
"1447","4","46","30","S09T05P02",0,0.728
"1448","4","54","30","S09T05P02",0.089,0.715
"1449","4","50","60","S09T05P02",0,0.706
"1450","4","50","120","S09T05P02",0,0.747
"1451","4","46","60","S09T05P02",0,0.749
"1452","4","54","60","S09T05P02",0.043,0.739
"1453","4","50","30","S09T05P02",0,0.727
"1454","4","50","15","S09T05P02",0,0.733
"1455","4","46","5","S09T05P02",0.46,0.767
"1456","4","42","5","S09T05P02",0.139,0.745
"1457","5","46","15","S07T08P02",0.427,0.743
"1458","5","34","30","S07T08P02",0,0.709
"1459","5","42","120","S07T08P02",0.69,0.748
"1460","5","38","60","S07T08P02",0.721,0.757
"1461","5","38","5","S07T08P02",0,0.717
"1462","5","42","60","S07T08P02",0.716,0.721
"1463","5","42","15","S07T08P02",0,0.718
"1464","5","34","60","S07T08P02",0,0.666
"1465","5","38","120","S07T08P02",0.746,0.723
"1466","5","34","120","S07T08P02",0.159,0.719
"1467","5","38","30","S07T08P02",0.064,0.696
"1468","5","54","5","S07T08P02",0,0.709
"1469","5","34","15","S07T08P02",0.255,0.748
"1470","5","38","15","S07T08P02",0.387,0.738
"1471","5","42","30","S07T08P02",0.161,0.739
"1472","5","50","5","S07T08P02",0,0.749
"1473","5","50","30","S07T08P02",0,0.721
"1474","5","50","120","S07T08P02",0,0.724
"1475","5","42","5","S07T08P02",0.421,0.761
"1476","5","46","30","S07T08P02",0,0.731
"1477","5","50","15","S07T08P02",0,0.741
"1478","5","54","15","S07T08P02",0,0.728
"1479","5","46","60","S07T08P02",0,0.734
"1480","5","46","120","S07T08P02",0,0.732
"1481","5","50","60","S07T08P02",0,0.715
"1482","5","54","60","S07T08P02",0.055,0.735
"1483","5","54","30","S07T08P02",0.085,0.725
"1484","5","46","5","S07T08P02",0.484,0.711
"1485","6","50","120","S06T02P29",0,0.756
"1486","6","46","60","S06T02P29",0,0.765
"1487","6","50","30","S06T02P29",0,0.761
"1488","6","50","15","S06T02P29",0,0.745
"1489","6","50","5","S06T02P29",0,0.725
"1490","6","42","15","S06T02P29",0,0.717
"1491","6","54","15","S06T02P29",0,0.756
"1492","6","38","120","S06T02P29",0.769,0.767
"1493","6","38","60","S06T02P29",0.678,0.709
"1494","6","42","120","S06T02P29",0.571,0.756
"1495","6","54","5","S06T02P29",0,0.714
"1496","6","38","5","S06T02P29",0.052,0.734
"1497","6","42","5","S06T02P29",0.203,0.72
"1498","6","50","60","S06T02P29",0,0.75
"1499","6","46","30","S06T02P29",0,0.759
"1500","6","34","120","S06T02P29",0.116,0.732
"1501","6","42","60","S06T02P29",0.636,0.694
"1502","6","42","30","S06T02P29",0.066,0.695
"1503","6","34","30","S06T02P29",0,0.693
"1504","6","54","30","S06T02P29",0.084,0.734
"1505","6","46","15","S06T02P29",0.581,0.757
"1506","6","46","120","S06T02P29",0,0.759
"1507","6","46","5","S06T02P29",0.484,0.714
"1508","6","34","15","S06T02P29",0.156,0.742
"1509","6","54","60","S06T02P29",0,0.73
"1510","6","38","15","S06T02P29",0.522,0.721
"1511","6","34","60","S06T02P29",0.06,0.733
"1512","6","38","30","S06T02P29",0,0.754
"1513","7","38","15","S06T01P06",0.715,0.756
"1514","7","38","120","S06T01P06",0.787,0.764
"1515","7","34","30","S06T01P06",0.25,0.751
"1516","7","46","30","S06T01P06",0,0.765
"1517","7","38","30","S06T01P06",0.112,0.767
"1518","7","42","60","S06T01P06",0.72,0.766
"1519","7","34","15","S06T01P06",0.53,0.762
"1520","7","38","5","S06T01P06",0.281,0.757
"1521","7","42","120","S06T01P06",0.697,0.751
"1522","7","34","60","S06T01P06",0,0.744
"1523","7","46","60","S06T01P06",0,0.783
"1524","7","46","5","S06T01P06",0.313,0.748
"1525","7","46","15","S06T01P06",0.571,0.751
"1526","7","46","120","S06T01P06",0,0.772
"1527","7","38","60","S06T01P06",0.77,0.786
"1528","7","42","5","S06T01P06",0.369,0.761
"1529","7","34","120","S06T01P06",0.42,0.72
"1530","7","50","15","S06T01P06",0,0.768
"1531","7","50","120","S06T01P06",0,0.762
"1532","7","42","15","S06T01P06",0,0.752
"1533","7","54","60","S06T01P06",0.08,0.746
"1534","7","54","5","S06T01P06",0,0.729
"1535","7","54","15","S06T01P06",0,0.757
"1536","7","50","60","S06T01P06",0,0.751
"1537","7","50","5","S06T01P06",0,0.732
"1538","7","50","30","S06T01P06",0,0.758
"1539","7","42","30","S06T01P06",0.1,0.754
"1540","7","54","30","S06T01P06",0.099,0.752
"1541","8","34","120","S07T08P02",0.637,0.733
"1542","8","54","15","S07T08P02",0,0.73
"1543","8","34","15","S07T08P02",0.753,0.747
"1544","8","50","120","S07T08P02",0,0.729
"1545","8","34","30","S07T08P02",0.532,0.729
"1546","8","46","60","S07T08P02",0,0.735
"1547","8","50","30","S07T08P02",0,0.731
"1548","8","50","15","S07T08P02",0,0.743
"1549","8","50","5","S07T08P02",0.315,0.751
"1550","8","54","5","S07T08P02",0,0.727
"1551","8","54","30","S07T08P02",0.063,0.75
"1552","8","50","60","S07T08P02",0,0.743
"1553","8","42","15","S07T08P02",0.616,0.743
"1554","8","38","60","S07T08P02",0.749,0.757
"1555","8","38","5","S07T08P02",0.509,0.73
"1556","8","38","120","S07T08P02",0.76,0.727
"1557","8","42","120","S07T08P02",0.689,0.755
"1558","8","54","60","S07T08P02",0.082,0.745
"1559","8","42","60","S07T08P02",0.702,0.721
"1560","8","42","5","S07T08P02",0.66,0.747
"1561","8","42","30","S07T08P02",0.663,0.728
"1562","8","46","30","S07T08P02",0,0.747
"1563","8","34","60","S07T08P02",0.667,0.722
"1564","8","46","120","S07T08P02",0,0.739
"1565","8","38","15","S07T08P02",0.597,0.746
"1566","8","46","15","S07T08P02",0,0.71
"1567","8","46","5","S07T08P02",0.324,0.731
"1568","8","38","30","S07T08P02",0.652,0.748
"1569","9","38","5","S07T09P05",0.674,0.72
"1570","9","34","30","S07T09P05",0.705,0.746
"1571","9","42","120","S07T09P05",0.654,0.74
"1572","9","38","120","S07T09P05",0.761,0.73
"1573","9","38","15","S07T09P05",0.667,0.739
"1574","9","38","60","S07T09P05",0.744,0.766
"1575","9","34","15","S07T09P05",0.738,0.742
"1576","9","42","60","S07T09P05",0.734,0.751
"1577","9","42","15","S07T09P05",0.437,0.724
"1578","9","54","5","S07T09P05",0,0.754
"1579","9","38","30","S07T09P05",0.709,0.751
"1580","9","46","30","S07T09P05",0,0.747
"1581","9","34","60","S07T09P05",0.703,0.735
"1582","9","50","120","S07T09P05",0,0.759
"1583","9","46","15","S07T09P05",0,0.744
"1584","9","46","120","S07T09P05",0,0.755
"1585","9","46","60","S07T09P05",0,0.751
"1586","9","54","15","S07T09P05",0,0.758
"1587","9","46","5","S07T09P05",0.493,0.752
"1588","9","50","30","S07T09P05",0,0.746
"1589","9","42","5","S07T09P05",0.727,0.756
"1590","9","34","120","S07T09P05",0.719,0.742
"1591","9","42","30","S07T09P05",0.749,0.744
"1592","9","50","15","S07T09P05",0,0.759
"1593","9","54","60","S07T09P05",0.063,0.736
"1594","9","50","60","S07T09P05",0,0.739
"1595","9","50","5","S07T09P05",0.362,0.758
"1596","9","54","30","S07T09P05",0.07,0.766
"1597","1","34","120","S06T05P24",0.519,0.757
"1598","1","54","60","S06T05P24",0,0.78
"1599","1","50","120","S06T05P24",0,0.767
"1600","1","54","30","S06T05P24",0,0.738
"1601","1","50","60","S06T05P24",0,0.776
"1602","1","50","15","S06T05P24",0,0.745
"1603","1","42","60","S06T05P24",0.737,0.758
"1604","1","46","60","S06T05P24",0,0.761
"1605","1","46","30","S06T05P24",0,0.766
"1606","1","46","120","S06T05P24",0,0.774
"1607","1","34","15","S06T05P24",0.655,0.778
"1608","1","54","5","S06T05P24",0,0.742
"1609","1","38","30","S06T05P24",0.717,0.768
"1610","1","54","15","S06T05P24",0,0.755
"1611","1","50","30","S06T05P24",0,0.744
"1612","1","46","5","S06T05P24",0.291,0.745
"1613","1","34","30","S06T05P24",0.607,0.718
"1614","1","46","15","S06T05P24",0.486,0.73
"1615","1","42","15","S06T05P24",0.563,0.741
"1616","1","38","60","S06T05P24",0.701,0.759
"1617","1","38","120","S06T05P24",0.74,0.73
"1618","1","42","30","S06T05P24",0.69,0.738
"1619","1","38","5","S06T05P24",0.706,0.834
"1620","1","34","60","S06T05P24",0.654,0.783
"1621","1","42","120","S06T05P24",0.619,0.745
"1622","1","38","15","S06T05P24",0.711,0.525
"1623","10","50","15","S12T04P03",0,0.742
"1624","10","54","30","S12T04P03",0,0.758
"1625","10","46","120","S12T04P03",0,0.763
"1626","10","50","120","S12T04P03",0,0.745
"1627","10","54","15","S12T04P03",0,0.754
"1628","10","46","15","S12T04P03",0.735,0.744
"1629","10","34","15","S12T04P03",0.733,0.757
"1630","10","34","120","S12T04P03",0.757,0.751
"1631","10","34","60","S12T04P03",0.753,0.747
"1632","10","50","30","S12T04P03",0,0.762
"1633","10","46","5","S12T04P03",0.296,0.761
"1634","10","42","60","S12T04P03",0.758,0.734
"1635","10","50","60","S12T04P03",0,0.771
"1636","10","46","60","S12T04P03",0.283,0.749
"1637","10","38","30","S12T04P03",0.678,0.726
"1638","10","46","30","S12T04P03",0.621,0.738
"1639","10","34","30","S12T04P03",0.774,0.76
"1640","10","38","15","S12T04P03",0.761,0.502
"1641","10","54","60","S12T04P03",0,0.752
"1642","10","38","120","S12T04P03",0.763,0.772
"1643","10","42","15","S12T04P03",0.769,0.766
"1644","10","38","5","S12T04P03",0.75,0.818
"1645","10","38","60","S12T04P03",0.751,0.756
"1646","10","42","120","S12T04P03",0.749,0.756
"1647","10","54","5","S12T04P03",0,0.732
"1648","10","42","30","S12T04P03",0.753,0.743
"1649","11","50","120","S13T02P07",0,0.747
"1650","11","50","60","S13T02P07",0,0.768
"1651","11","46","30","S13T02P07",0.45,0.737
"1652","11","34","60","S13T02P07",0.695,0.735
"1653","11","34","120","S13T02P07",0.746,0.746
"1654","11","54","30","S13T02P07",0,0.71
"1655","11","38","15","S13T02P07",0.719,0.5
"1656","11","54","15","S13T02P07",0,0.751
"1657","11","34","30","S13T02P07",0.704,0.726
"1658","11","38","120","S13T02P07",0.754,0.763
"1659","11","46","15","S13T02P07",0.462,0.749
"1660","11","50","15","S13T02P07",0,0.751
"1661","11","34","15","S13T02P07",0.665,0.746
"1662","11","54","5","S13T02P07",0,0.75
"1663","11","50","30","S13T02P07",0,0.746
"1664","11","54","60","S13T02P07",0,0.758
"1665","11","38","30","S13T02P07",0.685,0.733
"1666","11","42","120","S13T02P07",0.612,0.739
"1667","11","46","5","S13T02P07",0,0.746
"1668","11","38","5","S13T02P07",0.765,0.822
"1669","11","46","120","S13T02P07",0,0.772
"1670","11","42","60","S13T02P07",0.726,0.743
"1671","11","46","60","S13T02P07",0,0.734
"1672","11","42","15","S13T02P07",0.753,0.738
"1673","11","42","30","S13T02P07",0.726,0.749
"1674","11","38","60","S13T02P07",0.672,0.761
"1675","12","34","60","S03T03P06",0.753,0.783
"1676","12","54","5","S03T03P06",0,0.736
"1677","12","54","60","S03T03P06",0,0.766
"1678","12","50","120","S03T03P06",0,0.768
"1679","12","34","120","S03T03P06",0.747,0.742
"1680","12","38","120","S03T03P06",0.745,0.655
"1681","12","34","15","S03T03P06",0.722,0.696
"1682","12","38","15","S03T03P06",0.732,0.462
"1683","12","38","5","S03T03P06",0.759,0.831
"1684","12","34","30","S03T03P06",0.735,0.736
"1685","12","50","30","S03T03P06",0,0.756
"1686","12","54","30","S03T03P06",0,0.724
"1687","12","42","15","S03T03P06",0.753,0.755
"1688","12","50","15","S03T03P06",0,0.749
"1689","12","54","15","S03T03P06",0,0.745
"1690","12","46","15","S03T03P06",0.563,0.771
"1691","12","46","60","S03T03P06",0,0.709
"1692","12","50","60","S03T03P06",0,0.682
"1693","12","42","30","S03T03P06",0.757,0.756
"1694","12","42","120","S03T03P06",0.497,0.75
"1695","12","42","60","S03T03P06",0.747,0.754
"1696","12","38","30","S03T03P06",0.74,0.746
"1697","12","38","60","S03T03P06",0.718,0.685
"1698","12","46","30","S03T03P06",0.527,0.712
"1699","12","46","120","S03T03P06",0,0.754
"1700","12","46","5","S03T03P06",0,0.771
"1701","13","54","5","S07T07P18",0,0.724
"1702","13","54","60","S07T07P18",0,0.759
"1703","13","34","60","S07T07P18",0.515,0.738
"1704","13","38","120","S07T07P18",0.675,0.754
"1705","13","34","30","S07T07P18",0.58,0.744
"1706","13","38","15","S07T07P18",0.648,0.505
"1707","13","38","5","S07T07P18",0.349,0.807
"1708","13","34","15","S07T07P18",0.633,0.752
"1709","13","38","30","S07T07P18",0.601,0.757
"1710","13","50","60","S07T07P18",0,0.753
"1711","13","50","15","S07T07P18",0,0.744
"1712","13","34","120","S07T07P18",0.545,0.741
"1713","13","42","30","S07T07P18",0.598,0.726
"1714","13","42","120","S07T07P18",0,0.732
"1715","13","46","30","S07T07P18",0,0.736
"1716","13","42","15","S07T07P18",0.546,0.738
"1717","13","50","120","S07T07P18",0,0.767
"1718","13","38","60","S07T07P18",0.293,0.738
"1719","13","54","30","S07T07P18",0,0.745
"1720","13","46","120","S07T07P18",0,0.755
"1721","13","54","15","S07T07P18",0,0.747
"1722","13","50","30","S07T07P18",0,0.738
"1723","13","46","5","S07T07P18",0.122,0.741
"1724","13","42","60","S07T07P18",0.706,0.716
"1725","13","46","15","S07T07P18",0.388,0.743
"1726","13","46","60","S07T07P18",0,0.738
"1727","14","38","5","S14T05P07",0.74,0.824
"1728","14","38","120","S14T05P07",0.749,0.762
"1729","14","54","30","S14T05P07",0,0.741
"1730","14","34","30","S14T05P07",0.736,0.763
"1731","14","34","60","S14T05P07",0.679,0.768
"1732","14","38","15","S14T05P07",0.753,0.521
"1733","14","42","30","S14T05P07",0.745,0.766
"1734","14","54","60","S14T05P07",0,0.777
"1735","14","42","120","S14T05P07",0.744,0.77
"1736","14","34","120","S14T05P07",0.735,0.777
"1737","14","34","15","S14T05P07",0.742,0.783
"1738","14","38","30","S14T05P07",0.762,0.779
"1739","14","38","60","S14T05P07",0.744,0.753
"1740","14","42","15","S14T05P07",0.742,0.764
"1741","14","50","15","S14T05P07",0,0.733
"1742","14","54","5","S14T05P07",0,0.751
"1743","14","46","120","S14T05P07",0,0.789
"1744","14","50","120","S14T05P07",0,0.765
"1745","14","50","30","S14T05P07",0,0.765
"1746","14","46","5","S14T05P07",0.324,0.763
"1747","14","50","60","S14T05P07",0,0.799
"1748","14","46","30","S14T05P07",0.357,0.747
"1749","14","46","15","S14T05P07",0.594,0.748
"1750","14","54","15","S14T05P07",0,0.756
"1751","14","42","60","S14T05P07",0.71,0.728
"1752","14","46","60","S14T05P07",0,0.766
"1753","15","38","30","S09T08P01",0.74,0.736
"1754","15","38","60","S09T08P01",0.726,0.723
"1755","15","42","30","S09T08P01",0.685,0.697
"1756","15","38","15","S09T08P01",0.734,0.493
"1757","15","34","60","S09T08P01",0.726,0.746
"1758","15","34","15","S09T08P01",0.751,0.721
"1759","15","34","30","S09T08P01",0.716,0.706
"1760","15","42","15","S09T08P01",0.745,0.761
"1761","15","42","120","S09T08P01",0.718,0.744
"1762","15","38","5","S09T08P01",0.727,0.816
"1763","15","38","120","S09T08P01",0.744,0.758
"1764","15","50","30","S09T08P01",0,0.742
"1765","15","50","15","S09T08P01",0,0.743
"1766","15","54","30","S09T08P01",0,0.739
"1767","15","34","120","S09T08P01",0.731,0.706
"1768","15","50","60","S09T08P01",0,0.776
"1769","15","54","15","S09T08P01",0,0.757
"1770","15","42","60","S09T08P01",0.738,0.728
"1771","15","46","15","S09T08P01",0.646,0.733
"1772","15","50","120","S09T08P01",0,0.757
"1773","15","46","5","S09T08P01",0,0.75
"1774","15","46","120","S09T08P01",0,0.781
"1775","15","46","30","S09T08P01",0,0.731
"1776","15","46","60","S09T08P01",0.104,0.733
"1777","15","54","5","S09T08P01",0,0.713
"1778","15","54","60","S09T08P01",0,0.761
"1779","16","42","30","S13T02P07",0.697,0.729
"1780","16","42","15","S13T02P07",0.73,0.75
"1781","16","42","120","S13T02P07",0.723,0.753
"1782","16","38","15","S13T02P07",0.711,0.466
"1783","16","38","5","S13T02P07",0.707,0.782
"1784","16","42","60","S13T02P07",0.726,0.714
"1785","16","38","30","S13T02P07",0.764,0.746
"1786","16","38","60","S13T02P07",0.753,0.743
"1787","16","46","120","S13T02P07",0,0.745
"1788","16","34","60","S13T02P07",0.746,0.75
"1789","16","46","30","S13T02P07",0,0.739
"1790","16","54","5","S13T02P07",0,0.739
"1791","16","46","15","S13T02P07",0.626,0.701
"1792","16","54","15","S13T02P07",0,0.74
"1793","16","54","60","S13T02P07",0,0.724
"1794","16","34","15","S13T02P07",0.741,0.75
"1795","16","38","120","S13T02P07",0.753,0.758
"1796","16","46","60","S13T02P07",0.168,0.754
"1797","16","54","30","S13T02P07",0,0.733
"1798","16","34","120","S13T02P07",0.746,0.728
"1799","16","34","30","S13T02P07",0.74,0.743
"1800","16","50","30","S13T02P07",0,0.719
"1801","16","50","120","S13T02P07",0,0.729
"1802","16","46","5","S13T02P07",0,0.73
"1803","16","50","60","S13T02P07",0,0.763
"1804","16","50","15","S13T02P07",0,0.742
"1805","17","34","120","S03T03P06",0.751,0.723
"1806","17","42","30","S03T03P06",0.748,0.761
"1807","17","42","15","S03T03P06",0.739,0.752
"1808","17","42","120","S03T03P06",0.705,0.748
"1809","17","38","5","S03T03P06",0.766,0.806
"1810","17","38","15","S03T03P06",0.739,0.512
"1811","17","34","60","S03T03P06",0.75,0.782
"1812","17","34","15","S03T03P06",0.702,0.697
"1813","17","38","120","S03T03P06",0.744,0.727
"1814","17","38","60","S03T03P06",0.754,0.751
"1815","17","46","120","S03T03P06",0,0.715
"1816","17","46","30","S03T03P06",0.381,0.671
"1817","17","38","30","S03T03P06",0.758,0.755
"1818","17","34","30","S03T03P06",0.714,0.708
"1819","17","46","60","S03T03P06",0,0.665
"1820","17","46","15","S03T03P06",0.677,0.752
"1821","17","54","5","S03T03P06",0,0.757
"1822","17","42","60","S03T03P06",0.733,0.733
"1823","17","54","60","S03T03P06",0,0.75
"1824","17","50","15","S03T03P06",0,0.741
"1825","17","54","30","S03T03P06",0,0.677
"1826","17","46","5","S03T03P06",0,0.744
"1827","17","50","120","S03T03P06",0,0.701
"1828","17","54","15","S03T03P06",0,0.724
"1829","17","50","30","S03T03P06",0,0.752
"1830","17","50","60","S03T03P06",0,0.756
"1831","18","42","120","S12T05P09",0.566,0.703
"1832","18","38","60","S12T05P09",0.722,0.751
"1833","18","34","120","S12T05P09",0.754,0.737
"1834","18","42","15","S12T05P09",0.749,0.749
"1835","18","46","30","S12T05P09",0.289,0.737
"1836","18","42","30","S12T05P09",0.719,0.731
"1837","18","46","120","S12T05P09",0,0.727
"1838","18","38","5","S12T05P09",0.765,0.805
"1839","18","46","15","S12T05P09",0.45,0.725
"1840","18","38","15","S12T05P09",0.73,0.482
"1841","18","42","60","S12T05P09",0.727,0.729
"1842","18","34","60","S12T05P09",0.705,0.728
"1843","18","34","15","S12T05P09",0.703,0.737
"1844","18","46","60","S12T05P09",0,0.721
"1845","18","38","30","S12T05P09",0.707,0.744
"1846","18","34","30","S12T05P09",0.723,0.751
"1847","18","50","60","S12T05P09",0,0.733
"1848","18","46","5","S12T05P09",0,0.749
"1849","18","50","30","S12T05P09",0,0.701
"1850","18","54","15","S12T05P09",0,0.723
"1851","18","38","120","S12T05P09",0.73,0.741
"1852","18","54","60","S12T05P09",0,0.729
"1853","18","54","30","S12T05P09",0,0.723
"1854","18","50","15","S12T05P09",0,0.688
"1855","18","54","5","S12T05P09",0,0.719
"1856","18","50","120","S12T05P09",0,0.751
"1857","19","34","120","S10T01P01",0.76,0.736
"1858","19","42","30","S10T01P01",0.751,0.754
"1859","19","46","30","S10T01P01",0,0.757
"1860","19","38","60","S10T01P01",0.738,0.767
"1861","19","42","15","S10T01P01",0.77,0.749
"1862","19","42","120","S10T01P01",0.711,0.772
"1863","19","46","120","S10T01P01",0,0.77
"1864","19","38","5","S10T01P01",0.767,0.827
"1865","19","46","15","S10T01P01",0.63,0.748
"1866","19","38","120","S10T01P01",0.742,0.773
"1867","19","34","15","S10T01P01",0.753,0.758
"1868","19","38","15","S10T01P01",0.758,0.507
"1869","19","46","5","S10T01P01",0,0.765
"1870","19","34","60","S10T01P01",0.745,0.77
"1871","19","46","60","S10T01P01",0,0.752
"1872","19","50","60","S10T01P01",0,0.767
"1873","19","42","60","S10T01P01",0.753,0.757
"1874","19","54","5","S10T01P01",0,0.732
"1875","19","50","120","S10T01P01",0,0.784
"1876","19","54","60","S10T01P01",0,0.771
"1877","19","50","15","S10T01P01",0,0.71
"1878","19","54","30","S10T01P01",0,0.771
"1879","19","38","30","S10T01P01",0.745,0.768
"1880","19","34","30","S10T01P01",0.741,0.742
"1881","19","50","30","S10T01P01",0,0.756
"1882","19","54","15","S10T01P01",0,0.736
"1883","2","50","120","S03T03P06",0,0.761
"1884","2","42","15","S03T03P06",0.723,0.711
"1885","2","46","120","S03T03P06",0,0.693
"1886","2","42","30","S03T03P06",0.716,0.706
"1887","2","38","15","S03T03P06",0.732,0.51
"1888","2","42","120","S03T03P06",0.747,0.773
"1889","2","50","15","S03T03P06",0,0.748
"1890","2","38","5","S03T03P06",0.751,0.819
"1891","2","38","30","S03T03P06",0.722,0.685
"1892","2","34","15","S03T03P06",0.711,0.678
"1893","2","38","60","S03T03P06",0.709,0.742
"1894","2","42","60","S03T03P06",0.761,0.761
"1895","2","50","30","S03T03P06",0,0.774
"1896","2","54","60","S03T03P06",0,0.763
"1897","2","38","120","S03T03P06",0.74,0.747
"1898","2","46","15","S03T03P06",0.689,0.678
"1899","2","34","60","S03T03P06",0.688,0.723
"1900","2","46","60","S03T03P06",0,0.738
"1901","2","54","5","S03T03P06",0,0.768
"1902","2","34","120","S03T03P06",0.709,0.696
"1903","2","54","15","S03T03P06",0,0.746
"1904","2","46","5","S03T03P06",0.278,0.711
"1905","2","54","30","S03T03P06",0,0.74
"1906","2","50","60","S03T03P06",0,0.781
"1907","2","46","30","S03T03P06",0,0.724
"1908","2","34","30","S03T03P06",0.73,0.738
"1909","20","42","30","S09T08P01",0.704,0.751
"1910","20","42","120","S09T08P01",0,0.745
"1911","20","42","15","S09T08P01",0.742,0.763
"1912","20","46","15","S09T08P01",0.581,0.763
"1913","20","46","120","S09T08P01",0,0.761
"1914","20","42","60","S09T08P01",0.737,0.733
"1915","20","46","60","S09T08P01",0,0
"1916","20","34","15","S09T08P01",0.72,0.728
"1917","20","46","30","S09T08P01",0,0.717
"1918","20","34","120","S09T08P01",0.762,0.719
"1919","20","34","30","S09T08P01",0.708,0.759
"1920","20","38","5","S09T08P01",0.724,0.816
"1921","20","34","60","S09T08P01",0.755,0.744
"1922","20","38","15","S09T08P01",0.74,0.499
"1923","20","46","5","S09T08P01",0,0.753
"1924","20","38","30","S09T08P01",0.73,0.726
"1925","20","38","60","S09T08P01",0.711,0.738
"1926","20","38","120","S09T08P01",0.725,0.735
"1927","20","54","30","S09T08P01",0,0.756
"1928","20","50","120","S09T08P01",0,0.774
"1929","20","54","5","S09T08P01",0,0.717
"1930","20","54","15","S09T08P01",0,0.727
"1931","20","50","15","S09T08P01",0,0.748
"1932","20","50","60","S09T08P01",0,0.744
"1933","20","50","30","S09T08P01",0,0.763
"1934","20","54","60","S09T08P01",0,0.758
"1935","21","34","30","S06T05P24",0.625,0.73
"1936","21","46","60","S06T05P24",0,0.757
"1937","21","42","30","S06T05P24",0.653,0.721
"1938","21","34","15","S06T05P24",0.667,0.728
"1939","21","34","60","S06T05P24",0.685,0.766
"1940","21","42","60","S06T05P24",0.737,0.76
"1941","21","46","15","S06T05P24",0,0.751
"1942","21","42","120","S06T05P24",0.666,0.723
"1943","21","38","15","S06T05P24",0.737,0.518
"1944","21","42","15","S06T05P24",0.675,0.749
"1945","21","46","30","S06T05P24",0,0.753
"1946","21","46","120","S06T05P24",0,0.777
"1947","21","34","120","S06T05P24",0.728,0.725
"1948","21","50","120","S06T05P24",0,0.777
"1949","21","50","30","S06T05P24",0,0.755
"1950","21","46","5","S06T05P24",0.124,0.747
"1951","21","54","15","S06T05P24",0,0.743
"1952","21","50","15","S06T05P24",0,0.738
"1953","21","38","120","S06T05P24",0.715,0.742
"1954","21","54","30","S06T05P24",0,0.739
"1955","21","38","5","S06T05P24",0.64,0.816
"1956","21","38","60","S06T05P24",0.682,0.733
"1957","21","38","30","S06T05P24",0.678,0.743
"1958","21","50","60","S06T05P24",0,0.718
"1959","21","54","60","S06T05P24",0,0.737
"1960","21","54","5","S06T05P24",0,0.756
"1961","22","42","30","S12T05P09",0.75,0.752
"1962","22","34","120","S12T05P09",0.702,0.71
"1963","22","42","60","S12T05P09",0.725,0.723
"1964","22","34","15","S12T05P09",0.709,0.759
"1965","22","46","15","S12T05P09",0.461,0.714
"1966","22","42","15","S12T05P09",0.711,0.738
"1967","22","38","15","S12T05P09",0.73,0.521
"1968","22","46","120","S12T05P09",0,0.751
"1969","22","34","60","S12T05P09",0.725,0.771
"1970","22","46","60","S12T05P09",0.183,0.736
"1971","22","38","120","S12T05P09",0.722,0.744
"1972","22","46","30","S12T05P09",0.274,0.731
"1973","22","34","30","S12T05P09",0.718,0.711
"1974","22","42","120","S12T05P09",0.71,0.751
"1975","22","38","5","S12T05P09",0.737,0.817
"1976","22","54","15","S12T05P09",0,0.701
"1977","22","50","15","S12T05P09",0,0.738
"1978","22","54","30","S12T05P09",0,0.72
"1979","22","46","5","S12T05P09",0.295,0.739
"1980","22","50","120","S12T05P09",0,0.765
"1981","22","50","30","S12T05P09",0,0.737
"1982","22","38","60","S12T05P09",0.605,0.706
"1983","22","50","60","S12T05P09",0,0.776
"1984","22","54","60","S12T05P09",0,0.769
"1985","22","38","30","S12T05P09",0.69,0.75
"1986","22","54","5","S12T05P09",0,0.748
"1987","23","46","30","S10T01P01",0,0.732
"1988","23","38","15","S10T01P01",0.742,0.506
"1989","23","46","60","S10T01P01",0.136,0.777
"1990","23","46","15","S10T01P01",0.68,0.75
"1991","23","46","120","S10T01P01",0,0.787
"1992","23","38","120","S10T01P01",0.747,0.751
"1993","23","34","120","S10T01P01",0.742,0.759
"1994","23","46","5","S10T01P01",0,0.748
"1995","23","34","30","S10T01P01",0.755,0.758
"1996","23","42","60","S10T01P01",0.751,0.74
"1997","23","42","15","S10T01P01",0.756,0.741
"1998","23","42","30","S10T01P01",0.756,0.761
"1999","23","34","15","S10T01P01",0.75,0.725
"2000","23","50","120","S10T01P01",0,0.774
"2001","23","42","120","S10T01P01",0.758,0.766
"2002","23","38","5","S10T01P01",0.741,0.82
"2003","23","50","30","S10T01P01",0,0.764
"2004","23","50","15","S10T01P01",0,0.749
"2005","23","34","60","S10T01P01",0.725,0.762
"2006","23","38","60","S10T01P01",0.758,0.77
"2007","23","38","30","S10T01P01",0.755,0.786
"2008","23","54","30","S10T01P01",0,0.726
"2009","23","54","15","S10T01P01",0,0.748
"2010","23","50","60","S10T01P01",0,0.79
"2011","23","54","60","S10T01P01",0,0.733
"2012","23","54","5","S10T01P01",0,0.755
"2013","24","46","30","S12T04P03",0.408,0.753
"2014","24","38","15","S12T04P03",0.751,0.493
"2015","24","46","15","S12T04P03",0.679,0.753
"2016","24","46","120","S12T04P03",0,0.771
"2017","24","42","15","S12T04P03",0.734,0.764
"2018","24","46","60","S12T04P03",0,0.739
"2019","24","42","30","S12T04P03",0.755,0.735
"2020","24","34","60","S12T04P03",0.748,0.759
"2021","24","46","5","S12T04P03",0,0.766
"2022","24","38","120","S12T04P03",0.754,0.75
"2023","24","42","120","S12T04P03",0.69,0.747
"2024","24","50","120","S12T04P03",0,0.779
"2025","24","38","5","S12T04P03",0.752,0.824
"2026","24","50","15","S12T04P03",0,0.746
"2027","24","38","30","S12T04P03",0.742,0.757
"2028","24","34","120","S12T04P03",0.762,0.75
"2029","24","42","60","S12T04P03",0.736,0.728
"2030","24","34","30","S12T04P03",0.757,0.75
"2031","24","50","60","S12T04P03",0,0.755
"2032","24","34","15","S12T04P03",0.735,0.742
"2033","24","38","60","S12T04P03",0.748,0.755
"2034","24","50","30","S12T04P03",0,0.729
"2035","24","54","15","S12T04P03",0,0.756
"2036","24","54","5","S12T04P03",0,0.743
"2037","24","54","60","S12T04P03",0,0.752
"2038","24","54","30","S12T04P03",0,0.72
"2039","25","46","30","S07T07P18",0.383,0.733
"2040","25","46","120","S07T07P18",0,0.738
"2041","25","42","30","S07T07P18",0.74,0.748
"2042","25","46","15","S07T07P18",0.616,0.728
"2043","25","50","15","S07T07P18",0,0.73
"2044","25","50","120","S07T07P18",0,0.75
"2045","25","46","60","S07T07P18",0.174,0.731
"2046","25","50","30","S07T07P18",0,0.737
"2047","25","46","5","S07T07P18",0,0.735
"2048","25","34","30","S07T07P18",0.717,0.735
"2049","25","42","15","S07T07P18",0.751,0.757
"2050","25","38","5","S07T07P18",0.728,0.812
"2051","25","38","15","S07T07P18",0.707,0.496
"2052","25","34","15","S07T07P18",0.672,0.747
"2053","25","38","60","S07T07P18",0.723,0.753
"2054","25","54","60","S07T07P18",0,0.77
"2055","25","34","120","S07T07P18",0.723,0.71
"2056","25","38","30","S07T07P18",0.641,0.744
"2057","25","42","60","S07T07P18",0.717,0.738
"2058","25","54","5","S07T07P18",0,0.731
"2059","25","50","60","S07T07P18",0,0.755
"2060","25","34","60","S07T07P18",0.678,0.751
"2061","25","38","120","S07T07P18",0.729,0.708
"2062","25","54","30","S07T07P18",0,0.732
"2063","25","42","120","S07T07P18",0.704,0.748
"2064","25","54","15","S07T07P18",0,0.726
"2065","26","50","15","S10T07P07",0,0.736
"2066","26","46","30","S10T07P07",0,0.74
"2067","26","42","30","S10T07P07",0.738,0.748
"2068","26","50","120","S10T07P07",0,0.764
"2069","26","50","30","S10T07P07",0,0.739
"2070","26","46","5","S10T07P07",0,0.729
"2071","26","46","120","S10T07P07",0,0.746
"2072","26","46","60","S10T07P07",0,0.727
"2073","26","42","15","S10T07P07",0.757,0.767
"2074","26","38","5","S10T07P07",0.743,0.816
"2075","26","38","60","S10T07P07",0.754,0.759
"2076","26","46","15","S10T07P07",0.601,0.75
"2077","26","38","120","S10T07P07",0.749,0.763
"2078","26","42","60","S10T07P07",0.756,0.736
"2079","26","50","60","S10T07P07",0,0.735
"2080","26","34","60","S10T07P07",0.725,0.761
"2081","26","34","15","S10T07P07",0.724,0.754
"2082","26","38","30","S10T07P07",0.721,0.765
"2083","26","34","30","S10T07P07",0.717,0.758
"2084","26","54","30","S10T07P07",0,0.758
"2085","26","34","120","S10T07P07",0.76,0.762
"2086","26","54","15","S10T07P07",0,0.756
"2087","26","38","15","S10T07P07",0.726,0.492
"2088","26","54","5","S10T07P07",0,0.722
"2089","26","54","60","S10T07P07",0,0.768
"2090","26","42","120","S10T07P07",0.643,0.748
"2091","27","34","30","S06T05P24",0.699,0.717
"2092","27","34","15","S06T05P24",0.746,0.744
"2093","27","50","30","S06T05P24",0,0.721
"2094","27","34","60","S06T05P24",0.743,0.765
"2095","27","38","60","S06T05P24",0.751,0.767
"2096","27","38","5","S06T05P24",0.687,0.801
"2097","27","46","5","S06T05P24",0,0.744
"2098","27","46","120","S06T05P24",0,0.767
"2099","27","46","30","S06T05P24",0,0.742
"2100","27","54","30","S06T05P24",0,0.768
"2101","27","46","15","S06T05P24",0.45,0.736
"2102","27","50","60","S06T05P24",0,0.717
"2103","27","42","15","S06T05P24",0.647,0.745
"2104","27","46","60","S06T05P24",0,0.736
"2105","27","50","15","S06T05P24",0,0.729
"2106","27","42","30","S06T05P24",0.71,0.735
"2107","27","38","120","S06T05P24",0.751,0.763
"2108","27","42","120","S06T05P24",0.682,0.763
"2109","27","54","15","S06T05P24",0,0.757
"2110","27","54","5","S06T05P24",0,0.751
"2111","27","50","120","S06T05P24",0,0.777
"2112","27","34","120","S06T05P24",0.763,0.724
"2113","27","42","60","S06T05P24",0.73,0.764
"2114","27","54","60","S06T05P24",0,0.761
"2115","27","38","15","S06T05P24",0.741,0.503
"2116","27","38","30","S06T05P24",0.723,0.726
"2117","28","46","120","S12T04P03",0,0.753
"2118","28","46","15","S12T04P03",0.521,0.733
"2119","28","50","30","S12T04P03",0,0.76
"2120","28","50","15","S12T04P03",0,0.76
"2121","28","46","30","S12T04P03",0.402,0.724
"2122","28","46","60","S12T04P03",0,0.737
"2123","28","50","60","S12T04P03",0,0.74
"2124","28","38","120","S12T04P03",0.741,0.757
"2125","28","34","60","S12T04P03",0.727,0.752
"2126","28","54","30","S12T04P03",0,0.751
"2127","28","46","5","S12T04P03",0,0.746
"2128","28","42","15","S12T04P03",0.772,0.744
"2129","28","38","15","S12T04P03",0.732,0.483
"2130","28","34","15","S12T04P03",0.72,0.739
"2131","28","54","15","S12T04P03",0,0.728
"2132","28","34","30","S12T04P03",0.755,0.756
"2133","28","50","120","S12T04P03",0,0.747
"2134","28","34","120","S12T04P03",0.754,0.717
"2135","28","54","60","S12T04P03",0,0.736
"2136","28","38","60","S12T04P03",0.767,0.769
"2137","28","38","30","S12T04P03",0.738,0.75
"2138","28","54","5","S12T04P03",0,0.73
"2139","28","42","30","S12T04P03",0.748,0.755
"2140","28","42","120","S12T04P03",0.527,0.746
"2141","28","42","60","S12T04P03",0.73,0.741
"2142","28","38","5","S12T04P03",0.762,0.813
"2143","29","46","30","S14T05P07",0,0.718
"2144","29","46","120","S14T05P07",0,0.755
"2145","29","46","5","S14T05P07",0,0.751
"2146","29","50","60","S14T05P07",0,0.757
"2147","29","54","30","S14T05P07",0,0.765
"2148","29","46","60","S14T05P07",0,0.772
"2149","29","54","15","S14T05P07",0,0.727
"2150","29","46","15","S14T05P07",0.523,0.745
"2151","29","54","5","S14T05P07",0,0.747
"2152","29","42","30","S14T05P07",0.713,0.743
"2153","29","42","15","S14T05P07",0.728,0.737
"2154","29","34","15","S14T05P07",0.73,0.778
"2155","29","38","120","S14T05P07",0.727,0
"2156","29","42","120","S14T05P07",0,0.741
"2157","29","54","60","S14T05P07",0,0.77
"2158","29","50","15","S14T05P07",0,0.767
"2159","29","38","60","S14T05P07",0.722,0.726
"2160","29","34","60","S14T05P07",0.749,0.761
"2161","29","34","30","S14T05P07",0.702,0.745
"2162","29","34","120","S14T05P07",0.738,0.713
"2163","29","38","15","S14T05P07",0.684,0.468
"2164","29","38","5","S14T05P07",0.736,0.822
"2165","29","42","60","S14T05P07",0.677,0.732
"2166","29","50","30","S14T05P07",0,0.728
"2167","29","50","120","S14T05P07",0,0.775
"2168","29","38","30","S14T05P07",0.724,0.74
"2169","3","34","15","S10T01P01",0.717,0.763
"2170","3","42","15","S10T01P01",0.76,0.772
"2171","3","50","15","S10T01P01",0,0.754
"2172","3","50","60","S10T01P01",0,0.767
"2173","3","42","30","S10T01P01",0.731,0.758
"2174","3","54","60","S10T01P01",0,0.76
"2175","3","50","120","S10T01P01",0,0.771
"2176","3","34","120","S10T01P01",0.736,0.743
"2177","3","42","60","S10T01P01",0.728,0.765
"2178","3","34","60","S10T01P01",0.747,0.755
"2179","3","38","15","S10T01P01",0.748,0.524
"2180","3","46","120","S10T01P01",0,0.781
"2181","3","54","5","S10T01P01",0,0.746
"2182","3","38","30","S10T01P01",0.746,0.774
"2183","3","34","30","S10T01P01",0.732,0.753
"2184","3","50","30","S10T01P01",0,0.76
"2185","3","42","120","S10T01P01",0.732,0.759
"2186","3","54","30","S10T01P01",0,0.745
"2187","3","38","5","S10T01P01",0.767,0.837
"2188","3","46","5","S10T01P01",0,0.758
"2189","3","54","15","S10T01P01",0,0.736
"2190","3","38","60","S10T01P01",0.699,0.763
"2191","3","46","15","S10T01P01",0.661,0.735
"2192","3","38","120","S10T01P01",0.756,0.772
"2193","3","46","30","S10T01P01",0,0.747
"2194","3","46","60","S10T01P01",0.097,0.727
"2195","30","34","60","S13T02P07",0.715,0.743
"2196","30","50","15","S13T02P07",0,0.752
"2197","30","38","5","S13T02P07",0.694,0.82
"2198","30","46","5","S13T02P07",0,0.754
"2199","30","50","30","S13T02P07",0,0.751
"2200","30","42","15","S13T02P07",0.645,0.738
"2201","30","38","15","S13T02P07",0.696,0.476
"2202","30","50","60","S13T02P07",0,0.746
"2203","30","38","60","S13T02P07",0.521,0.735
"2204","30","46","60","S13T02P07",0,0.76
"2205","30","38","30","S13T02P07",0.641,0.74
"2206","30","46","30","S13T02P07",0,0.744
"2207","30","46","120","S13T02P07",0,0.751
"2208","30","50","120","S13T02P07",0,0.769
"2209","30","42","30","S13T02P07",0.68,0.743
"2210","30","34","120","S13T02P07",0.705,0.707
"2211","30","54","30","S13T02P07",0,0.746
"2212","30","34","15","S13T02P07",0.727,0.75
"2213","30","34","30","S13T02P07",0.689,0.757
"2214","30","54","15","S13T02P07",0,0.749
"2215","30","54","60","S13T02P07",0,NA
"2216","30","46","15","S13T02P07",0,0.736
"2217","30","42","60","S13T02P07",0.724,0.746
"2218","30","54","5","S13T02P07",0,0.727
"2219","30","38","120","S13T02P07",NA,0.748
"2220","4","42","60","S14T05P07",0.7,0.748
"2221","4","50","15","S14T05P07",0,0.756
"2222","4","34","15","S14T05P07",0.647,0.761
"2223","4","42","15","S14T05P07",0.698,0.749
"2224","4","50","60","S14T05P07",0,0.754
"2225","4","34","120","S14T05P07",0.693,0.745
"2226","4","38","5","S14T05P07",0.746,0.84
"2227","4","34","60","S14T05P07",0.69,0.756
"2228","4","34","30","S14T05P07",0.663,0.745
"2229","4","42","120","S14T05P07",0.68,0.733
"2230","4","42","30","S14T05P07",0.583,0.762
"2231","4","46","5","S14T05P07",0,0.761
"2232","4","38","30","S14T05P07",0.708,0.759
"2233","4","46","120","S14T05P07",0,0.758
"2234","4","50","30","S14T05P07",0,0.735
"2235","4","54","15","S14T05P07",0,0.755
"2236","4","50","120","S14T05P07",0,0.771
"2237","4","54","30","S14T05P07",0,0.763
"2238","4","46","60","S14T05P07",0,0.738
"2239","4","54","60","S14T05P07",0,0.759
"2240","4","46","15","S14T05P07",0.5,0.749
"2241","4","38","60","S14T05P07",0.695,0.764
"2242","4","38","120","S14T05P07",0.718,0.756
"2243","4","54","5","S14T05P07",0,0.739
"2244","4","46","30","S14T05P07",0.39,0.725
"2245","4","38","15","S14T05P07",0.721,0.487
"2246","5","34","60","S09T08P01",0.683,0.77
"2247","5","34","15","S09T08P01",0.619,0.742
"2248","5","46","60","S09T08P01",0,0.735
"2249","5","42","15","S09T08P01",0.12,0.74
"2250","5","46","15","S09T08P01",0.304,0.735
"2251","5","42","60","S09T08P01",0.718,0.731
"2252","5","38","5","S09T08P01",0.614,0.793
"2253","5","46","120","S09T08P01",0,0.734
"2254","5","46","5","S09T08P01",0,0.696
"2255","5","34","120","S09T08P01",0.72,0.759
"2256","5","42","120","S09T08P01",0.712,0.758
"2257","5","50","120","S09T08P01",0,0.697
"2258","5","46","30","S09T08P01",0,0.733
"2259","5","34","30","S09T08P01",0.666,0.734
"2260","5","38","120","S09T08P01",0.735,0.756
"2261","5","38","30","S09T08P01",0.67,0.708
"2262","5","42","30","S09T08P01",0.403,0.744
"2263","5","54","60","S09T08P01",0,0.746
"2264","5","38","60","S09T08P01",0.682,0.738
"2265","5","38","15","S09T08P01",0.722,0.517
"2266","5","50","15","S09T08P01",0,0.725
"2267","5","54","15","S09T08P01",0,0.738
"2268","5","50","30","S09T08P01",0,0.739
"2269","5","54","5","S09T08P01",0,0.73
"2270","5","54","30","S09T08P01",0,0.753
"2271","5","50","60","S09T08P01",0,0.753
"2272","6","34","15","S12T05P09",0.425,0.719
"2273","6","42","60","S12T05P09",0.702,0.738
"2274","6","46","120","S12T05P09",0,0.731
"2275","6","54","60","S12T05P09",0,0.735
"2276","6","42","30","S12T05P09",0.538,0.73
"2277","6","42","120","S12T05P09",0.228,0.743
"2278","6","42","15","S12T05P09",0.674,0.755
"2279","6","46","5","S12T05P09",0,0.717
"2280","6","34","60","S12T05P09",0.495,0.744
"2281","6","46","30","S12T05P09",0.281,0.713
"2282","6","34","120","S12T05P09",0.512,0.746
"2283","6","46","15","S12T05P09",0.321,0.732
"2284","6","38","15","S12T05P09",0.635,0.488
"2285","6","50","30","S12T05P09",0,0.731
"2286","6","46","60","S12T05P09",0.106,0.708
"2287","6","38","5","S12T05P09",0.718,0.81
"2288","6","54","5","S12T05P09",0,0.72
"2289","6","38","60","S12T05P09",0.675,0.749
"2290","6","38","120","S12T05P09",0.728,0.742
"2291","6","34","30","S12T05P09",0.718,0.733
"2292","6","50","120","S12T05P09",0,0.76
"2293","6","50","60","S12T05P09",0,0.723
"2294","6","54","30","S12T05P09",0,0.713
"2295","6","50","15","S12T05P09",0,0.73
"2296","6","38","30","S12T05P09",0.599,0.745
"2297","6","54","15","S12T05P09",0,0.746
"2298","7","46","5","S10T07P07",0,0.757
"2299","7","46","60","S10T07P07",0,0.763
"2300","7","34","15","S10T07P07",0.724,0.76
"2301","7","46","15","S10T07P07",0.462,0.733
"2302","7","46","30","S10T07P07",0.398,0.735
"2303","7","34","30","S10T07P07",0.759,0.762
"2304","7","42","15","S10T07P07",0.69,0.747
"2305","7","34","60","S10T07P07",0.659,0.747
"2306","7","34","120","S10T07P07",0.72,0.739
"2307","7","42","60","S10T07P07",0.734,0.748
"2308","7","50","120","S10T07P07",0,0.783
"2309","7","38","15","S10T07P07",0.756,0.5
"2310","7","46","120","S10T07P07",0,0.773
"2311","7","38","120","S10T07P07",0.749,0.736
"2312","7","38","30","S10T07P07",0.633,0.74
"2313","7","38","5","S10T07P07",0.755,0.837
"2314","7","42","120","S10T07P07",0.497,0.744
"2315","7","54","60","S10T07P07",0,0.766
"2316","7","50","15","S10T07P07",0,0.762
"2317","7","42","30","S10T07P07",0.726,0.736
"2318","7","54","5","S10T07P07",0,0.752
"2319","7","54","30","S10T07P07",0,0.744
"2320","7","50","30","S10T07P07",0,0.751
"2321","7","50","60","S10T07P07",0,0.756
"2322","7","54","15","S10T07P07",0,0.764
"2323","7","38","60","S10T07P07",0.717,0.769
"2324","8","46","120","S07T07P18",0,0.767
"2325","8","34","120","S07T07P18",0.71,0.747
"2326","8","34","60","S07T07P18",0.63,0.76
"2327","8","42","60","S07T07P18",0.726,0.742
"2328","8","46","60","S07T07P18",0,0.742
"2329","8","34","15","S07T07P18",0.72,0.77
"2330","8","46","15","S07T07P18",0.46,0.743
"2331","8","46","5","S07T07P18",0.276,0.751
"2332","8","50","15","S07T07P18",0,0.739
"2333","8","42","15","S07T07P18",0.617,0.749
"2334","8","38","120","S07T07P18",0.747,0.753
"2335","8","42","30","S07T07P18",0.641,0.74
"2336","8","46","30","S07T07P18",0,0.726
"2337","8","34","30","S07T07P18",0.624,0.722
"2338","8","50","30","S07T07P18",0,0.734
"2339","8","50","120","S07T07P18",0,0.747
"2340","8","38","15","S07T07P18",0.71,0.508
"2341","8","54","60","S07T07P18",0,0.76
"2342","8","50","60","S07T07P18",0,0.777
"2343","8","38","60","S07T07P18",0.72,0.756
"2344","8","38","5","S07T07P18",0.699,0.829
"2345","8","54","15","S07T07P18",0,0.761
"2346","8","54","30","S07T07P18",0,0.721
"2347","8","38","30","S07T07P18",0.711,0.764
"2348","8","42","120","S07T07P18",0.689,0.745
"2349","8","54","5","S07T07P18",0,0.736
"2350","9","34","120","S10T07P07",0.72,0.735
"2351","9","34","15","S10T07P07",0.726,0.759
"2352","9","54","30","S10T07P07",0,0.722
"2353","9","46","30","S10T07P07",0.418,0.75
"2354","9","34","60","S10T07P07",0.72,0.772
"2355","9","34","30","S10T07P07",0.738,0.759
"2356","9","50","15","S10T07P07",0,0.768
"2357","9","54","15","S10T07P07",0,0.729
"2358","9","50","30","S10T07P07",0,0.756
"2359","9","42","60","S10T07P07",0.765,0.761
"2360","9","38","5","S10T07P07",0.744,0.822
"2361","9","46","15","S10T07P07",0.709,0.76
"2362","9","46","120","S10T07P07",0,0.782
"2363","9","50","60","S10T07P07",0,0.785
"2364","9","38","60","S10T07P07",0.77,0.774
"2365","9","46","60","S10T07P07",0.178,0.764
"2366","9","50","120","S10T07P07",0,0.752
"2367","9","42","30","S10T07P07",0.749,0.772
"2368","9","42","120","S10T07P07",0.762,0.762
"2369","9","38","120","S10T07P07",0.751,0.749
"2370","9","42","15","S10T07P07",0.758,0.757
"2371","9","46","5","S10T07P07",0.227,0.752
"2372","9","54","5","S10T07P07",0,0.756
"2373","9","38","15","S10T07P07",0.743,0.51
"2374","9","38","30","S10T07P07",0.723,0.761
"2375","9","54","60","S10T07P07",0,0.779
"2376","1","34","120","S09T05P09",0.66,0.7
"2377","1","46","120","S09T05P09",0,0.75
"2378","1","50","120","S09T05P09",0,0.769
"2379","1","50","30","S09T05P09",0,0.728
"2380","1","38","5","S09T05P09",0.693,0.74
"2381","1","38","30","S09T05P09",0.737,0.754
"2382","1","50","5","S09T05P09",0,0.675
"2383","1","54","60","S09T05P09",0,0.662
"2384","1","38","60","S09T05P09",0.711,0.706
"2385","1","46","5","S09T05P09",0.651,0.755
"2386","1","38","15","S09T05P09",0.729,0.711
"2387","1","54","5","S09T05P09",0,0.738
"2388","1","42","60","S09T05P09",0.65,0.718
"2389","1","46","15","S09T05P09",0,0.769
"2390","1","42","5","S09T05P09",0.683,0.762
"2391","1","42","30","S09T05P09",0.701,0.717
"2392","1","38","120","S09T05P09",0.604,0.664
"2393","1","50","60","S09T05P09",0,0.709
"2394","1","34","15","S09T05P09",0.707,0.684
"2395","1","42","15","S09T05P09",0.69,0.698
"2396","1","46","60","S09T05P09",0,0.714
"2397","1","46","30","S09T05P09",0,0.72
"2398","1","42","120","S09T05P09",0.687,0.731
"2399","1","54","30","S09T05P09",0,0.725
"2400","1","34","60","S09T05P09",0.635,0.74
"2401","1","54","15","S09T05P09",0,0.715
"2402","10","46","5","S09T05P09",0.592,0.698
"2403","10","46","120","S09T05P09",0,0.699
"2404","10","46","30","S09T05P09",0,0.717
"2405","10","46","60","S09T05P09",0,0.724
"2406","10","50","120","S09T05P09",0,0.671
"2407","10","54","5","S09T05P09",0,0.701
"2408","10","42","5","S09T05P09",0.719,0.765
"2409","10","46","15","S09T05P09",0,0.675
"2410","10","54","30","S09T05P09",0,0.664
"2411","10","50","5","S09T05P09",0.14,0.731
"2412","10","50","60","S09T05P09",0,0.756
"2413","10","38","60","S09T05P09",0.73,0.703
"2414","10","54","15","S09T05P09",0,0.726
"2415","10","34","15","S09T05P09",0.726,0.726
"2416","10","42","60","S09T05P09",0.727,0.724
"2417","10","50","30","S09T05P09",0,0.626
"2418","10","34","60","S09T05P09",0.718,0.714
"2419","10","34","120","S09T05P09",0.729,0.687
"2420","10","42","120","S09T05P09",0.693,0.724
"2421","10","38","15","S09T05P09",0.73,0.723
"2422","10","42","15","S09T05P09",0.705,0.715
"2423","10","54","60","S09T05P09",0,0.714
"2424","10","38","5","S09T05P09",0.729,0.729
"2425","10","42","30","S09T05P09",0.723,0.725
"2426","10","38","120","S09T05P09",0.713,0.763
"2427","10","38","30","S09T05P09",0.728,0.746
"2428","11","46","15","S13T04P02",0.279,0.723
"2429","11","46","60","S13T04P02",0,0.708
"2430","11","46","120","S13T04P02",0,0.71
"2431","11","46","5","S13T04P02",0.5,0.735
"2432","11","42","120","S13T04P02",0.587,0.754
"2433","11","46","30","S13T04P02",0,0.733
"2434","11","42","5","S13T04P02",0.56,0.787
"2435","11","54","30","S13T04P02",0,0.724
"2436","11","50","120","S13T04P02",0,0.744
"2437","11","38","60","S13T04P02",0.388,0.744
"2438","11","54","5","S13T04P02",0,0.739
"2439","11","42","15","S13T04P02",0.671,0.735
"2440","11","50","5","S13T04P02",0,0.761
"2441","11","42","60","S13T04P02",0.449,0.738
"2442","11","50","60","S13T04P02",0,0.729
"2443","11","34","60","S13T04P02",0.731,0.748
"2444","11","34","120","S13T04P02",0.647,0.674
"2445","11","54","15","S13T04P02",0,0.737
"2446","11","34","15","S13T04P02",0.669,0.722
"2447","11","42","30","S13T04P02",0.651,0.753
"2448","11","38","5","S13T04P02",0.689,0.753
"2449","11","38","15","S13T04P02",0.726,0.746
"2450","11","54","60","S13T04P02",0,0.729
"2451","11","38","120","S13T04P02",0.595,0.72
"2452","11","38","30","S13T04P02",0.689,0.764
"2453","11","50","30","S13T04P02",0,0.724
"2454","12","38","60","S12T01P01",0.753,0.766
"2455","12","42","120","S12T01P01",0.754,0.737
"2456","12","38","120","S12T01P01",0.739,0.748
"2457","12","50","5","S12T01P01",0,0.767
"2458","12","50","60","S12T01P01",0,0.746
"2459","12","42","15","S12T01P01",0.715,0.737
"2460","12","42","30","S12T01P01",0.717,0.766
"2461","12","34","120","S12T01P01",0.75,0.763
"2462","12","54","5","S12T01P01",0,0.705
"2463","12","34","60","S12T01P01",0.714,0.761
"2464","12","42","5","S12T01P01",0.742,0.792
"2465","12","46","15","S12T01P01",0.175,0.771
"2466","12","38","5","S12T01P01",0.722,0.759
"2467","12","38","15","S12T01P01",0.761,0.763
"2468","12","54","30","S12T01P01",0,0.73
"2469","12","46","30","S12T01P01",0,0.753
"2470","12","42","60","S12T01P01",0.697,0.758
"2471","12","46","120","S12T01P01",0,0.754
"2472","12","46","5","S12T01P01",0.567,0.739
"2473","12","46","60","S12T01P01",0,0.766
"2474","12","54","60","S12T01P01",0,0.754
"2475","12","54","15","S12T01P01",0,0.755
"2476","12","50","30","S12T01P01",0,0.749
"2477","12","50","120","S12T01P01",0,0.739
"2478","12","34","15","S12T01P01",0.722,0.749
"2479","12","38","30","S12T01P01",0.767,0.768
"2480","13","50","120","S09T06P13",0,0.749
"2481","13","46","120","S09T06P13",0,0.757
"2482","13","50","5","S09T06P13",0.146,0.724
"2483","13","54","30","S09T06P13",0,0.755
"2484","13","54","5","S09T06P13",0,0.723
"2485","13","54","60","S09T06P13",0,0.779
"2486","13","54","15","S09T06P13",0,0.753
"2487","13","38","30","S09T06P13",0.753,0.763
"2488","13","34","15","S09T06P13",0.725,0.732
"2489","13","46","60","S09T06P13",0,0.746
"2490","13","50","60","S09T06P13",0,0.774
"2491","13","38","15","S09T06P13",0.734,0.734
"2492","13","34","60","S09T06P13",0.735,0.7
"2493","13","34","120","S09T06P13",0.74,0.741
"2494","13","38","60","S09T06P13",0.735,0.764
"2495","13","50","30","S09T06P13",0,0.755
"2496","13","38","5","S09T06P13",0.744,0.741
"2497","13","46","5","S09T06P13",0.647,0.741
"2498","13","38","120","S09T06P13",0.718,0.764
"2499","13","42","120","S09T06P13",0.698,0.76
"2500","13","46","15","S09T06P13",0,0.781
"2501","13","42","15","S09T06P13",0.741,0.699
"2502","13","46","30","S09T06P13",0.133,0.726
"2503","13","42","30","S09T06P13",0.732,0.745
"2504","13","42","5","S09T06P13",0.738,0.799
"2505","13","42","60","S09T06P13",0.734,0.754
"2506","14","42","5","S06T05P27",0.765,0.791
"2507","14","42","15","S06T05P27",0.758,0.744
"2508","14","42","30","S06T05P27",0.752,0.738
"2509","14","54","60","S06T05P27",0,0.763
"2510","14","54","5","S06T05P27",0,0.764
"2511","14","42","60","S06T05P27",0.761,0.757
"2512","14","42","120","S06T05P27",0.74,0.74
"2513","14","38","5","S06T05P27",0.767,0.768
"2514","14","54","15","S06T05P27",0,0.739
"2515","14","54","30","S06T05P27",0,0.752
"2516","14","38","30","S06T05P27",0.76,0.784
"2517","14","38","60","S06T05P27",0.76,0.769
"2518","14","50","5","S06T05P27",0.144,0.76
"2519","14","50","60","S06T05P27",0,0.745
"2520","14","50","30","S06T05P27",0,0.708
"2521","14","46","30","S06T05P27",0,0.723
"2522","14","50","120","S06T05P27",0,0.757
"2523","14","46","60","S06T05P27",0,0.742
"2524","14","46","120","S06T05P27",0,0.769
"2525","14","46","5","S06T05P27",0.536,0.736
"2526","14","34","60","S06T05P27",0.763,0.77
"2527","14","46","15","S06T05P27",0,0.755
"2528","14","38","15","S06T05P27",0.744,0.74
"2529","14","34","120","S06T05P27",0.751,0.769
"2530","14","34","15","S06T05P27",0.759,0.722
"2531","14","38","120","S06T05P27",0.762,0.777
"2532","15","38","15","S13T04P02",0.725,0.742
"2533","15","34","15","S13T04P02",0.759,0.768
"2534","15","42","120","S13T04P02",0.603,0.736
"2535","15","54","30","S13T04P02",0,0.738
"2536","15","38","120","S13T04P02",0.62,0.694
"2537","15","34","120","S13T04P02",0.695,0.718
"2538","15","46","120","S13T04P02",0,0.771
"2539","15","42","15","S13T04P02",0.699,0.755
"2540","15","54","5","S13T04P02",0,0.717
"2541","15","54","15","S13T04P02",0,0.755
"2542","15","38","30","S13T04P02",0.705,0.763
"2543","15","54","60","S13T04P02",0,0.748
"2544","15","46","15","S13T04P02",0,0.759
"2545","15","34","60","S13T04P02",0.706,0.757
"2546","15","42","60","S13T04P02",0.636,0.731
"2547","15","50","30","S13T04P02",0,0.721
"2548","15","42","5","S13T04P02",0.736,0.794
"2549","15","46","60","S13T04P02",0,0.711
"2550","15","50","120","S13T04P02",0,0.722
"2551","15","42","30","S13T04P02",0.686,0.708
"2552","15","46","5","S13T04P02",0.631,0.717
"2553","15","50","60","S13T04P02",0,0.743
"2554","15","38","60","S13T04P02",0.759,0.761
"2555","15","46","30","S13T04P02",0,0.712
"2556","15","50","5","S13T04P02",0.163,0.712
"2557","15","38","5","S13T04P02",0.715,0.728
"2558","16","38","5","S05T07P02",0.773,0.744
"2559","16","50","5","S05T07P02",0,0.739
"2560","16","42","5","S05T07P02",0.732,0.792
"2561","16","50","60","S05T07P02",0,0.758
"2562","16","42","120","S05T07P02",0.766,0.744
"2563","16","38","60","S05T07P02",0.767,0.75
"2564","16","46","15","S05T07P02",0.091,0.761
"2565","16","46","120","S05T07P02",0,0.767
"2566","16","54","30","S05T07P02",0,0.749
"2567","16","38","30","S05T07P02",0.737,0.769
"2568","16","42","30","S05T07P02",0.757,0.748
"2569","16","54","15","S05T07P02",0,0.773
"2570","16","34","120","S05T07P02",0.748,0.723
"2571","16","34","60","S05T07P02",0.733,0.731
"2572","16","46","60","S05T07P02",0,0.757
"2573","16","46","30","S05T07P02",0,0.722
"2574","16","34","15","S05T07P02",0.741,0.736
"2575","16","50","30","S05T07P02",0,0.757
"2576","16","50","120","S05T07P02",0,0.725
"2577","16","42","15","S05T07P02",0.745,0.754
"2578","16","46","5","S05T07P02",0.466,0.731
"2579","16","54","5","S05T07P02",0,0.753
"2580","16","42","60","S05T07P02",0.664,0.728
"2581","16","54","60","S05T07P02",0,0.742
"2582","16","38","120","S05T07P02",0.746,0.718
"2583","16","38","15","S05T07P02",0.753,0.761
"2584","17","38","5","S10T05P03",0.735,0.73
"2585","17","42","120","S10T05P03",0.678,0.706
"2586","17","50","5","S10T05P03",0,0.724
"2587","17","38","60","S10T05P03",0.739,0.722
"2588","17","34","15","S10T05P03",0.749,0.734
"2589","17","38","30","S10T05P03",0.719,0.761
"2590","17","46","15","S10T05P03",0.071,0.749
"2591","17","42","15","S10T05P03",0.726,0.71
"2592","17","34","60","S10T05P03",0.722,0.695
"2593","17","42","60","S10T05P03",0.697,0.717
"2594","17","46","120","S10T05P03",0,0.738
"2595","17","50","30","S10T05P03",0,0.71
"2596","17","42","5","S10T05P03",0.706,0.732
"2597","17","42","30","S10T05P03",0.751,0.756
"2598","17","46","60","S10T05P03",0,0.765
"2599","17","50","120","S10T05P03",0,0.755
"2600","17","46","5","S10T05P03",0.426,0.72
"2601","17","34","120","S10T05P03",0.72,0.675
"2602","17","54","60","S10T05P03",0,0.69
"2603","17","50","60","S10T05P03",0,0.722
"2604","17","38","15","S10T05P03",0.721,0.712
"2605","17","54","30","S10T05P03",0,0.693
"2606","17","46","30","S10T05P03",0,0.713
"2607","17","54","5","S10T05P03",0,0.72
"2608","17","54","15","S10T05P03",0,0.754
"2609","17","38","120","S10T05P03",0.673,0.76
"2610","18","38","5","S06T05P27",0.759,0.757
"2611","18","38","60","S06T05P27",0.73,0.746
"2612","18","34","60","S06T05P27",0.76,0.754
"2613","18","42","120","S06T05P27",0.734,0.748
"2614","18","42","15","S06T05P27",0.741,0.76
"2615","18","46","120","S06T05P27",0,0.78
"2616","18","38","30","S06T05P27",0.775,0.766
"2617","18","34","15","S06T05P27",0.76,0.723
"2618","18","42","60","S06T05P27",0.752,0.755
"2619","18","42","5","S06T05P27",0.767,0.793
"2620","18","50","30","S06T05P27",0,0.756
"2621","18","46","15","S06T05P27",0.24,0.779
"2622","18","50","5","S06T05P27",0.101,0.74
"2623","18","54","5","S06T05P27",0,0.739
"2624","18","42","30","S06T05P27",0.755,0.758
"2625","18","34","120","S06T05P27",0.747,0.721
"2626","18","38","120","S06T05P27",0.758,0.755
"2627","18","46","60","S06T05P27",0,0.775
"2628","18","54","60","S06T05P27",0,0.774
"2629","18","50","120","S06T05P27",0,0.765
"2630","18","50","60","S06T05P27",0,0.781
"2631","18","38","15","S06T05P27",0.763,0.762
"2632","18","46","5","S06T05P27",0.468,0.735
"2633","18","54","15","S06T05P27",0,0.766
"2634","18","54","30","S06T05P27",0,0.763
"2635","18","46","30","S06T05P27",0.127,0.772
"2636","19","50","30","S12T01P01",0,0.749
"2637","19","38","5","S12T01P01",0.749,0.767
"2638","19","42","60","S12T01P01",0.619,0.749
"2639","19","38","30","S12T01P01",0.749,0.741
"2640","19","34","60","S12T01P01",0.754,0.748
"2641","19","50","5","S12T01P01",0,0.765
"2642","19","42","5","S12T01P01",0.729,0.796
"2643","19","42","15","S12T01P01",0.74,0.732
"2644","19","38","60","S12T01P01",0.596,0.76
"2645","19","42","120","S12T01P01",0.715,0.754
"2646","19","46","120","S12T01P01",0,0.775
"2647","19","42","30","S12T01P01",0.657,0.759
"2648","19","46","15","S12T01P01",0,0.761
"2649","19","50","120","S12T01P01",0,0.745
"2650","19","54","30","S12T01P01",0,0.74
"2651","19","50","60","S12T01P01",0,0.767
"2652","19","34","120","S12T01P01",0.724,0.737
"2653","19","46","5","S12T01P01",0.583,0.753
"2654","19","34","15","S12T01P01",0.723,0.739
"2655","19","46","60","S12T01P01",0,0.749
"2656","19","54","60","S12T01P01",0,0.747
"2657","19","54","5","S12T01P01",0,0.74
"2658","19","38","15","S12T01P01",0.763,0.756
"2659","19","54","15","S12T01P01",0,0.77
"2660","19","38","120","S12T01P01",0.75,0.722
"2661","19","46","30","S12T01P01",0,0.763
"2662","2","50","5","S13T04P02",0.097,0.74
"2663","2","38","60","S13T04P02",0.749,0.778
"2664","2","54","15","S13T04P02",0,0.729
"2665","2","46","15","S13T04P02",0,0.752
"2666","2","42","120","S13T04P02",0.625,0.753
"2667","2","54","5","S13T04P02",0,0.711
"2668","2","54","30","S13T04P02",0,0.73
"2669","2","46","30","S13T04P02",0,0.706
"2670","2","50","60","S13T04P02",0,0.722
"2671","2","34","15","S13T04P02",0.711,0.749
"2672","2","42","15","S13T04P02",0.69,0.727
"2673","2","54","60","S13T04P02",0,0.74
"2674","2","46","120","S13T04P02",0,0.732
"2675","2","46","60","S13T04P02",0,0.734
"2676","2","34","60","S13T04P02",0.657,0.751
"2677","2","38","15","S13T04P02",0.685,0.74
"2678","2","38","120","S13T04P02",0.462,0.737
"2679","2","34","120","S13T04P02",0.497,0.722
"2680","2","46","5","S13T04P02",0.622,0.72
"2681","2","38","5","S13T04P02",0.712,0.738
"2682","2","42","30","S13T04P02",0.641,0.711
"2683","2","50","30","S13T04P02",0,0.756
"2684","2","42","5","S13T04P02",0.622,0.736
"2685","2","38","30","S13T04P02",0.695,0.729
"2686","2","42","60","S13T04P02",0.277,0.751
"2687","2","50","120","S13T04P02",0,0.739
"2688","20","34","60","S14T06P05",0.735,0.761
"2689","20","38","30","S14T06P05",0.755,0.768
"2690","20","50","5","S14T06P05",0.2,0.758
"2691","20","46","15","S14T06P05",0,0.781
"2692","20","38","5","S14T06P05",0.764,0.766
"2693","20","50","30","S14T06P05",0,0.738
"2694","20","46","120","S14T06P05",0,0.771
"2695","20","42","30","S14T06P05",0.72,0.724
"2696","20","46","60","S14T06P05",0,0.778
"2697","20","42","60","S14T06P05",0.751,0.747
"2698","20","54","30","S14T06P05",0,0.781
"2699","20","50","60","S14T06P05",0,0.762
"2700","20","34","120","S14T06P05",0.757,0.746
"2701","20","42","5","S14T06P05",0.765,0.805
"2702","20","38","60","S14T06P05",0.736,0.744
"2703","20","42","15","S14T06P05",0.751,0.73
"2704","20","50","120","S14T06P05",0,0.748
"2705","20","54","15","S14T06P05",0,0.771
"2706","20","54","5","S14T06P05",0,0.767
"2707","20","54","60","S14T06P05",0,0.761
"2708","20","34","15","S14T06P05",0.766,0.775
"2709","20","42","120","S14T06P05",0.703,0.761
"2710","20","46","5","S14T06P05",0.577,0.733
"2711","20","38","15","S14T06P05",0.759,0.766
"2712","20","38","120","S14T06P05",0.752,0.772
"2713","20","46","30","S14T06P05",0,0.759
"2714","21","42","5","S10T05P03",0.712,0.783
"2715","21","46","60","S10T05P03",0,0.694
"2716","21","50","5","S10T05P03",0,0.749
"2717","21","46","15","S10T05P03",0,0.761
"2718","21","46","120","S10T05P03",0,0.735
"2719","21","54","30","S10T05P03",0,0.712
"2720","21","38","5","S10T05P03",0.731,0.722
"2721","21","38","30","S10T05P03",0.738,0.721
"2722","21","54","15","S10T05P03",0,0.717
"2723","21","42","30","S10T05P03",0.722,0.732
"2724","21","46","5","S10T05P03",0.533,0.736
"2725","21","50","60","S10T05P03",0,0.762
"2726","21","34","120","S10T05P03",0.756,0.728
"2727","21","38","60","S10T05P03",0.736,0.723
"2728","21","42","15","S10T05P03",0.718,0.731
"2729","21","42","60","S10T05P03",0.725,0.757
"2730","21","34","60","S10T05P03",0.741,0.744
"2731","21","50","120","S10T05P03",0,0.7
"2732","21","46","30","S10T05P03",0,0.726
"2733","21","34","15","S10T05P03",0.727,0.731
"2734","21","54","60","S10T05P03",0,0.743
"2735","21","42","120","S10T05P03",0.737,0.746
"2736","21","38","120","S10T05P03",0.674,0.722
"2737","21","50","30","S10T05P03",0,0.714
"2738","21","54","5","S10T05P03",0,0.701
"2739","21","38","15","S10T05P03",0.743,0.704
"2740","22","46","30","S09T05P09",0.119,0.718
"2741","22","42","5","S09T05P09",0.735,0.804
"2742","22","42","30","S09T05P09",0.72,0.699
"2743","22","54","15","S09T05P09",0,0.729
"2744","22","38","30","S09T05P09",0.733,0.708
"2745","22","46","60","S09T05P09",0,0.727
"2746","22","46","5","S09T05P09",0.564,0.7
"2747","22","38","5","S09T05P09",0.732,0.72
"2748","22","46","15","S09T05P09",0,0.64
"2749","22","54","30","S09T05P09",0,0.71
"2750","22","46","120","S09T05P09",0,0.744
"2751","22","34","120","S09T05P09",0.736,0.69
"2752","22","42","15","S09T05P09",0.739,0.72
"2753","22","42","60","S09T05P09",0.699,0.726
"2754","22","38","60","S09T05P09",0.758,0.756
"2755","22","50","30","S09T05P09",0,0.715
"2756","22","50","60","S09T05P09",0,0.718
"2757","22","34","60","S09T05P09",0.728,0.724
"2758","22","54","60","S09T05P09",0,0.708
"2759","22","42","120","S09T05P09",0.686,0.629
"2760","22","38","15","S09T05P09",0.71,0.682
"2761","22","50","120","S09T05P09",0,0.715
"2762","22","54","5","S09T05P09",0,0.669
"2763","22","50","5","S09T05P09",0.224,0.699
"2764","22","38","120","S09T05P09",0.695,0.627
"2765","22","34","15","S09T05P09",0.731,0.659
"2766","23","42","30","S09T06P13",0.723,0.745
"2767","23","42","5","S09T06P13",0.718,0.806
"2768","23","46","60","S09T06P13",0,0.764
"2769","23","46","30","S09T06P13",0,0.717
"2770","23","38","60","S09T06P13",0.738,0.754
"2771","23","46","15","S09T06P13",0,0.757
"2772","23","46","5","S09T06P13",0.513,0.736
"2773","23","50","30","S09T06P13",0,0.752
"2774","23","38","5","S09T06P13",0.735,0.732
"2775","23","46","120","S09T06P13",0,0.747
"2776","23","54","30","S09T06P13",0,0.748
"2777","23","42","120","S09T06P13",0.678,0.758
"2778","23","50","120","S09T06P13",0,0.744
"2779","23","50","60","S09T06P13",0,0.763
"2780","23","34","60","S09T06P13",0.764,0.762
"2781","23","54","15","S09T06P13",0,0.765
"2782","23","34","120","S09T06P13",0.721,0.698
"2783","23","50","5","S09T06P13",0.155,0.732
"2784","23","54","60","S09T06P13",0,0.737
"2785","23","34","15","S09T06P13",0.724,0.742
"2786","23","42","15","S09T06P13",0.726,0.738
"2787","23","38","15","S09T06P13",0.721,0.729
"2788","23","38","30","S09T06P13",0.747,0.767
"2789","23","38","120","S09T06P13",0.759,0.769
"2790","23","54","5","S09T06P13",0,0.73
"2791","23","42","60","S09T06P13",0.684,0.75
"2792","24","42","5","S06T05P27",0.75,0.803
"2793","24","46","30","S06T05P27",0,0.751
"2794","24","46","5","S06T05P27",0.454,0.753
"2795","24","42","30","S06T05P27",0.752,0.766
"2796","24","46","120","S06T05P27",0,0.752
"2797","24","46","60","S06T05P27",0,0.766
"2798","24","38","5","S06T05P27",0.759,0.746
"2799","24","46","15","S06T05P27",0.129,0.749
"2800","24","38","60","S06T05P27",0.757,0.737
"2801","24","50","30","S06T05P27",0,0.702
"2802","24","54","30","S06T05P27",0,0.759
"2803","24","50","60","S06T05P27",0,0.751
"2804","24","42","15","S06T05P27",0.742,0.751
"2805","24","38","30","S06T05P27",0.737,0.737
"2806","24","34","60","S06T05P27",0.759,0.739
"2807","24","42","120","S06T05P27",0.762,0.763
"2808","24","34","15","S06T05P27",0.76,0.772
"2809","24","50","5","S06T05P27",0.164,0.78
"2810","24","34","120","S06T05P27",0.74,0.713
"2811","24","54","15","S06T05P27",0,0.763
"2812","24","54","60","S06T05P27",0,0.766
"2813","24","38","15","S06T05P27",0.731,0.723
"2814","24","42","60","S06T05P27",0.641,0.768
"2815","24","50","120","S06T05P27",0,0.743
"2816","24","38","120","S06T05P27",0.752,0.783
"2817","24","54","5","S06T05P27",0,0.727
"2818","25","38","60","S14T06P05",0.76,0.739
"2819","25","38","5","S14T06P05",0.749,0.757
"2820","25","42","120","S14T06P05",0.682,0.768
"2821","25","46","15","S14T06P05",0,0.748
"2822","25","46","120","S14T06P05",0,0.77
"2823","25","42","5","S14T06P05",0.747,0.791
"2824","25","42","30","S14T06P05",0.693,0.737
"2825","25","42","15","S14T06P05",0.739,0.783
"2826","25","38","30","S14T06P05",0.766,0.768
"2827","25","34","60","S14T06P05",0.761,0.77
"2828","25","50","30","S14T06P05",0,0.692
"2829","25","34","15","S14T06P05",0.747,0.76
"2830","25","42","60","S14T06P05",0.654,0.749
"2831","25","50","5","S14T06P05",0,0.754
"2832","25","34","120","S14T06P05",0.73,0.725
"2833","25","46","60","S14T06P05",0,0.752
"2834","25","46","5","S14T06P05",0.506,0.777
"2835","25","46","30","S14T06P05",0,0.75
"2836","25","50","120","S14T06P05",0,0.718
"2837","25","38","120","S14T06P05",0.685,0.746
"2838","25","54","15","S14T06P05",0,0.781
"2839","25","54","30","S14T06P05",0,0.76
"2840","25","38","15","S14T06P05",0.755,0.764
"2841","25","50","60","S14T06P05",0,0.77
"2842","25","54","60","S14T06P05",0,0.7
"2843","25","54","5","S14T06P05",0,0.729
"2844","26","50","5","S05T07P02",0,0.769
"2845","26","50","60","S05T07P02",0,0.765
"2846","26","38","60","S05T07P02",0.741,0.707
"2847","26","54","15","S05T07P02",0,0.767
"2848","26","34","120","S05T07P02",0.765,0.748
"2849","26","38","5","S05T07P02",0.764,0.776
"2850","26","42","15","S05T07P02",0.732,0.758
"2851","26","42","120","S05T07P02",0.738,0.746
"2852","26","50","30","S05T07P02",0,0.726
"2853","26","34","15","S05T07P02",0.764,0.745
"2854","26","42","60","S05T07P02",0.657,0.753
"2855","26","42","5","S05T07P02",0.759,0.788
"2856","26","38","30","S05T07P02",0.756,0.755
"2857","26","46","15","S05T07P02",0.07,0.738
"2858","26","34","60","S05T07P02",0.767,0.77
"2859","26","50","120","S05T07P02",0,0.754
"2860","26","42","30","S05T07P02",0.723,0.741
"2861","26","54","30","S05T07P02",0,0.743
"2862","26","54","5","S05T07P02",0,0.74
"2863","26","46","60","S05T07P02",0,0.761
"2864","26","46","120","S05T07P02",0,0.743
"2865","26","54","60","S05T07P02",0,0.752
"2866","26","46","30","S05T07P02",0,0.732
"2867","26","38","120","S05T07P02",0.739,0.738
"2868","26","46","5","S05T07P02",0.452,0.75
"2869","26","38","15","S05T07P02",0.752,0.755
"2870","27","46","5","S09T02P04",0.371,0.741
"2871","27","42","15","S09T02P04",0.7,0.713
"2872","27","42","30","S09T02P04",0.648,0.745
"2873","27","38","120","S09T02P04",0.741,0.763
"2874","27","54","30","S09T02P04",0,0.752
"2875","27","46","60","S09T02P04",0,0.748
"2876","27","54","15","S09T02P04",0,0.806
"2877","27","38","15","S09T02P04",0.754,0.75
"2878","27","46","30","S09T02P04",0,0.695
"2879","27","54","5","S09T02P04",0,0.713
"2880","27","38","60","S09T02P04",0.667,0.754
"2881","27","50","60","S09T02P04",0,0.732
"2882","27","34","120","S09T02P04",0.751,0.735
"2883","27","34","60","S09T02P04",0.743,0.741
"2884","27","50","120","S09T02P04",0,0.754
"2885","27","34","15","S09T02P04",0.737,0.755
"2886","27","42","5","S09T02P04",0.711,0.749
"2887","27","42","60","S09T02P04",0.705,0.774
"2888","27","50","5","S09T02P04",0,0.748
"2889","27","54","60","S09T02P04",0,0.766
"2890","27","46","15","S09T02P04",0,0.716
"2891","27","42","120","S09T02P04",0.747,0.769
"2892","27","46","120","S09T02P04",0,0.777
"2893","27","38","5","S09T02P04",0.712,0.71
"2894","27","38","30","S09T02P04",0.748,0.759
"2895","3","38","60","S14T06P05",0.739,0.768
"2896","3","54","30","S14T06P05",0,0.755
"2897","3","42","120","S14T06P05",0.584,0.759
"2898","3","46","15","S14T06P05",0,0.733
"2899","3","46","120","S14T06P05",0,0.759
"2900","3","50","60","S14T06P05",0,0.759
"2901","3","42","5","S14T06P05",0.733,0.799
"2902","3","46","30","S14T06P05",0,0.696
"2903","3","34","60","S14T06P05",0.689,0.758
"2904","3","46","60","S14T06P05",0,0.754
"2905","3","46","5","S14T06P05",0.504,0.752
"2906","3","50","5","S14T06P05",0.143,0.739
"2907","3","42","15","S14T06P05",0.616,0.753
"2908","3","42","60","S14T06P05",0.575,0.769
"2909","3","54","5","S14T06P05",0,0.752
"2910","3","34","120","S14T06P05",0.685,0.751
"2911","3","54","15","S14T06P05",0,0.754
"2912","3","50","120","S14T06P05",0,0.74
"2913","3","34","15","S14T06P05",0.765,0.757
"2914","3","50","30","S14T06P05",0,0.758
"2915","3","38","5","S14T06P05",0.715,0.759
"2916","3","42","30","S14T06P05",0.659,0.724
"2917","3","38","30","S14T06P05",0.658,0.775
"2918","3","54","60","S14T06P05",0,0.72
"2919","3","38","15","S14T06P05",0.748,0.757
"2920","3","38","120","S14T06P05",0.636,0.704
"2921","4","38","60","S09T02P04",0.742,0.748
"2922","4","50","60","S09T02P04",0,0.732
"2923","4","34","120","S09T02P04",0.678,0.732
"2924","4","42","120","S09T02P04",0.532,0.722
"2925","4","42","15","S09T02P04",0.563,0.753
"2926","4","38","5","S09T02P04",0.703,0.718
"2927","4","46","120","S09T02P04",0,0.734
"2928","4","46","15","S09T02P04",0.146,0.718
"2929","4","54","30","S09T02P04",0,0.76
"2930","4","42","30","S09T02P04",0.722,0.751
"2931","4","34","60","S09T02P04",0.732,0.749
"2932","4","50","5","S09T02P04",0,0.751
"2933","4","42","60","S09T02P04",0.414,0.761
"2934","4","42","5","S09T02P04",0.751,0.805
"2935","4","46","30","S09T02P04",0,0.746
"2936","4","46","60","S09T02P04",0,0.683
"2937","4","38","30","S09T02P04",0.65,0.745
"2938","4","50","30","S09T02P04",0,0.736
"2939","4","50","120","S09T02P04",0,0.726
"2940","4","54","60","S09T02P04",0,0.696
"2941","4","38","15","S09T02P04",0.699,0.715
"2942","4","46","5","S09T02P04",0.449,0.761
"2943","4","38","120","S09T02P04",0.741,0.777
"2944","4","54","15","S09T02P04",0,0.769
"2945","4","54","5","S09T02P04",0,0.721
"2946","4","34","15","S09T02P04",0.74,0.761
"2947","5","42","120","S09T06P13",0.682,0.771
"2948","5","46","120","S09T06P13",0,0.763
"2949","5","38","60","S09T06P13",0.707,0.747
"2950","5","42","15","S09T06P13",0.624,0.753
"2951","5","42","30","S09T06P13",0.657,0.736
"2952","5","34","60","S09T06P13",0.737,0.777
"2953","5","50","60","S09T06P13",0,0.755
"2954","5","42","60","S09T06P13",0.686,0.748
"2955","5","54","30","S09T06P13",0,0.785
"2956","5","46","15","S09T06P13",0.198,0.764
"2957","5","38","5","S09T06P13",0.689,0.749
"2958","5","42","5","S09T06P13",0.685,0.788
"2959","5","34","120","S09T06P13",0.708,0.703
"2960","5","38","120","S09T06P13",0.7,0.776
"2961","5","46","30","S09T06P13",0,0.724
"2962","5","50","30","S09T06P13",0,0.75
"2963","5","50","5","S09T06P13",0,0.747
"2964","5","38","30","S09T06P13",0.734,0.752
"2965","5","50","120","S09T06P13",0,0.748
"2966","5","46","60","S09T06P13",0,0.768
"2967","5","54","60","S09T06P13",0,0.747
"2968","5","46","5","S09T06P13",0.473,0.731
"2969","5","54","5","S09T06P13",0,0.734
"2970","5","38","15","S09T06P13",0.749,0.738
"2971","5","34","15","S09T06P13",0.719,0.724
"2972","5","54","15","S09T06P13",0,0.756
"2973","6","38","15","S10T05P03",0.707,0.698
"2974","6","42","120","S10T05P03",0.535,0.743
"2975","6","46","15","S10T05P03",0.182,0.73
"2976","6","34","60","S10T05P03",0.719,0.715
"2977","6","42","60","S10T05P03",0.652,0.762
"2978","6","50","60","S10T05P03",0,0.753
"2979","6","50","30","S10T05P03",0,0.69
"2980","6","42","5","S10T05P03",0.618,0.759
"2981","6","54","30","S10T05P03",0,0.729
"2982","6","38","60","S10T05P03",0.576,0.735
"2983","6","34","120","S10T05P03",0.67,0.687
"2984","6","42","15","S10T05P03",0.636,0.724
"2985","6","50","120","S10T05P03",0,0.701
"2986","6","50","5","S10T05P03",0.091,0.714
"2987","6","38","5","S10T05P03",0.674,0.71
"2988","6","46","120","S10T05P03",0,0.719
"2989","6","46","60","S10T05P03",0,0.721
"2990","6","46","30","S10T05P03",0,0.723
"2991","6","54","60","S10T05P03",0,0.716
"2992","6","54","5","S10T05P03",0,0.725
"2993","6","42","30","S10T05P03",0.665,0.715
"2994","6","38","30","S10T05P03",0.737,0.741
"2995","6","46","5","S10T05P03",0.492,0.749
"2996","6","54","15","S10T05P03",0,0.758
"2997","6","38","120","S10T05P03",0.549,0.698
"2998","6","34","15","S10T05P03",0.717,0.735
"2999","7","50","5","S05T07P02",0,0.761
"3000","7","42","120","S05T07P02",0.772,0.778
"3001","7","46","15","S05T07P02",0,0.765
"3002","7","54","30","S05T07P02",0,0.763
"3003","7","34","120","S05T07P02",0.762,0.764
"3004","7","38","60","S05T07P02",0.755,0.757
"3005","7","42","15","S05T07P02",0.746,0.751
"3006","7","50","60","S05T07P02",0,0.759
"3007","7","46","30","S05T07P02",0,0.726
"3008","7","46","120","S05T07P02",0,0.767
"3009","7","34","60","S05T07P02",0.732,0.766
"3010","7","54","5","S05T07P02",0,0.759
"3011","7","38","5","S05T07P02",0.761,0.756
"3012","7","42","60","S05T07P02",0.763,0.76
"3013","7","42","5","S05T07P02",0.766,0.783
"3014","7","46","60","S05T07P02",0,0.777
"3015","7","34","15","S05T07P02",0.75,0.754
"3016","7","54","60","S05T07P02",0,0.742
"3017","7","42","30","S05T07P02",0.711,0.757
"3018","7","38","30","S05T07P02",0.757,0.763
"3019","7","38","15","S05T07P02",0.749,0.765
"3020","7","50","120","S05T07P02",0,0.761
"3021","7","46","5","S05T07P02",0.62,0.75
"3022","7","54","15","S05T07P02",0,0.759
"3023","7","50","30","S05T07P02",0,0.73
"3024","7","38","120","S05T07P02",0.727,0.762
"3025","8","42","120","S09T02P04",0.731,0.762
"3026","8","46","30","S09T02P04",0,0.753
"3027","8","54","30","S09T02P04",0,0.708
"3028","8","46","120","S09T02P04",0,0.776
"3029","8","54","5","S09T02P04",0,0.71
"3030","8","50","5","S09T02P04",0,0.742
"3031","8","38","60","S09T02P04",0.759,0.77
"3032","8","42","15","S09T02P04",0.725,0.746
"3033","8","34","60","S09T02P04",0.742,0.762
"3034","8","46","15","S09T02P04",0.195,0.759
"3035","8","42","5","S09T02P04",0.735,0.756
"3036","8","46","5","S09T02P04",0.534,0.699
"3037","8","34","15","S09T02P04",0.758,0.763
"3038","8","54","15","S09T02P04",0,0.69
"3039","8","50","60","S09T02P04",0,0.737
"3040","8","42","60","S09T02P04",0.714,0.763
"3041","8","46","60","S09T02P04",0,0.707
"3042","8","34","120","S09T02P04",0.758,0.715
"3043","8","38","30","S09T02P04",0.762,0.777
"3044","8","38","15","S09T02P04",0.732,0.732
"3045","8","38","5","S09T02P04",0.763,0.765
"3046","8","42","30","S09T02P04",0.699,0.727
"3047","8","50","120","S09T02P04",0,0.754
"3048","8","50","30","S09T02P04",0,0.777
"3049","8","38","120","S09T02P04",0.742,0.744
"3050","8","54","60","S09T02P04",0,0.741
"3051","9","46","120","S12T01P01",0,0.777
"3052","9","46","30","S12T01P01",0,0.744
"3053","9","46","5","S12T01P01",0.598,0.728
"3054","9","54","30","S12T01P01",0,0.756
"3055","9","42","5","S12T01P01",0.74,0.784
"3056","9","42","120","S12T01P01",0.74,0.762
"3057","9","34","60","S12T01P01",0.752,0.771
"3058","9","54","5","S12T01P01",0,0.742
"3059","9","46","60","S12T01P01",0,0.754
"3060","9","42","15","S12T01P01",0.729,0.764
"3061","9","34","15","S12T01P01",0.718,0.726
"3062","9","46","15","S12T01P01",0.089,0.767
"3063","9","50","5","S12T01P01",0,0.728
"3064","9","50","120","S12T01P01",0,0.746
"3065","9","38","60","S12T01P01",0.753,0.778
"3066","9","42","60","S12T01P01",0.668,0.736
"3067","9","54","15","S12T01P01",0,0.768
"3068","9","50","60","S12T01P01",0,0.762
"3069","9","38","30","S12T01P01",0.677,0.742
"3070","9","38","15","S12T01P01",0.739,0.736
"3071","9","54","60","S12T01P01",0,0.745
"3072","9","50","30","S12T01P01",0,0.762
"3073","9","34","120","S12T01P01",0.735,0.761
"3074","9","42","30","S12T01P01",0.742,0.749
"3075","9","38","5","S12T01P01",0.715,0.772
"3076","9","38","120","S12T01P01",0.694,0.743
"3077","1","34","120","S12T09P01",0.321,0.75
"3078","1","54","60","S12T09P01",0,0.735
"3079","1","34","60","S12T09P01",0.364,0.68
"3080","1","46","5","S12T09P01",0.177,0.715
"3081","1","50","30","S12T09P01",0,0.739
"3082","1","54","5","S12T09P01",0,0.746
"3083","1","38","5","S12T09P01",0.462,0.712
"3084","1","42","30","S12T09P01",0.219,0.71
"3085","1","50","15","S12T09P01",0,0.653
"3086","1","54","30","S12T09P01",0,0.756
"3087","1","42","15","S12T09P01",0.153,0.744
"3088","1","46","15","S12T09P01",0,0.749
"3089","1","54","15","S12T09P01",0,0.754
"3090","1","38","15","S12T09P01",0.706,0.774
"3091","1","46","120","S12T09P01",0,0.743
"3092","1","46","60","S12T09P01",0,0.746
"3093","1","38","120","S12T09P01",0.628,0.739
"3094","1","38","60","S12T09P01",0.632,0.755
"3095","1","50","5","S12T09P01",0,0.703
"3096","1","34","15","S12T09P01",0.328,0.742
"3097","1","42","5","S12T09P01",0.722,0.733
"3098","1","46","30","S12T09P01",0,0.743
"3099","1","34","30","S12T09P01",0.42,0.745
"3100","1","50","60","S12T09P01",0,0.754
"3101","1","50","120","S12T09P01",0,0.754
"3102","1","42","120","S12T09P01",0.25,0.747
"3103","1","38","30","S12T09P01",0.736,0.742
"3104","1","42","60","S12T09P01",0,0.757
"3105","10","46","5","S06T01P07",0.318,0.772
"3106","10","50","15","S06T01P07",0,0.741
"3107","10","38","60","S06T01P07",0.777,0.756
"3108","10","42","120","S06T01P07",0.425,0.741
"3109","10","50","120","S06T01P07",0,0.77
"3110","10","42","5","S06T01P07",0.596,0.742
"3111","10","38","15","S06T01P07",0.598,0.751
"3112","10","54","60","S06T01P07",0,0.762
"3113","10","34","30","S06T01P07",0.761,0.773
"3114","10","38","5","S06T01P07",0.751,0.749
"3115","10","54","5","S06T01P07",0,0.763
"3116","10","50","30","S06T01P07",0,0.764
"3117","10","38","30","S06T01P07",0.733,0.747
"3118","10","34","120","S06T01P07",0.765,0.764
"3119","10","46","120","S06T01P07",0,0.76
"3120","10","38","120","S06T01P07",0.749,0.771
"3121","10","50","60","S06T01P07",0,0.754
"3122","10","34","60","S06T01P07",0.684,0.761
"3123","10","54","30","S06T01P07",0,0.766
"3124","10","54","15","S06T01P07",0,0.756
"3125","10","46","60","S06T01P07",0,0.768
"3126","10","42","30","S06T01P07",0.546,0.739
"3127","10","46","30","S06T01P07",0,0.773
"3128","10","34","15","S06T01P07",0.62,0.759
"3129","10","50","5","S06T01P07",0,0.748
"3130","10","42","15","S06T01P07",0.316,0.741
"3131","10","42","60","S06T01P07",0.353,0.747
"3132","10","46","15","S06T01P07",0,0.751
"3133","11","38","120","S07T03P02",0.718,0.732
"3134","11","54","15","S07T03P02",0,0.742
"3135","11","54","5","S07T03P02",0,0.774
"3136","11","34","60","S07T03P02",0.685,0.744
"3137","11","54","30","S07T03P02",0,0.762
"3138","11","50","60","S07T03P02",0,0.741
"3139","11","34","15","S07T03P02",0.734,0.743
"3140","11","34","120","S07T03P02",0.459,0.767
"3141","11","50","30","S07T03P02",0,0.745
"3142","11","50","5","S07T03P02",0,0.786
"3143","11","54","60","S07T03P02",0,0.737
"3144","11","38","60","S07T03P02",0.741,0.754
"3145","11","50","15","S07T03P02",0,0.746
"3146","11","46","15","S07T03P02",0,0.769
"3147","11","38","5","S07T03P02",0.752,0.741
"3148","11","34","30","S07T03P02",0.721,0.748
"3149","11","38","15","S07T03P02",0.721,0.738
"3150","11","46","30","S07T03P02",0,0.759
"3151","11","46","5","S07T03P02",0,0.777
"3152","11","42","5","S07T03P02",0.752,0.757
"3153","11","46","60","S07T03P02",0,0.741
"3154","11","42","60","S07T03P02",0.325,0.759
"3155","11","38","30","S07T03P02",0.7,0.765
"3156","11","46","120","S07T03P02",0,0.771
"3157","11","42","30","S07T03P02",0.376,0.757
"3158","11","50","120","S07T03P02",0,0.74
"3159","11","42","15","S07T03P02",0.45,0.767
"3160","11","42","120","S07T03P02",0,0.746
"3161","12","50","15","S09T02P12",0,0.722
"3162","12","38","15","S09T02P12",0.752,0.744
"3163","12","54","60","S09T02P12",0,0.762
"3164","12","38","5","S09T02P12",0.769,0.753
"3165","12","54","5","S09T02P12",0,0.745
"3166","12","42","5","S09T02P12",0.656,0.732
"3167","12","38","120","S09T02P12",0.773,0.758
"3168","12","50","30","S09T02P12",0,0.778
"3169","12","38","30","S09T02P12",0.752,0.755
"3170","12","46","30","S09T02P12",0,0.763
"3171","12","34","120","S09T02P12",0.696,0.745
"3172","12","42","60","S09T02P12",0,0.735
"3173","12","46","120","S09T02P12",0,0.738
"3174","12","46","5","S09T02P12",0,0.748
"3175","12","46","15","S09T02P12",0,0.764
"3176","12","50","5","S09T02P12",0,0.772
"3177","12","50","120","S09T02P12",0,0.772
"3178","12","54","30","S09T02P12",0,0.77
"3179","12","34","30","S09T02P12",0.762,0.757
"3180","12","46","60","S09T02P12",0,0.748
"3181","12","54","15","S09T02P12",0,0.767
"3182","12","50","60","S09T02P12",0,0.756
"3183","12","42","15","S09T02P12",0.476,0.746
"3184","12","34","15","S09T02P12",0.735,0.744
"3185","12","34","60","S09T02P12",0,0
"3186","12","42","30","S09T02P12",0.53,0.753
"3187","12","42","120","S09T02P12",0,0.728
"3188","12","38","60","S09T02P12",0.72,0.772
"3189","13","34","120","S06T01P07",0.722,0.74
"3190","13","54","15","S06T01P07",0,0.76
"3191","13","50","30","S06T01P07",0,0.735
"3192","13","46","5","S06T01P07",0,0.749
"3193","13","50","120","S06T01P07",0,0.764
"3194","13","42","5","S06T01P07",0.759,0.738
"3195","13","42","60","S06T01P07",0.599,0.737
"3196","13","54","5","S06T01P07",0,0.736
"3197","13","46","120","S06T01P07",0,0.758
"3198","13","46","15","S06T01P07",0,0.741
"3199","13","54","30","S06T01P07",0,0.746
"3200","13","34","30","S06T01P07",0.734,0.762
"3201","13","46","60","S06T01P07",0,0.738
"3202","13","50","15","S06T01P07",0,0.754
"3203","13","42","15","S06T01P07",0.719,0.73
"3204","13","34","15","S06T01P07",0.72,0.713
"3205","13","34","60","S06T01P07",0.765,0.763
"3206","13","50","5","S06T01P07",0,0.696
"3207","13","42","30","S06T01P07",0.635,0.745
"3208","13","42","120","S06T01P07",0.549,0.736
"3209","13","38","60","S06T01P07",0.724,0.726
"3210","13","38","30","S06T01P07",0.747,0.751
"3211","13","38","5","S06T01P07",0.75,0.736
"3212","13","46","30","S06T01P07",0,0.757
"3213","13","38","120","S06T01P07",0.733,0.725
"3214","13","38","15","S06T01P07",0.738,0.749
"3215","13","50","60","S06T01P07",0,0.746
"3216","13","54","60","S06T01P07",0,0.74
"3217","14","34","60","S12T09P01",0.774,0.75
"3218","14","42","5","S12T09P01",0.728,0.76
"3219","14","34","30","S12T09P01",0.713,0.739
"3220","14","38","30","S12T09P01",0.732,0.728
"3221","14","46","5","S12T09P01",0.27,0.71
"3222","14","42","60","S12T09P01",0.634,0.747
"3223","14","54","60","S12T09P01",0,0.725
"3224","14","46","60","S12T09P01",0,0.75
"3225","14","50","30","S12T09P01",0,0.756
"3226","14","38","60","S12T09P01",0.706,0.76
"3227","14","46","15","S12T09P01",0,0.764
"3228","14","38","120","S12T09P01",0.753,0.756
"3229","14","38","15","S12T09P01",0.704,0.671
"3230","14","54","5","S12T09P01",0,0.722
"3231","14","46","30","S12T09P01",0,0.743
"3232","14","38","5","S12T09P01",0.697,0.697
"3233","14","34","15","S12T09P01",0,0
"3234","14","34","120","S12T09P01",0.726,0.756
"3235","14","54","15","S12T09P01",0,0.733
"3236","14","42","30","S12T09P01",0.483,0.687
"3237","14","50","60","S12T09P01",0,0.755
"3238","14","46","120","S12T09P01",0,0.751
"3239","14","50","5","S12T09P01",0,0.714
"3240","14","54","30","S12T09P01",0,0.743
"3241","14","50","15","S12T09P01",0,0.643
"3242","14","42","120","S12T09P01",0.366,0.744
"3243","14","50","120","S12T09P01",0,0.757
"3244","14","42","15","S12T09P01",0.562,0.735
"3245","15","34","30","S05P02T23",0.739,0.734
"3246","15","46","5","S05P02T23",0,0.742
"3247","15","54","60","S05P02T23",0,0.746
"3248","15","54","5","S05P02T23",0,0.759
"3249","15","34","120","S05P02T23",0.733,0.75
"3250","15","38","15","S05P02T23",0.745,0.739
"3251","15","54","30","S05P02T23",0,0.761
"3252","15","38","30","S05P02T23",0.736,0.725
"3253","15","54","15","S05P02T23",0,0.754
"3254","15","34","60","S05P02T23",0.706,0.731
"3255","15","38","120","S05P02T23",0.755,0.754
"3256","15","50","15","S05P02T23",0,0.708
"3257","15","42","5","S05P02T23",0.705,0.725
"3258","15","34","15","S05P02T23",0.737,0.752
"3259","15","50","60","S05P02T23",0,0.751
"3260","15","38","5","S05P02T23",0.756,0.735
"3261","15","42","60","S05P02T23",0.623,0.76
"3262","15","50","30","S05P02T23",0,0.721
"3263","15","50","5","S05P02T23",0,0.711
"3264","15","50","120","S05P02T23",0,0.761
"3265","15","42","30","S05P02T23",0,0.713
"3266","15","46","120","S05P02T23",0,0.74
"3267","15","46","60","S05P02T23",0,0.765
"3268","15","38","60","S05P02T23",0.745,0.732
"3269","15","46","30","S05P02T23",0,0.732
"3270","15","46","15","S05P02T23",0,0.733
"3271","15","42","120","S05P02T23",0,0.7
"3272","15","42","15","S05P02T23",0.668,0.725
"3273","16","54","15","S13T06P09",0,0.767
"3274","16","38","120","S13T06P09",0.73,0.754
"3275","16","34","15","S13T06P09",0.755,0.75
"3276","16","34","120","S13T06P09",0.706,0.744
"3277","16","54","5","S13T06P09",0,0.737
"3278","16","54","30","S13T06P09",0,0.75
"3279","16","50","15","S13T06P09",0,0.654
"3280","16","50","5","S13T06P09",0,0.751
"3281","16","46","30","S13T06P09",0,0.742
"3282","16","34","60","S13T06P09",0.765,0.768
"3283","16","46","15","S13T06P09",0,0.745
"3284","16","50","30","S13T06P09",0,0.736
"3285","16","50","120","S13T06P09",0,0.761
"3286","16","50","60","S13T06P09",0,0.725
"3287","16","54","60","S13T06P09",0,0.735
"3288","16","34","30","S13T06P09",0.715,0.759
"3289","16","46","5","S13T06P09",0,0.725
"3290","16","42","15","S13T06P09",0.474,0.737
"3291","16","46","60","S13T06P09",0,0.75
"3292","16","42","60","S13T06P09",0.562,0.751
"3293","16","38","60","S13T06P09",0.638,0.709
"3294","16","42","5","S13T06P09",0.734,0.73
"3295","16","46","120","S13T06P09",0,0.766
"3296","16","38","30","S13T06P09",0.737,0.742
"3297","16","38","5","S13T06P09",0.735,0.727
"3298","16","42","30","S13T06P09",0.443,0.723
"3299","16","42","120","S13T06P09",0,0.719
"3300","16","38","15","S13T06P09",0.75,0.738
"3301","17","54","30","S09T02P12",0,0.72
"3302","17","34","120","S09T02P12",0.756,0.753
"3303","17","54","15","S09T02P12",0,0.744
"3304","17","50","5","S09T02P12",0,0.748
"3305","17","50","120","S09T02P12",0,0.767
"3306","17","34","15","S09T02P12",0.74,0.772
"3307","17","50","30","S09T02P12",0,0.767
"3308","17","38","120","S09T02P12",0.711,0.759
"3309","17","42","5","S09T02P12",0.645,0.752
"3310","17","54","5","S09T02P12",0,0.742
"3311","17","46","30","S09T02P12",0,0.713
"3312","17","46","5","S09T02P12",0,0.741
"3313","17","42","60","S09T02P12",0.373,0.757
"3314","17","34","60","S09T02P12",0.766,0.762
"3315","17","46","60","S09T02P12",0,0.738
"3316","17","54","60","S09T02P12",0,0.752
"3317","17","46","15","S09T02P12",0,0.728
"3318","17","42","30","S09T02P12",0,0.729
"3319","17","50","60","S09T02P12",0,0.755
"3320","17","46","120","S09T02P12",0,0.738
"3321","17","42","15","S09T02P12",0,0.718
"3322","17","38","5","S09T02P12",0.767,0.754
"3323","17","50","15","S09T02P12",0,0.669
"3324","17","34","30","S09T02P12",0.752,0.758
"3325","17","38","60","S09T02P12",0.458,0.752
"3326","17","42","120","S09T02P12",0,0.755
"3327","17","38","15","S09T02P12",0.643,0.742
"3328","17","38","30","S09T02P12",0.748,0.761
"3329","18","50","30","S07T03P02",0,0.737
"3330","18","54","15","S07T03P02",0,0.774
"3331","18","54","30","S07T03P02",0,0.748
"3332","18","46","5","S07T03P02",0,0.752
"3333","18","46","60","S07T03P02",0,0.744
"3334","18","34","120","S07T03P02",0.734,0.757
"3335","18","34","30","S07T03P02",0.755,0.754
"3336","18","46","120","S07T03P02",0,0.766
"3337","18","46","15","S07T03P02",0,0.763
"3338","18","42","60","S07T03P02",0.438,0.723
"3339","18","50","5","S07T03P02",0,0.757
"3340","18","54","5","S07T03P02",0,0.733
"3341","18","42","30","S07T03P02",0,0.72
"3342","18","42","5","S07T03P02",0.703,0.742
"3343","18","46","30","S07T03P02",0.133,0.759
"3344","18","38","30","S07T03P02",0.722,0.729
"3345","18","50","15","S07T03P02",0,0.688
"3346","18","38","120","S07T03P02",0.749,0.764
"3347","18","38","60","S07T03P02",0.648,0.74
"3348","18","42","15","S07T03P02",0.441,0.749
"3349","18","50","120","S07T03P02",0,0.726
"3350","18","50","60","S07T03P02",0,0.736
"3351","18","38","5","S07T03P02",0.743,0.728
"3352","18","42","120","S07T03P02",0,0.747
"3353","18","54","60","S07T03P02",0,0.737
"3354","18","38","15","S07T03P02",0.517,0.764
"3355","2","46","5","S09T02P12",0,0.731
"3356","2","38","5","S09T02P12",0.671,0.759
"3357","2","42","15","S09T02P12",0,0.753
"3358","2","46","30","S09T02P12",0,0.77
"3359","2","38","120","S09T02P12",0.569,0.737
"3360","2","54","30","S09T02P12",0,0.744
"3361","2","54","5","S09T02P12",0,0.736
"3362","2","46","120","S09T02P12",0,0.758
"3363","2","54","15","S09T02P12",0,0.754
"3364","2","34","120","S09T02P12",0.618,0.759
"3365","2","50","5","S09T02P12",0,0.734
"3366","2","50","30","S09T02P12",0,0.749
"3367","2","50","60","S09T02P12",0,0.755
"3368","2","42","30","S09T02P12",0,0.731
"3369","2","34","15","S09T02P12",0.368,0.741
"3370","2","50","120","S09T02P12",0,0.759
"3371","2","54","60","S09T02P12",0,0.728
"3372","2","38","60","S09T02P12",0.351,0.743
"3373","2","42","5","S09T02P12",0.609,0.749
"3374","2","50","15","S09T02P12",0,0.692
"3375","2","46","15","S09T02P12",0,0.776
"3376","2","38","30","S09T02P12",0.693,0.722
"3377","2","46","60","S09T02P12",0,0.75
"3378","2","34","30","S09T02P12",0.745,0.752
"3379","2","38","15","S09T02P12",0.473,0.729
"3380","2","42","120","S09T02P12",0,0.757
"3381","2","34","60","S09T02P12",0.708,0.741
"3382","2","42","60","S09T02P12",0,0.74
"3383","3","54","5","S07T03P02",0,0.739
"3384","3","54","30","S07T03P02",0,0.753
"3385","3","50","5","S07T03P02",0,0.736
"3386","3","50","15","S07T03P02",0,0.696
"3387","3","54","15","S07T03P02",0,0.749
"3388","3","50","120","S07T03P02",0,0.755
"3389","3","34","120","S07T03P02",0.609,0.741
"3390","3","50","30","S07T03P02",0,0.746
"3391","3","42","5","S07T03P02",0.697,0.732
"3392","3","50","60","S07T03P02",0,0.752
"3393","3","46","5","S07T03P02",0,0.732
"3394","3","34","30","S07T03P02",0.707,0.727
"3395","3","46","30","S07T03P02",0,0.747
"3396","3","34","15","S07T03P02",0.289,0.717
"3397","3","46","15","S07T03P02",0,0.763
"3398","3","46","120","S07T03P02",0,0.748
"3399","3","34","60","S07T03P02",0.77,0.766
"3400","3","46","60","S07T03P02",0,0.742
"3401","3","42","15","S07T03P02",0,0.759
"3402","3","38","120","S07T03P02",0.718,0.765
"3403","3","38","60","S07T03P02",0.679,0.756
"3404","3","42","60","S07T03P02",0,0.781
"3405","3","38","30","S07T03P02",0.671,0.728
"3406","3","42","120","S07T03P02",0,0.736
"3407","3","38","15","S07T03P02",0.393,0.722
"3408","3","42","30","S07T03P02",0,0.741
"3409","3","38","5","S07T03P02",0.704,0.742
"3410","3","54","60","S07T03P02",0,0.769
"3411","4","50","5","S06T01P07",0,0.739
"3412","4","54","15","S06T01P07",0,0.761
"3413","4","54","30","S06T01P07",0,0.762
"3414","4","46","60","S06T01P07",0,0.772
"3415","4","46","30","S06T01P07",0,0.754
"3416","4","50","30","S06T01P07",0,0.751
"3417","4","34","30","S06T01P07",0.719,0.759
"3418","4","34","15","S06T01P07",0.399,0.75
"3419","4","50","15","S06T01P07",0,0.722
"3420","4","46","5","S06T01P07",0.3,0.768
"3421","4","42","5","S06T01P07",0.685,0.752
"3422","4","42","120","S06T01P07",0,0.757
"3423","4","42","60","S06T01P07",0,0.764
"3424","4","50","120","S06T01P07",0,0.753
"3425","4","38","120","S06T01P07",0.729,0.776
"3426","4","42","30","S06T01P07",0,0.769
"3427","4","34","60","S06T01P07",0,0
"3428","4","38","30","S06T01P07",0.614,0.736
"3429","4","50","60","S06T01P07",0,0.738
"3430","4","38","60","S06T01P07",0.742,0.761
"3431","4","42","15","S06T01P07",0.371,0.738
"3432","4","54","60","S06T01P07",0,0.758
"3433","4","34","120","S06T01P07",0.701,0.757
"3434","4","46","15","S06T01P07",0,0.755
"3435","4","38","5","S06T01P07",0.688,0.759
"3436","4","54","5","S06T01P07",0,0.749
"3437","4","46","120","S06T01P07",0,0.778
"3438","4","38","15","S06T01P07",0.487,0.734
"3439","5","54","15","S13T06P09",0,0.762
"3440","5","46","5","S13T06P09",0.257,0.752
"3441","5","42","5","S13T06P09",0.401,0.746
"3442","5","50","15","S13T06P09",0,0.711
"3443","5","50","5","S13T06P09",0,0.765
"3444","5","38","60","S13T06P09",0.389,0.746
"3445","5","50","120","S13T06P09",0,0.733
"3446","5","38","30","S13T06P09",0.28,0.754
"3447","5","50","30","S13T06P09",0,0.757
"3448","5","42","30","S13T06P09",0.268,0.75
"3449","5","38","15","S13T06P09",0.235,0.739
"3450","5","42","60","S13T06P09",0.084,0.731
"3451","5","42","15","S13T06P09",0.254,0.718
"3452","5","38","5","S13T06P09",0.362,0.742
"3453","5","42","120","S13T06P09",0,0.721
"3454","5","54","60","S13T06P09",0,0.766
"3455","5","34","60","S13T06P09",0.534,0.776
"3456","5","54","5","S13T06P09",0,0.766
"3457","5","34","30","S13T06P09",0.568,0.759
"3458","5","46","30","S13T06P09",0,0.752
"3459","5","38","120","S13T06P09",0.481,0.775
"3460","5","46","60","S13T06P09",0,0.747
"3461","5","46","15","S13T06P09",0,0.762
"3462","5","50","60","S13T06P09",0,0.735
"3463","5","34","120","S13T06P09",0.703,0.736
"3464","5","46","120","S13T06P09",0,0.751
"3465","5","54","30","S13T06P09",0,0.733
"3466","5","34","15","S13T06P09",0.278,0.755
"3467","6","54","5","S05P02T23",0,0.752
"3468","6","54","30","S05P02T23",0,0.779
"3469","6","34","60","S05P02T23",0.756,0.765
"3470","6","38","60","S05P02T23",0.728,0.78
"3471","6","38","120","S05P02T23",0.681,0.769
"3472","6","34","15","S05P02T23",0,0
"3473","6","54","60","S05P02T23",0,0.761
"3474","6","34","30","S05P02T23",0.544,0.765
"3475","6","34","120","S05P02T23",0.702,0.764
"3476","6","38","5","S05P02T23",0.378,0.754
"3477","6","42","30","S05P02T23",0,0.732
"3478","6","54","15","S05P02T23",0,0.753
"3479","6","46","30","S05P02T23",0.078,0.757
"3480","6","50","60","S05P02T23",0,0.744
"3481","6","42","15","S05P02T23",0.196,0.697
"3482","6","50","15","S05P02T23",0,0.72
"3483","6","46","5","S05P02T23",0.33,0.777
"3484","6","50","30","S05P02T23",0,0.772
"3485","6","38","15","S05P02T23",0.326,0.752
"3486","6","50","5","S05P02T23",0,0.762
"3487","6","42","60","S05P02T23",0.174,0.762
"3488","6","42","120","S05P02T23",0,0.737
"3489","6","42","5","S05P02T23",0.327,0.757
"3490","6","46","120","S05P02T23",0,0.739
"3491","6","50","120","S05P02T23",0,0.757
"3492","6","46","15","S05P02T23",0,0.752
"3493","6","38","30","S05P02T23",0.345,0.728
"3494","6","46","60","S05P02T23",0,0.767
"3495","7","38","5","S05P02T23",0.742,0.736
"3496","7","50","60","S05P02T23",0,0.713
"3497","7","42","15","S05P02T23",0.283,0.731
"3498","7","38","30","S05P02T23",0.713,0.752
"3499","7","46","30","S05P02T23",0,0.756
"3500","7","38","120","S05P02T23",0.754,0.746
"3501","7","34","120","S05P02T23",0.737,0.751
"3502","7","42","30","S05P02T23",0.665,0.74
"3503","7","50","30","S05P02T23",0,0.763
"3504","7","42","60","S05P02T23",0.627,0.759
"3505","7","38","60","S05P02T23",0.742,0.748
"3506","7","50","15","S05P02T23",0,0.735
"3507","7","50","120","S05P02T23",0,0.744
"3508","7","46","120","S05P02T23",0,0.762
"3509","7","50","5","S05P02T23",0,0.727
"3510","7","42","5","S05P02T23",0.728,0.732
"3511","7","46","15","S05P02T23",0,0.753
"3512","7","54","15","S05P02T23",0,0.75
"3513","7","38","15","S05P02T23",0.763,0.757
"3514","7","34","30","S05P02T23",0.738,0.763
"3515","7","42","120","S05P02T23",0.44,0.707
"3516","7","54","60","S05P02T23",0,0.743
"3517","7","46","5","S05P02T23",0,0.752
"3518","7","54","5","S05P02T23",0,0.742
"3519","7","34","60","S05P02T23",0.743,0.753
"3520","7","54","30","S05P02T23",0,0.762
"3521","7","34","15","S05P02T23",0.668,0.737
"3522","7","46","60","S05P02T23",0,0.769
"3523","8","50","60","S13T06P09",0,0.738
"3524","8","42","60","S13T06P09",0.471,0.761
"3525","8","50","120","S13T06P09",0,0.739
"3526","8","50","5","S13T06P09",0,0.724
"3527","8","54","5","S13T06P09",0,0.738
"3528","8","50","30","S13T06P09",0,0.762
"3529","8","42","5","S13T06P09",0.704,0.722
"3530","8","50","15","S13T06P09",0,0.675
"3531","8","54","15","S13T06P09",0,0.741
"3532","8","34","30","S13T06P09",0.718,0.741
"3533","8","46","120","S13T06P09",0,0.735
"3534","8","54","30","S13T06P09",0,0.753
"3535","8","34","15","S13T06P09",0.757,0.756
"3536","8","46","5","S13T06P09",0,0.759
"3537","8","46","60","S13T06P09",0,0.745
"3538","8","34","120","S13T06P09",0.683,0.736
"3539","8","42","30","S13T06P09",0.438,0.755
"3540","8","46","30","S13T06P09",0,0.763
"3541","8","34","60","S13T06P09",0.743,0.755
"3542","8","46","15","S13T06P09",0,0.766
"3543","8","42","15","S13T06P09",0.354,0.732
"3544","8","38","120","S13T06P09",0.714,0.745
"3545","8","38","60","S13T06P09",0.659,0.747
"3546","8","42","120","S13T06P09",0,0.718
"3547","8","54","60","S13T06P09",0,0.728
"3548","8","38","15","S13T06P09",0.671,0.744
"3549","8","38","5","S13T06P09",0.675,0.729
"3550","8","38","30","S13T06P09",0.663,0.719
"3551","9","50","15","S12T09P01",0,0.718
"3552","9","50","30","S12T09P01",0,0.71
"3553","9","46","30","S12T09P01",0,0.748
"3554","9","46","5","S12T09P01",0.31,0.7
"3555","9","42","5","S12T09P01",0.724,0.744
"3556","9","38","60","S12T09P01",0.741,0.745
"3557","9","34","30","S12T09P01",0.743,0.765
"3558","9","42","120","S12T09P01",0,0.728
"3559","9","42","60","S12T09P01",0.443,0.763
"3560","9","42","15","S12T09P01",0.526,0.698
"3561","9","54","60","S12T09P01",0,0.686
"3562","9","46","60","S12T09P01",0,0.696
"3563","9","34","15","S12T09P01",0.754,0.759
"3564","9","38","5","S12T09P01",0.739,0.75
"3565","9","38","30","S12T09P01",0.637,0.708
"3566","9","34","60","S12T09P01",0,0
"3567","9","38","15","S12T09P01",0.522,0.702
"3568","9","50","60","S12T09P01",0,0.739
"3569","9","50","120","S12T09P01",0,0.693
"3570","9","38","120","S12T09P01",0.78,0.754
"3571","9","42","30","S12T09P01",0,0.728
"3572","9","46","15","S12T09P01",0,0.763
"3573","9","54","15","S12T09P01",0,0.736
"3574","9","54","5","S12T09P01",0,0.725
"3575","9","46","120","S12T09P01",0,0.766
"3576","9","34","120","S12T09P01",0.766,0.772
"3577","9","50","5","S12T09P01",0,0.746
"3578","9","54","30","S12T09P01",0,0.766
"3579","1","34","120","S12T08P03",0.419,0.747
"3580","1","50","15","S12T08P03",0,0.737
"3581","1","42","60","S12T08P03",0.277,0.742
"3582","1","42","30","S12T08P03",0.632,0.739
"3583","1","38","60","S12T08P03",0.219,0.742
"3584","1","38","30","S12T08P03",0.537,0.745
"3585","1","34","60","S12T08P03",0.223,0.747
"3586","1","34","15","S12T08P03",0.609,0.765
"3587","1","38","15","S12T08P03",0.6,0.742
"3588","1","46","120","S12T08P03",0,0.755
"3589","1","54","35","S12T08P03",0,NA
"3590","1","50","60","S12T08P03",0,0.746
"3591","1","46","60","S12T08P03",0,0.738
"3592","1","46","15","S12T08P03",0,0.754
"3593","1","38","120","S12T08P03",0.391,0.767
"3594","1","42","15","S12T08P03",0.453,0.754
"3595","1","54","5","S12T08P03",0,0.754
"3596","1","50","30","S12T08P03",0,0.746
"3597","1","46","30","S12T08P03",0,0.733
"3598","1","42","120","S12T08P03",0.456,0.732
"3599","1","54","60","S12T08P03",0,0.749
"3600","1","54","30","S12T08P03",0,0.734
"3601","1","50","5","S12T08P03",0,0.751
"3602","1","50","120","S12T08P03",0,0.766
"3603","1","46","5","S12T08P03",0,0.747
"3604","1","42","5","S12T08P03",0.257,0.746
"3605","1","38","5","S12T08P03",0.464,0.757
"3606","1","34","30","S12T08P03",0.488,0.757
"3607","1","54","15","S12T08P03",NA,0.754
"3608","10","34","30","S07T01P13",0.705,0.688
"3609","10","34","60","S07T01P13",0.696,0.705
"3610","10","38","120","S07T01P13",0.672,0.709
"3611","10","38","60","S07T01P13",0.554,0.692
"3612","10","34","15","S07T01P13",0.699,0.685
"3613","10","42","120","S07T01P13",0.421,0.691
"3614","10","34","120","S07T01P13",0.639,0.701
"3615","10","54","30","S07T01P13",0,0.717
"3616","10","42","15","S07T01P13",0.698,0.739
"3617","10","38","5","S07T01P13",0.694,0.7
"3618","10","38","30","S07T01P13",0.648,0.713
"3619","10","54","5","S07T01P13",0,0.72
"3620","10","42","30","S07T01P13",0.365,0.699
"3621","10","38","15","S07T01P13",0.597,0.671
"3622","10","46","30","S07T01P13",0.084,0.701
"3623","10","54","60","S07T01P13",0,0.692
"3624","10","42","5","S07T01P13",0.576,0.704
"3625","10","54","15","S07T01P13",NA,0.716
"3626","10","50","60","S07T01P13",0,0.67
"3627","10","46","5","S07T01P13",0,0.716
"3628","10","54","35","S07T01P13",0,NA
"3629","10","42","60","S07T01P13",0.606,0.714
"3630","10","50","30","S07T01P13",0,0.685
"3631","10","46","15","S07T01P13",0.111,0.706
"3632","10","46","60","S07T01P13",0,0.709
"3633","10","46","120","S07T01P13",0,0.672
"3634","10","50","5","S07T01P13",0.189,0.712
"3635","10","50","120","S07T01P13",0,0.743
"3636","10","50","15","S07T01P13",0,0.72
"3637","11","34","120","S07T05P02",0.73,0.731
"3638","11","38","120","S07T05P02",0.768,0.762
"3639","11","38","5","S07T05P02",0.741,0.751
"3640","11","34","15","S07T05P02",0.702,0.713
"3641","11","34","60","S07T05P02",0.663,0.702
"3642","11","38","15","S07T05P02",0.755,0.736
"3643","11","38","30","S07T05P02",0.736,0.73
"3644","11","34","30","S07T05P02",0.728,0.717
"3645","11","42","15","S07T05P02",0.729,0.727
"3646","11","42","5","S07T05P02",0.752,0.737
"3647","11","42","120","S07T05P02",0.589,0.743
"3648","11","42","30","S07T05P02",0.685,0.756
"3649","11","42","60","S07T05P02",0.632,0.709
"3650","11","54","60","S07T05P02",0,0.724
"3651","11","54","30","S07T05P02",0,0.738
"3652","11","46","120","S07T05P02",0,0.735
"3653","11","54","5","S07T05P02",0,0.727
"3654","11","50","60","S07T05P02",0,0.713
"3655","11","38","60","S07T05P02",0.668,0.717
"3656","11","54","35","S07T05P02",0,NA
"3657","11","46","15","S07T05P02",0,0.74
"3658","11","46","60","S07T05P02",0,0.722
"3659","11","54","15","S07T05P02",NA,0.695
"3660","11","46","5","S07T05P02",0,0.725
"3661","11","50","120","S07T05P02",0,0.723
"3662","11","46","30","S07T05P02",0,0.724
"3663","11","50","15","S07T05P02",0,0.743
"3664","11","50","5","S07T05P02",0.236,0.73
"3665","11","50","30","S07T05P02",0,0.717
"3666","12","34","120","S14T05P05",0.743,0.715
"3667","12","34","30","S14T05P05",0.743,0.694
"3668","12","34","15","S14T05P05",0.777,0.747
"3669","12","38","120","S14T05P05",0.769,0.774
"3670","12","34","60","S14T05P05",0.664,0.735
"3671","12","38","60","S14T05P05",0.771,0.762
"3672","12","38","15","S14T05P05",0.775,0.761
"3673","12","42","120","S14T05P05",0.647,0.726
"3674","12","42","5","S14T05P05",0.774,0.763
"3675","12","38","30","S14T05P05",0.77,0.74
"3676","12","42","30","S14T05P05",0.7,0.748
"3677","12","46","30","S14T05P05",0,0.759
"3678","12","42","15","S14T05P05",0.744,0.731
"3679","12","38","5","S14T05P05",0.738,0.731
"3680","12","46","15","S14T05P05",0,0.757
"3681","12","54","30","S14T05P05",0,0.742
"3682","12","46","5","S14T05P05",0.35,0.765
"3683","12","46","120","S14T05P05",0,0.766
"3684","12","50","60","S14T05P05",0,0.722
"3685","12","54","35","S14T05P05",0,NA
"3686","12","42","60","S14T05P05",0.72,0.747
"3687","12","54","60","S14T05P05",0,0.755
"3688","12","54","5","S14T05P05",0,0.759
"3689","12","54","15","S14T05P05",NA,0.75
"3690","12","50","30","S14T05P05",0,0.761
"3691","12","46","60","S14T05P05",0,0.719
"3692","12","50","15","S14T05P05",0,0.732
"3693","12","50","5","S14T05P05",0.295,0.727
"3694","12","50","120","S14T05P05",0,0.768
"3695","13","42","120","S10T09P03",0,0.739
"3696","13","38","60","S10T09P03",0.764,0.752
"3697","13","38","15","S10T09P03",0.724,0.737
"3698","13","38","5","S10T09P03",0.733,0.756
"3699","13","34","30","S10T09P03",0.663,0.679
"3700","13","34","120","S10T09P03",0.659,0.7
"3701","13","38","30","S10T09P03",0.544,0.684
"3702","13","46","120","S10T09P03",0,0.74
"3703","13","42","30","S10T09P03",0.429,0.685
"3704","13","34","15","S10T09P03",0.711,0.708
"3705","13","34","60","S10T09P03",0.661,0.737
"3706","13","42","60","S10T09P03",0.618,0.703
"3707","13","42","15","S10T09P03",0.751,0.753
"3708","13","46","15","S10T09P03",0,0.687
"3709","13","42","5","S10T09P03",0.685,0.734
"3710","13","38","120","S10T09P03",0.747,0.758
"3711","13","50","5","S10T09P03",0.338,0.738
"3712","13","46","30","S10T09P03",0,0.706
"3713","13","50","30","S10T09P03",0,0.741
"3714","13","50","15","S10T09P03",0,0.748
"3715","13","46","5","S10T09P03",0,0.657
"3716","13","54","60","S10T09P03",0,0.669
"3717","13","50","120","S10T09P03",0,0.677
"3718","13","46","60","S10T09P03",0,0.742
"3719","13","54","5","S10T09P03",0,0.762
"3720","13","54","35","S10T09P03",0,NA
"3721","13","50","60","S10T09P03",0,0.725
"3722","13","54","30","S10T09P03",0,0.739
"3723","13","54","15","S10T09P03",NA,0.748
"3724","14","38","5","S13T01P01",0,0
"3725","14","38","15","S13T01P01",0.747,0.741
"3726","14","38","30","S13T01P01",0.755,0.742
"3727","14","42","15","S13T01P01",0.747,0.734
"3728","14","42","5","S13T01P01",0.753,0.745
"3729","14","34","30","S13T01P01",0.778,0.728
"3730","14","42","120","S13T01P01",0.51,0.748
"3731","14","42","30","S13T01P01",0.434,0.738
"3732","14","38","60","S13T01P01",0.736,0.738
"3733","14","42","60","S13T01P01",0.507,0.725
"3734","14","34","60","S13T01P01",0.767,0.752
"3735","14","34","15","S13T01P01",0.748,0.731
"3736","14","46","60","S13T01P01",0,0.749
"3737","14","46","120","S13T01P01",0,0.737
"3738","14","34","120","S13T01P01",0.756,0.71
"3739","14","50","120","S13T01P01",0,0.731
"3740","14","38","120","S13T01P01",0.724,0.766
"3741","14","46","15","S13T01P01",0,0.731
"3742","14","54","5","S13T01P01",0,0.751
"3743","14","50","15","S13T01P01",0,0.738
"3744","14","46","5","S13T01P01",0,0.731
"3745","14","54","30","S13T01P01",0,0.717
"3746","14","46","30","S13T01P01",0,0.748
"3747","14","54","60","S13T01P01",0,0.73
"3748","14","50","30","S13T01P01",0,0.744
"3749","14","50","60","S13T01P01",0,0.731
"3750","14","50","5","S13T01P01",0.207,0.741
"3751","14","54","35","S13T01P01",0,NA
"3752","14","54","15","S13T01P01",NA,0.718
"3753","15","38","15","S07T05P02",0.728,0.738
"3754","15","38","30","S07T05P02",0.673,0.72
"3755","15","42","120","S07T05P02",0.588,0.755
"3756","15","38","5","S07T05P02",0.739,0.747
"3757","15","42","15","S07T05P02",0.744,0.773
"3758","15","46","120","S07T05P02",0,0.723
"3759","15","34","120","S07T05P02",0.694,0.725
"3760","15","38","60","S07T05P02",0.754,0.703
"3761","15","42","30","S07T05P02",0.608,0.706
"3762","15","42","60","S07T05P02",0.585,0.733
"3763","15","34","15","S07T05P02",0.682,0.732
"3764","15","42","5","S07T05P02",0.738,0.705
"3765","15","34","60","S07T05P02",0.617,0.733
"3766","15","46","5","S07T05P02",0,0.708
"3767","15","34","30","S07T05P02",0.717,0.727
"3768","15","38","120","S07T05P02",0.747,0.729
"3769","15","46","30","S07T05P02",0,0.73
"3770","15","46","15","S07T05P02",0,0.73
"3771","15","50","15","S07T05P02",0,0.737
"3772","15","50","5","S07T05P02",0.254,0.731
"3773","15","50","120","S07T05P02",0,0.744
"3774","15","50","30","S07T05P02",0,0.726
"3775","15","50","60","S07T05P02",0,0.722
"3776","15","46","60","S07T05P02",0,0.742
"3777","15","54","35","S07T05P02",0,NA
"3778","15","54","60","S07T05P02",0,0.739
"3779","15","54","30","S07T05P02",0,0.725
"3780","15","54","5","S07T05P02",0,0.733
"3781","15","54","15","S07T05P02",NA,0.728
"3782","16","46","120","S06T03P05",0,0.759
"3783","16","42","60","S06T03P05",0.637,0.757
"3784","16","42","5","S06T03P05",0.743,0.748
"3785","16","38","15","S06T03P05",0.755,0.76
"3786","16","42","30","S06T03P05",0.724,0.747
"3787","16","42","120","S06T03P05",0,0.724
"3788","16","42","15","S06T03P05",0.734,0.74
"3789","16","38","30","S06T03P05",0.721,0.763
"3790","16","46","15","S06T03P05",0,0.763
"3791","16","38","5","S06T03P05",0.775,0.757
"3792","16","50","15","S06T03P05",0,0.759
"3793","16","38","60","S06T03P05",0.577,0.743
"3794","16","46","30","S06T03P05",0,0.766
"3795","16","50","120","S06T03P05",0,0.788
"3796","16","50","30","S06T03P05",0,0.787
"3797","16","46","60","S06T03P05",0,0.768
"3798","16","46","5","S06T03P05",0.33,0.739
"3799","16","34","15","S06T03P05",0.771,0.772
"3800","16","50","5","S06T03P05",0.325,0.757
"3801","16","34","30","S06T03P05",0.688,0.782
"3802","16","34","120","S06T03P05",0.771,0.759
"3803","16","50","60","S06T03P05",0,0.726
"3804","16","38","120","S06T03P05",0.786,0.756
"3805","16","34","60","S06T03P05",0.769,0.736
"3806","16","54","35","S06T03P05",0.051,NA
"3807","16","54","30","S06T03P05",0,0.753
"3808","16","54","60","S06T03P05",0,0.748
"3809","16","54","5","S06T03P05",0,0.773
"3810","16","54","15","S06T03P05",NA,0.749
"3811","17","46","30","S13T01P01",0,0.734
"3812","17","42","5","S13T01P01",0.58,0.734
"3813","17","46","15","S13T01P01",0.198,0.727
"3814","17","46","5","S13T01P01",0,0.73
"3815","17","46","120","S13T01P01",0,0.739
"3816","17","42","60","S13T01P01",0.542,0.717
"3817","17","38","5","S13T01P01",0.775,0.771
"3818","17","42","30","S13T01P01",0.629,0.758
"3819","17","42","15","S13T01P01",0.675,0.781
"3820","17","38","30","S13T01P01",0.698,0.745
"3821","17","38","15","S13T01P01",0.76,0.733
"3822","17","50","30","S13T01P01",0,0.744
"3823","17","46","60","S13T01P01",0,0.718
"3824","17","42","120","S13T01P01",0.471,0.757
"3825","17","38","60","S13T01P01",0.76,0.746
"3826","17","50","15","S13T01P01",0,0.737
"3827","17","50","5","S13T01P01",0,0.738
"3828","17","50","120","S13T01P01",0,0.727
"3829","17","54","30","S13T01P01",0,0.725
"3830","17","34","120","S13T01P01",0.748,0.75
"3831","17","34","30","S13T01P01",0.761,0.731
"3832","17","50","60","S13T01P01",0,0.737
"3833","17","34","15","S13T01P01",0.744,0.744
"3834","17","34","60","S13T01P01",0.77,0.756
"3835","17","38","120","S13T01P01",0.76,0.766
"3836","17","54","15","S13T01P01",NA,0.729
"3837","17","54","60","S13T01P01",0,0.742
"3838","17","54","5","S13T01P01",0,0.757
"3839","17","54","35","S13T01P01",0,NA
"3840","18","46","120","S14T05P05",0,0.735
"3841","18","46","15","S14T05P05",0.474,0.725
"3842","18","42","60","S14T05P05",0.723,0.747
"3843","18","34","120","S14T05P05",0.775,0.753
"3844","18","42","15","S14T05P05",0.78,0.782
"3845","18","42","5","S14T05P05",0.762,0.746
"3846","18","34","30","S14T05P05",0.78,0.766
"3847","18","42","30","S14T05P05",0.754,0.77
"3848","18","46","60","S14T05P05",0,0.744
"3849","18","46","30","S14T05P05",0,0.7
"3850","18","34","15","S14T05P05",0.77,0.713
"3851","18","46","5","S14T05P05",0,0.768
"3852","18","50","120","S14T05P05",0,0.768
"3853","18","38","15","S14T05P05",0.786,0.748
"3854","18","38","5","S14T05P05",0.758,0.775
"3855","18","50","60","S14T05P05",0,0.697
"3856","18","38","30","S14T05P05",0.704,0.725
"3857","18","50","5","S14T05P05",0.376,0.757
"3858","18","54","30","S14T05P05",0,0.72
"3859","18","50","30","S14T05P05",0,0.745
"3860","18","54","15","S14T05P05",NA,0.745
"3861","18","50","15","S14T05P05",0,0.733
"3862","18","34","60","S14T05P05",0.788,0.754
"3863","18","38","60","S14T05P05",0.764,0.742
"3864","18","54","5","S14T05P05",0,0.754
"3865","18","42","120","S14T05P05",0.691,0.764
"3866","18","54","60","S14T05P05",0,0.758
"3867","18","38","120","S14T05P05",0.773,0.745
"3868","18","54","35","S14T05P05",0,NA
"3869","19","34","15","S06T03P05",0.749,0.738
"3870","19","34","60","S06T03P05",0.777,0.776
"3871","19","46","30","S06T03P05",0,0.742
"3872","19","46","15","S06T03P05",0,0.732
"3873","19","34","120","S06T03P05",0.777,0.726
"3874","19","34","30","S06T03P05",0.767,0.729
"3875","19","42","5","S06T03P05",0.751,0.764
"3876","19","38","120","S06T03P05",0.706,0.757
"3877","19","46","5","S06T03P05",0.37,0.749
"3878","19","42","60","S06T03P05",0.516,0.734
"3879","19","38","5","S06T03P05",0.761,0.764
"3880","19","46","120","S06T03P05",0,0.744
"3881","19","46","60","S06T03P05",0,0.759
"3882","19","50","30","S06T03P05",0,0.746
"3883","19","38","60","S06T03P05",0.747,0.769
"3884","19","50","15","S06T03P05",0,0.754
"3885","19","50","120","S06T03P05",0,0.773
"3886","19","50","5","S06T03P05",0.365,0.76
"3887","19","54","30","S06T03P05",0,0.751
"3888","19","42","120","S06T03P05",0.566,0.761
"3889","19","50","60","S06T03P05",0,0.738
"3890","19","38","30","S06T03P05",0.777,0.772
"3891","19","38","15","S06T03P05",0.773,0.764
"3892","19","54","15","S06T03P05",NA,0.762
"3893","19","42","15","S06T03P05",0.771,0.761
"3894","19","42","30","S06T03P05",0.629,0.76
"3895","19","54","5","S06T03P05",0,0.756
"3896","19","54","60","S06T03P05",0,0.754
"3897","19","54","35","S06T03P05",0,NA
"3898","2","34","15","S09T06P02",0.628,0.745
"3899","2","34","120","S09T06P02",0.605,0.749
"3900","2","46","15","S09T06P02",0,0.736
"3901","2","38","60","S09T06P02",0.504,0.736
"3902","2","54","15","S09T06P02",NA,0.765
"3903","2","54","30","S09T06P02",0,0.744
"3904","2","42","120","S09T06P02",0.594,0.749
"3905","2","50","60","S09T06P02",0,0.768
"3906","2","34","30","S09T06P02",0.655,0.738
"3907","2","42","60","S09T06P02",0.567,0.762
"3908","2","46","5","S09T06P02",0,0.758
"3909","2","34","60","S09T06P02",0.612,0.779
"3910","2","42","15","S09T06P02",0.577,0.738
"3911","2","46","30","S09T06P02",0,0.728
"3912","2","46","120","S09T06P02",0,0.735
"3913","2","50","30","S09T06P02",0,0.752
"3914","2","50","15","S09T06P02",0,0.746
"3915","2","46","60","S09T06P02",0,0.753
"3916","2","42","30","S09T06P02",0.621,0.782
"3917","2","38","30","S09T06P02",0.61,0.756
"3918","2","38","120","S09T06P02",0.608,0.75
"3919","2","50","5","S09T06P02",0,0.784
"3920","2","38","15","S09T06P02",0.664,0.772
"3921","2","54","35","S09T06P02",0,NA
"3922","2","42","5","S09T06P02",0.562,0.743
"3923","2","38","5","S09T06P02",0.723,0.776
"3924","2","54","60","S09T06P02",0,0.751
"3925","2","54","5","S09T06P02",0,0.752
"3926","2","50","120","S09T06P02",0,0.74
"3927","20","34","15","S12T08P03",0.744,0.745
"3928","20","46","15","S12T08P03",0,0.744
"3929","20","34","120","S12T08P03",0.746,0.744
"3930","20","50","120","S12T08P03",0,0.731
"3931","20","46","60","S12T08P03",0,0.749
"3932","20","34","60","S12T08P03",0.755,0.747
"3933","20","38","120","S12T08P03",0.749,0.768
"3934","20","42","5","S12T08P03",0.737,0.726
"3935","20","42","15","S12T08P03",0.754,0.776
"3936","20","34","30","S12T08P03",0.762,0.76
"3937","20","46","30","S12T08P03",0.234,0.74
"3938","20","42","60","S12T08P03",0.723,0.71
"3939","20","46","5","S12T08P03",0.425,0.748
"3940","20","42","30","S12T08P03",0.622,0.748
"3941","20","50","15","S12T08P03",0,0.746
"3942","20","54","30","S12T08P03",0,0.74
"3943","20","46","120","S12T08P03",0,0.747
"3944","20","38","15","S12T08P03",0.757,0.733
"3945","20","50","30","S12T08P03",0,0.724
"3946","20","50","60","S12T08P03",0,0.739
"3947","20","50","5","S12T08P03",0.385,0.76
"3948","20","38","30","S12T08P03",0.749,0.757
"3949","20","38","60","S12T08P03",0.757,0.751
"3950","20","54","15","S12T08P03",NA,0.748
"3951","20","42","120","S12T08P03",0.686,0.729
"3952","20","38","5","S12T08P03",0.736,0.758
"3953","20","54","60","S12T08P03",0,0.738
"3954","20","54","5","S12T08P03",0,0.756
"3955","20","54","35","S12T08P03",0,NA
"3956","21","38","15","S07T05P02",0.71,0.722
"3957","21","38","30","S07T05P02",0.624,0.7
"3958","21","34","120","S07T05P02",0.646,0.706
"3959","21","50","15","S07T05P02",0,0.723
"3960","21","46","15","S07T05P02",0,0.705
"3961","21","46","5","S07T05P02",0,0.716
"3962","21","34","15","S07T05P02",0.73,0.716
"3963","21","34","60","S07T05P02",0.669,0.711
"3964","21","42","15","S07T05P02",0.681,0.739
"3965","21","50","30","S07T05P02",0,0.716
"3966","21","50","60","S07T05P02",0,0.693
"3967","21","34","30","S07T05P02",0.741,0.72
"3968","21","46","30","S07T05P02",0,0.699
"3969","21","46","60","S07T05P02",0,0.724
"3970","21","50","5","S07T05P02",0.296,0.742
"3971","21","42","30","S07T05P02",0.612,0.752
"3972","21","54","30","S07T05P02",0,0.732
"3973","21","42","5","S07T05P02",0.708,0.695
"3974","21","50","120","S07T05P02",0,0.743
"3975","21","38","5","S07T05P02",0.747,0.775
"3976","21","42","60","S07T05P02",0.65,0.728
"3977","21","38","120","S07T05P02",0.749,0.74
"3978","21","38","60","S07T05P02",0.732,0.74
"3979","21","54","15","S07T05P02",NA,0.715
"3980","21","46","120","S07T05P02",0,0.728
"3981","21","42","120","S07T05P02",0.569,0.707
"3982","21","54","60","S07T05P02",0,0.731
"3983","21","54","5","S07T05P02",0,0.748
"3984","21","54","35","S07T05P02",0,NA
"3985","22","50","15","S09T06P02",0,0.717
"3986","22","42","5","S09T06P02",0.729,0.743
"3987","22","38","30","S09T06P02",0.721,0.735
"3988","22","38","15","S09T06P02",0.761,0.745
"3989","22","42","60","S09T06P02",0.503,0.719
"3990","22","50","5","S09T06P02",0.301,0.734
"3991","22","46","5","S09T06P02",0,0.758
"3992","22","50","30","S09T06P02",0,0.751
"3993","22","46","120","S09T06P02",0,0.742
"3994","22","38","5","S09T06P02",0.756,0.766
"3995","22","34","30","S09T06P02",0.765,0.774
"3996","22","46","60","S09T06P02",0,0.729
"3997","22","46","15","S09T06P02",0,0.732
"3998","22","38","60","S09T06P02",0.669,0.748
"3999","22","34","15","S09T06P02",0.762,0.765
"4000","22","34","60","S09T06P02",0.739,0.734
"4001","22","42","15","S09T06P02",0.74,0.755
"4002","22","34","120","S09T06P02",0.74,0.737
"4003","22","50","60","S09T06P02",0,0.735
"4004","22","46","30","S09T06P02",0,0.724
"4005","22","42","120","S09T06P02",0,0.741
"4006","22","38","120","S09T06P02",0.713,0.756
"4007","22","42","30","S09T06P02",0,0.764
"4008","22","54","60","S09T06P02",0,0.747
"4009","22","50","120","S09T06P02",0,0.74
"4010","22","54","35","S09T06P02",0,NA
"4011","22","54","30","S09T06P02",0,0.734
"4012","22","54","15","S09T06P02",NA,0.745
"4013","22","54","5","S09T06P02",0,0.759
"4014","23","46","15","S10T09P03",0,0.764
"4015","23","38","5","S10T09P03",0.672,0.704
"4016","23","34","120","S10T09P03",0.688,0.742
"4017","23","50","5","S10T09P03",0.282,0.733
"4018","23","50","15","S10T09P03",0,0.682
"4019","23","38","60","S10T09P03",0.67,0.745
"4020","23","38","30","S10T09P03",0.67,0.749
"4021","23","34","15","S10T09P03",0.732,0.755
"4022","23","46","5","S10T09P03",0,0.727
"4023","23","38","15","S10T09P03",0.686,0.75
"4024","23","50","60","S10T09P03",0,0.749
"4025","23","46","30","S10T09P03",0,0.741
"4026","23","42","120","S10T09P03",0,0.743
"4027","23","34","30","S10T09P03",0.622,0.698
"4028","23","54","30","S10T09P03",0,0.69
"4029","23","42","5","S10T09P03",0.717,0.732
"4030","23","50","30","S10T09P03",0,0.743
"4031","23","42","60","S10T09P03",0.486,0.707
"4032","23","42","30","S10T09P03",0.444,0.736
"4033","23","54","15","S10T09P03",NA,0.707
"4034","23","42","15","S10T09P03",0.678,0.746
"4035","23","46","120","S10T09P03",0,0.747
"4036","23","54","5","S10T09P03",0,0.73
"4037","23","54","35","S10T09P03",0,NA
"4038","23","38","120","S10T09P03",0.765,0.744
"4039","23","46","60","S10T09P03",0,0.723
"4040","23","54","60","S10T09P03",0,0.741
"4041","23","34","60","S10T09P03",0.698,0.753
"4042","23","50","120","S10T09P03",0,0.749
"4043","24","54","30","S07T01P13",0,0.719
"4044","24","46","15","S07T01P13",0,0.728
"4045","24","42","15","S07T01P13",0.615,0.733
"4046","24","34","120","S07T01P13",0.638,0.661
"4047","24","42","30","S07T01P13",0.474,0.713
"4048","24","46","5","S07T01P13",0,0.715
"4049","24","38","30","S07T01P13",0.541,0.706
"4050","24","50","15","S07T01P13",0,0.686
"4051","24","34","60","S07T01P13",0.531,0.679
"4052","24","34","15","S07T01P13",0.726,0.731
"4053","24","38","5","S07T01P13",0.663,0.704
"4054","24","38","15","S07T01P13",0.723,0.706
"4055","24","54","35","S07T01P13",0,NA
"4056","24","34","30","S07T01P13",0.695,0.685
"4057","24","50","5","S07T01P13",0.178,0.696
"4058","24","46","60","S07T01P13",0,0.68
"4059","24","38","60","S07T01P13",0.719,0.731
"4060","24","38","120","S07T01P13",0.668,0.695
"4061","24","54","5","S07T01P13",0,0.735
"4062","24","50","60","S07T01P13",0,0.692
"4063","24","42","120","S07T01P13",0,0.691
"4064","24","54","60","S07T01P13",0,0.745
"4065","24","42","5","S07T01P13",0.696,0.706
"4066","24","50","120","S07T01P13",0,0.737
"4067","24","50","30","S07T01P13",0,0.709
"4068","24","46","30","S07T01P13",0,0.728
"4069","24","42","60","S07T01P13",0,0.693
"4070","24","54","15","S07T01P13",NA,0.719
"4071","24","46","120","S07T01P13",0,0.702
"4072","3","34","120","S10T09P03",0.71,0.744
"4073","3","46","60","S10T09P03",0,0.695
"4074","3","42","30","S10T09P03",0.458,0.732
"4075","3","34","15","S10T09P03",0.676,0.728
"4076","3","34","60","S10T09P03",0.558,0.645
"4077","3","46","5","S10T09P03",0,0.742
"4078","3","54","35","S10T09P03",0,NA
"4079","3","34","30","S10T09P03",0.653,0.732
"4080","3","46","30","S10T09P03",0.13,0.749
"4081","3","42","120","S10T09P03",0,0.737
"4082","3","46","15","S10T09P03",0,0.69
"4083","3","38","60","S10T09P03",0.618,0.693
"4084","3","38","120","S10T09P03",0.516,0.701
"4085","3","42","15","S10T09P03",0.661,0.763
"4086","3","50","120","S10T09P03",0,0.73
"4087","3","50","60","S10T09P03",0,0.718
"4088","3","54","60","S10T09P03",0,0.685
"4089","3","54","30","S10T09P03",0,0.728
"4090","3","54","5","S10T09P03",0,0.722
"4091","3","54","15","S10T09P03",NA,0.711
"4092","3","42","5","S10T09P03",0.603,0.698
"4093","3","38","15","S10T09P03",0.662,0.733
"4094","3","50","30","S10T09P03",0,0.73
"4095","3","50","15","S10T09P03",0,0.751
"4096","3","42","60","S10T09P03",0.573,0.714
"4097","3","38","30","S10T09P03",0.562,0.691
"4098","3","50","5","S10T09P03",0.182,0.7
"4099","3","46","120","S10T09P03",0,0.745
"4100","3","38","5","S10T09P03",0.672,0.707
"4101","4","46","60","S13T01P01",0,0.743
"4102","4","42","60","S13T01P01",0.583,0.727
"4103","4","34","120","S13T01P01",0.745,0.735
"4104","4","50","120","S13T01P01",0,0.744
"4105","4","34","15","S13T01P01",0.757,0.747
"4106","4","34","30","S13T01P01",0.733,0.73
"4107","4","46","120","S13T01P01",0,0.746
"4108","4","46","30","S13T01P01",0,0.744
"4109","4","42","120","S13T01P01",0,0.733
"4110","4","42","30","S13T01P01",0.612,0.738
"4111","4","50","15","S13T01P01",0,0.748
"4112","4","34","60","S13T01P01",0.724,0.744
"4113","4","38","60","S13T01P01",0.624,0.733
"4114","4","46","5","S13T01P01",0,0.748
"4115","4","50","60","S13T01P01",0,0.743
"4116","4","54","35","S13T01P01",0,NA
"4117","4","38","120","S13T01P01",0.735,0.757
"4118","4","46","15","S13T01P01",0,0.733
"4119","4","54","30","S13T01P01",0,0.733
"4120","4","42","15","S13T01P01",0.691,0.753
"4121","4","38","30","S13T01P01",0.746,0.727
"4122","4","38","15","S13T01P01",0.761,0.755
"4123","4","54","60","S13T01P01",0,0.742
"4124","4","54","5","S13T01P01",0,0.74
"4125","4","54","15","S13T01P01",NA,0.721
"4126","4","42","5","S13T01P01",0.739,0.738
"4127","4","50","30","S13T01P01",0,0.755
"4128","4","38","5","S13T01P01",0.738,0.749
"4129","4","50","5","S13T01P01",0.297,0.749
"4130","5","34","15","S07T01P13",0.692,0.706
"4131","5","34","30","S07T01P13",0.709,0.708
"4132","5","50","15","S07T01P13",0,0.728
"4133","5","34","120","S07T01P13",0.6,0.692
"4134","5","50","120","S07T01P13",0,0.718
"4135","5","50","30","S07T01P13",0,0.691
"4136","5","46","60","S07T01P13",0,0.712
"4137","5","38","5","S07T01P13",0.684,0.681
"4138","5","42","60","S07T01P13",0.544,0.726
"4139","5","34","60","S07T01P13",0.402,0.7
"4140","5","38","30","S07T01P13",0.481,0.674
"4141","5","50","5","S07T01P13",0.167,0.72
"4142","5","38","15","S07T01P13",0.545,0.702
"4143","5","46","120","S07T01P13",0,0.715
"4144","5","38","120","S07T01P13",0.688,0.742
"4145","5","54","35","S07T01P13",0,NA
"4146","5","46","30","S07T01P13",0,0.736
"4147","5","42","30","S07T01P13",0,0.708
"4148","5","42","15","S07T01P13",0.653,0.701
"4149","5","46","5","S07T01P13",0,0.721
"4150","5","54","15","S07T01P13",NA,0.718
"4151","5","42","120","S07T01P13",0,0.722
"4152","5","46","15","S07T01P13",0,0.728
"4153","5","54","30","S07T01P13",0,0.703
"4154","5","38","60","S07T01P13",0.683,0.707
"4155","5","50","60","S07T01P13",0,0.729
"4156","5","54","5","S07T01P13",0,0.73
"4157","5","54","60","S07T01P13",0,0.695
"4158","5","42","5","S07T01P13",0.534,0.657
"4159","6","34","120","S06T03P05",0.769,0.768
"4160","6","34","15","S06T03P05",0.764,0.771
"4161","6","34","30","S06T03P05",0.771,0.766
"4162","6","46","5","S06T03P05",0.333,0.756
"4163","6","46","30","S06T03P05",0,0.761
"4164","6","50","30","S06T03P05",0,0.752
"4165","6","46","60","S06T03P05",0,0.759
"4166","6","34","60","S06T03P05",0.746,0.753
"4167","6","38","30","S06T03P05",0.762,0.767
"4168","6","50","5","S06T03P05",0.255,0.764
"4169","6","46","15","S06T03P05",0,0.775
"4170","6","50","120","S06T03P05",0,0.751
"4171","6","38","15","S06T03P05",0.739,0.75
"4172","6","38","120","S06T03P05",0.633,0.759
"4173","6","38","5","S06T03P05",0.764,0.771
"4174","6","50","60","S06T03P05",0,0.76
"4175","6","50","15","S06T03P05",0,0.77
"4176","6","54","30","S06T03P05",0,0.773
"4177","6","38","60","S06T03P05",0.777,0.753
"4178","6","54","15","S06T03P05",NA,0.76
"4179","6","42","15","S06T03P05",0.754,0.771
"4180","6","46","120","S06T03P05",0,0.766
"4181","6","42","120","S06T03P05",0,0.779
"4182","6","42","60","S06T03P05",0.64,0.763
"4183","6","42","30","S06T03P05",0.519,0.745
"4184","6","54","5","S06T03P05",0,0.758
"4185","6","54","60","S06T03P05",0,0.764
"4186","6","42","5","S06T03P05",0.759,0.742
"4187","6","54","35","S06T03P05",0,NA
"4188","7","34","15","S14T05P05",0.767,0.765
"4189","7","50","120","S14T05P05",0,0.761
"4190","7","50","60","S14T05P05",0,0.765
"4191","7","34","30","S14T05P05",0.753,0.735
"4192","7","34","120","S14T05P05",0.763,0.753
"4193","7","46","60","S14T05P05",0,0.762
"4194","7","38","30","S14T05P05",0.726,0.748
"4195","7","54","30","S14T05P05",0,0.764
"4196","7","54","15","S14T05P05",NA,0.733
"4197","7","38","15","S14T05P05",0.7,0.743
"4198","7","50","15","S14T05P05",0,0.723
"4199","7","38","5","S14T05P05",0.785,0.776
"4200","7","38","120","S14T05P05",0.668,0.712
"4201","7","50","30","S14T05P05",0,0.752
"4202","7","46","30","S14T05P05",0,0.75
"4203","7","34","60","S14T05P05",0.775,0.754
"4204","7","38","60","S14T05P05",0.774,0.766
"4205","7","54","60","S14T05P05",0,0.755
"4206","7","50","5","S14T05P05",0.259,0.74
"4207","7","46","5","S14T05P05",0.415,0.74
"4208","7","54","5","S14T05P05",0,0.756
"4209","7","42","120","S14T05P05",0.636,0.756
"4210","7","42","5","S14T05P05",0.777,0.752
"4211","7","42","30","S14T05P05",0.615,0.777
"4212","7","46","15","S14T05P05",0,0.77
"4213","7","42","15","S14T05P05",0.765,0.762
"4214","7","54","35","S14T05P05",0,NA
"4215","7","42","60","S14T05P05",0.698,0.759
"4216","7","46","120","S14T05P05",0,0.757
"4217","8","34","120","S12T08P03",0.736,0.735
"4218","8","34","15","S12T08P03",0.749,0.756
"4219","8","34","30","S12T08P03",0.74,0.758
"4220","8","54","30","S12T08P03",0,0.74
"4221","8","50","60","S12T08P03",0,0.738
"4222","8","34","60","S12T08P03",0.687,0.749
"4223","8","38","60","S12T08P03",0.733,0.747
"4224","8","54","60","S12T08P03",0,0.742
"4225","8","54","5","S12T08P03",0,0.756
"4226","8","54","15","S12T08P03",NA,0.748
"4227","8","38","5","S12T08P03",0.697,0.747
"4228","8","38","120","S12T08P03",0.652,0.772
"4229","8","54","35","S12T08P03",0,NA
"4230","8","42","120","S12T08P03",0.478,0.744
"4231","8","38","30","S12T08P03",0.696,0.747
"4232","8","46","60","S12T08P03",0,0.75
"4233","8","38","15","S12T08P03",0.747,0.757
"4234","8","50","120","S12T08P03",0,0.752
"4235","8","42","15","S12T08P03",0.669,0.754
"4236","8","50","30","S12T08P03",0,0.744
"4237","8","46","30","S12T08P03",0,0.744
"4238","8","42","30","S12T08P03",0.69,0.732
"4239","8","50","5","S12T08P03",0.288,0.751
"4240","8","50","15","S12T08P03",0,0.74
"4241","8","42","60","S12T08P03",0.628,0.729
"4242","8","46","5","S12T08P03",0.317,0.733
"4243","8","42","5","S12T08P03",0.756,0.732
"4244","8","46","120","S12T08P03",0,0.749
"4245","8","46","15","S12T08P03",0,0.757
"4246","9","34","60","S09T06P02",0.687,0.74
"4247","9","34","120","S09T06P02",0.624,0.735
"4248","9","34","30","S09T06P02",0.726,0.783
"4249","9","38","120","S09T06P02",0.701,0.761
"4250","9","54","5","S09T06P02",0,0.76
"4251","9","34","15","S09T06P02",0.717,0.756
"4252","9","50","60","S09T06P02",0,0.721
"4253","9","38","30","S09T06P02",0.693,0.777
"4254","9","54","60","S09T06P02",0,0.766
"4255","9","54","30","S09T06P02",0,0.763
"4256","9","38","15","S09T06P02",0.707,0.769
"4257","9","54","15","S09T06P02",NA,0.726
"4258","9","38","5","S09T06P02",0.753,0.785
"4259","9","54","35","S09T06P02",0,NA
"4260","9","42","120","S09T06P02",0,0.745
"4261","9","50","30","S09T06P02",0,0.754
"4262","9","38","60","S09T06P02",0.739,0.76
"4263","9","42","15","S09T06P02",0.563,0.802
"4264","9","50","5","S09T06P02",0.167,0.732
"4265","9","42","5","S09T06P02",0.684,0.746
"4266","9","50","120","S09T06P02",0,0.743
"4267","9","42","30","S09T06P02",0.664,0.766
"4268","9","50","15","S09T06P02",0,0.784
"4269","9","46","60","S09T06P02",0,0.776
"4270","9","46","30","S09T06P02",0,0.768
"4271","9","46","5","S09T06P02",0.303,0.762
"4272","9","42","60","S09T06P02",0.658,0.745
"4273","9","46","15","S09T06P02",0,0.76
"4274","9","46","120","S09T06P02",0,0.754
"4275","1","34","120","S07T04P04",0.556,0.756
"4276","1","46","120","S07T04P04",NA,0.785
"4277","1","54","60","S07T04P04",0,0.739
"4278","1","42","60","S07T04P04",0,0.704
"4279","1","42","5","S07T04P04",0.543,0.775
"4280","1","54","5","S07T04P04",0,0.733
"4281","1","42","30","S07T04P04",0.668,0.756
"4282","1","54","15","S07T04P04",0,NA
"4283","1","42","15","S07T04P04",0.325,0.738
"4284","1","42","120","S07T04P04",0,0.759
"4285","1","38","60","S07T04P04",0.219,0.761
"4286","1","50","5","S07T04P04",0,0.757
"4287","1","38","30","S07T04P04",0.626,0.733
"4288","1","50","30","S07T04P04",0,0.766
"4289","1","38","5","S07T04P04",0.144,0.728
"4290","1","38","15","S07T04P04",0.496,0.741
"4291","1","50","120","S07T04P04",0,0.758
"4292","1","38","120","S07T04P04",0.292,0.72
"4293","1","34","60","S07T04P04",0.2,0.752
"4294","1","46","60","S07T04P04",0,0.716
"4295","1","34","30","S07T04P04",0.204,0.748
"4296","1","46","30","S07T04P04",0,0.705
"4297","1","34","15","S07T04P04",0.623,0.776
"4298","1","46","15","S07T04P04",0,0.755
"4299","1","46","5","S07T04P04",0,0.737
"4300","1","50","60","S07T04P04",0,0.708
"4301","1","50","15","S07T04P04",0,0.743
"4302","1","54","30","S07T04P04",0,0.726
"4303","10","34","15","S10T08P07",0.709,0.754
"4304","10","34","120","S10T08P07",0.714,0.74
"4305","10","46","30","S10T08P07",0,0.763
"4306","10","34","30","S10T08P07",0.626,0.713
"4307","10","42","30","S10T08P07",0,0.731
"4308","10","46","15","S10T08P07",0,0.8
"4309","10","42","15","S10T08P07",0,0.731
"4310","10","46","5","S10T08P07",0,0.729
"4311","10","46","120","S10T08P07",NA,0.788
"4312","10","54","5","S10T08P07",0,0.757
"4313","10","38","30","S10T08P07",0.747,0.762
"4314","10","38","5","S10T08P07",0.682,0.738
"4315","10","54","15","S10T08P07",0,NA
"4316","10","54","60","S10T08P07",0,0.729
"4317","10","38","15","S10T08P07",0.712,0.705
"4318","10","42","120","S10T08P07",0,0.75
"4319","10","50","30","S10T08P07",0,0.757
"4320","10","42","5","S10T08P07",0.691,0.763
"4321","10","50","120","S10T08P07",0,0.767
"4322","10","50","5","S10T08P07",0,0.759
"4323","10","46","60","S10T08P07",0,0.77
"4324","10","42","60","S10T08P07",0.577,0.778
"4325","10","34","60","S10T08P07",0.724,0.738
"4326","10","54","30","S10T08P07",0,0.724
"4327","10","50","15","S10T08P07",0,0.737
"4328","10","50","60","S10T08P07",0,0.731
"4329","10","38","60","S10T08P07",0.609,0.742
"4330","10","38","120","S10T08P07",0.661,0.757
"4331","11","46","5","S09T01P05",0.377,0.763
"4332","11","34","15","S09T01P05",0.689,0.733
"4333","11","46","30","S09T01P05",0,0.74
"4334","11","54","5","S09T01P05",0,0.742
"4335","11","46","15","S09T01P05",0,0.766
"4336","11","54","30","S09T01P05",0,0.757
"4337","11","34","30","S09T01P05",0.669,0.727
"4338","11","34","120","S09T01P05",0.735,0.753
"4339","11","54","60","S09T01P05",0,0.764
"4340","11","46","120","S09T01P05",NA,0.77
"4341","11","42","30","S09T01P05",0,0.732
"4342","11","50","30","S09T01P05",0,0.752
"4343","11","42","120","S09T01P05",0,0.761
"4344","11","50","15","S09T01P05",0,0.729
"4345","11","54","15","S09T01P05",0,NA
"4346","11","46","60","S09T01P05",0,0.736
"4347","11","34","60","S09T01P05",0.71,0.747
"4348","11","50","5","S09T01P05",0,0.774
"4349","11","38","30","S09T01P05",0.729,0.754
"4350","11","42","15","S09T01P05",0.527,0.763
"4351","11","38","15","S09T01P05",0.725,0.752
"4352","11","42","5","S09T01P05",0.713,0.762
"4353","11","50","120","S09T01P05",0,0.757
"4354","11","42","60","S09T01P05",0.348,0.729
"4355","11","50","60","S09T01P05",0,0.727
"4356","11","38","5","S09T01P05",0.667,0.75
"4357","11","38","60","S09T01P05",0.735,0.753
"4358","11","38","120","S09T01P05",0.709,0.77
"4359","12","46","30","S07T02P08",0,0.752
"4360","12","46","5","S07T02P08",0,0.729
"4361","12","46","15","S07T02P08",0.133,0.752
"4362","12","34","15","S07T02P08",0.456,0.744
"4363","12","34","30","S07T02P08",0.253,0.736
"4364","12","34","120","S07T02P08",0.629,0.747
"4365","12","54","60","S07T02P08",0,0.758
"4366","12","50","5","S07T02P08",0,0.771
"4367","12","46","120","S07T02P08",NA,0.77
"4368","12","54","5","S07T02P08",0,0.759
"4369","12","50","30","S07T02P08",0,0.764
"4370","12","46","60","S07T02P08",0,0.718
"4371","12","34","60","S07T02P08",0.723,0.757
"4372","12","54","15","S07T02P08",0,NA
"4373","12","50","120","S07T02P08",0,0.759
"4374","12","42","30","S07T02P08",0.273,0.749
"4375","12","54","30","S07T02P08",0,0.754
"4376","12","42","120","S07T02P08",0,0.765
"4377","12","50","15","S07T02P08",0,0.705
"4378","12","42","60","S07T02P08",0.383,0.709
"4379","12","50","60","S07T02P08",0,0.72
"4380","12","42","5","S07T02P08",0.527,0.734
"4381","12","38","30","S07T02P08",0.629,0.746
"4382","12","38","60","S07T02P08",0.602,0.77
"4383","12","38","5","S07T02P08",0.32,0.757
"4384","12","38","15","S07T02P08",0.603,0.734
"4385","12","42","15","S07T02P08",0.268,0.76
"4386","12","38","120","S07T02P08",0.332,0.776
"4387","13","46","5","S09T02P04",0,0.718
"4388","13","46","30","S09T02P04",0,0.71
"4389","13","34","30","S09T02P04",0.401,0.737
"4390","13","46","120","S09T02P04",NA,0.768
"4391","13","34","120","S09T02P04",0.63,0.764
"4392","13","34","60","S09T02P04",0.657,0.763
"4393","13","46","60","S09T02P04",0,0.742
"4394","13","42","30","S09T02P04",0.354,0.725
"4395","13","34","15","S09T02P04",0.652,0.76
"4396","13","42","15","S09T02P04",0.369,0.719
"4397","13","42","120","S09T02P04",0,0.772
"4398","13","38","60","S09T02P04",0.631,0.729
"4399","13","42","5","S09T02P04",0.665,0.725
"4400","13","46","15","S09T02P04",0,0.793
"4401","13","38","5","S09T02P04",0.601,0.695
"4402","13","38","30","S09T02P04",0.717,0.728
"4403","13","42","60","S09T02P04",0.616,0.746
"4404","13","38","15","S09T02P04",0.726,0.747
"4405","13","50","60","S09T02P04",0,0.746
"4406","13","54","60","S09T02P04",0,0.748
"4407","13","38","120","S09T02P04",0.634,0.771
"4408","13","54","5","S09T02P04",0,0.742
"4409","13","54","30","S09T02P04",0,0.717
"4410","13","54","15","S09T02P04",0,NA
"4411","13","50","30","S09T02P04",0,0.733
"4412","13","50","5","S09T02P04",0,0.719
"4413","13","50","15","S09T02P04",0,0.745
"4414","13","50","120","S09T02P04",0,0.733
"4415","14","34","60","S07T02P08",0.708,0.759
"4416","14","46","60","S07T02P08",0,0.73
"4417","14","46","30","S07T02P08",0,0.725
"4418","14","38","120","S07T02P08",0.608,0.748
"4419","14","34","30","S07T02P08",0.636,0.726
"4420","14","46","15","S07T02P08",0,0.752
"4421","14","34","15","S07T02P08",0.704,0.769
"4422","14","34","120","S07T02P08",0.695,0.749
"4423","14","46","120","S07T02P08",NA,0.764
"4424","14","46","5","S07T02P08",0.274,0.749
"4425","14","42","60","S07T02P08",0.581,0.732
"4426","14","42","5","S07T02P08",0.72,0.735
"4427","14","42","30","S07T02P08",0.452,0.734
"4428","14","50","120","S07T02P08",0,0.741
"4429","14","42","15","S07T02P08",0.667,0.747
"4430","14","38","60","S07T02P08",0.709,0.753
"4431","14","54","60","S07T02P08",0,0.74
"4432","14","42","120","S07T02P08",0,0.744
"4433","14","38","5","S07T02P08",0.689,0.731
"4434","14","54","5","S07T02P08",0,0.735
"4435","14","38","15","S07T02P08",0.713,0.734
"4436","14","54","15","S07T02P08",0,NA
"4437","14","38","30","S07T02P08",0.675,0.729
"4438","14","50","60","S07T02P08",0,0.73
"4439","14","50","30","S07T02P08",0,0.761
"4440","14","50","5","S07T02P08",0.305,0.744
"4441","14","50","15","S07T02P08",0,0.726
"4442","14","54","30","S07T02P08",0,0.724
"4443","15","46","60","S14T01P03",0,0.714
"4444","15","46","30","S14T01P03",0,0.742
"4445","15","50","120","S14T01P03",0,0.738
"4446","15","46","15","S14T01P03",0,0.747
"4447","15","34","30","S14T01P03",0.635,0.716
"4448","15","38","120","S14T01P03",0.695,0.738
"4449","15","34","15","S14T01P03",0.735,0.772
"4450","15","34","60","S14T01P03",0.702,0.737
"4451","15","46","5","S14T01P03",0,0.749
"4452","15","46","120","S14T01P03",NA,0.741
"4453","15","50","60","S14T01P03",0,0.748
"4454","15","54","5","S14T01P03",0,0.732
"4455","15","54","15","S14T01P03",0,NA
"4456","15","42","60","S14T01P03",0.609,0.697
"4457","15","54","30","S14T01P03",0,0.696
"4458","15","34","120","S14T01P03",0.719,0.748
"4459","15","42","5","S14T01P03",0.75,0.737
"4460","15","54","60","S14T01P03",0,0.727
"4461","15","42","30","S14T01P03",0.44,0.723
"4462","15","50","30","S14T01P03",0,0.742
"4463","15","50","5","S14T01P03",0.312,0.753
"4464","15","38","60","S14T01P03",0.736,0.755
"4465","15","50","15","S14T01P03",0,0.722
"4466","15","42","120","S14T01P03",0,0.772
"4467","15","38","15","S14T01P03",0.691,0.747
"4468","15","42","15","S14T01P03",0.66,0.739
"4469","15","38","30","S14T01P03",0.722,0.75
"4470","15","38","5","S14T01P03",0.725,0.752
"4471","16","46","60","S07T04P04",0,0.725
"4472","16","46","30","S07T04P04",0,0.731
"4473","16","46","15","S07T04P04",0,0.746
"4474","16","46","120","S07T04P04",NA,0.769
"4475","16","38","120","S07T04P04",0.723,0.736
"4476","16","50","120","S07T04P04",0,0.747
"4477","16","42","60","S07T04P04",0.728,0.736
"4478","16","46","5","S07T04P04",0.35,0.719
"4479","16","34","60","S07T04P04",0.738,0.724
"4480","16","34","30","S07T04P04",0.684,0.713
"4481","16","34","15","S07T04P04",0.724,0.745
"4482","16","54","15","S07T04P04",0,NA
"4483","16","34","120","S07T04P04",0.693,0.735
"4484","16","50","5","S07T04P04",0.228,0.739
"4485","16","54","30","S07T04P04",0,0.702
"4486","16","54","60","S07T04P04",0,0.741
"4487","16","50","30","S07T04P04",0,0.757
"4488","16","54","5","S07T04P04",0,0.722
"4489","16","38","15","S07T04P04",0.702,0.738
"4490","16","50","15","S07T04P04",0,0.731
"4491","16","42","120","S07T04P04",0,0.763
"4492","16","50","60","S07T04P04",0,0.75
"4493","16","42","5","S07T04P04",0.691,0.698
"4494","16","42","30","S07T04P04",0.587,0.734
"4495","16","38","60","S07T04P04",0.753,0.748
"4496","16","42","15","S07T04P04",0.7,0.716
"4497","16","38","5","S07T04P04",0.731,0.728
"4498","16","38","30","S07T04P04",0.676,0.686
"4499","17","46","60","S09T01P05",0,0.728
"4500","17","38","120","S09T01P05",0.709,0.749
"4501","17","50","120","S09T01P05",0,0.771
"4502","17","42","60","S09T01P05",0.447,0.717
"4503","17","34","60","S09T01P05",0.71,0.749
"4504","17","34","30","S09T01P05",0.721,0.746
"4505","17","46","120","S09T01P05",NA,0.776
"4506","17","54","15","S09T01P05",0,NA
"4507","17","34","120","S09T01P05",0.749,0.745
"4508","17","46","15","S09T01P05",0,0.773
"4509","17","46","5","S09T01P05",0.292,0.752
"4510","17","54","30","S09T01P05",0,0.73
"4511","17","34","15","S09T01P05",0.689,0.761
"4512","17","46","30","S09T01P05",0,0.751
"4513","17","42","120","S09T01P05",0,0.718
"4514","17","38","15","S09T01P05",0.734,0.76
"4515","17","38","60","S09T01P05",0.746,0.76
"4516","17","42","5","S09T01P05",0.75,0.748
"4517","17","50","15","S09T01P05",0,0.726
"4518","17","42","30","S09T01P05",0,0.758
"4519","17","42","15","S09T01P05",0.493,0.761
"4520","17","38","30","S09T01P05",0.743,0.755
"4521","17","38","5","S09T01P05",0.733,0.742
"4522","17","50","60","S09T01P05",0,0.727
"4523","17","54","60","S09T01P05",0,0.753
"4524","17","50","5","S09T01P05",0,0.749
"4525","17","54","5","S09T01P05",0,0.754
"4526","17","50","30","S09T01P05",0,0.777
"4527","18","34","60","S13T08P02",0.701,0.735
"4528","18","50","120","S13T08P02",0,0.683
"4529","18","46","120","S13T08P02",NA,0.743
"4530","18","38","120","S13T08P02",0.591,0.714
"4531","18","34","120","S13T08P02",0.674,0.72
"4532","18","38","15","S13T08P02",0.671,0.699
"4533","18","46","60","S13T08P02",0,0.716
"4534","18","54","15","S13T08P02",0,NA
"4535","18","46","15","S13T08P02",0,0.763
"4536","18","54","30","S13T08P02",0,0.685
"4537","18","50","15","S13T08P02",0,0.722
"4538","18","42","60","S13T08P02",0.423,0.696
"4539","18","42","15","S13T08P02",0.457,0.694
"4540","18","42","120","S13T08P02",0,0.731
"4541","18","46","30","S13T08P02",0,0.714
"4542","18","34","30","S13T08P02",0.624,0.705
"4543","18","34","15","S13T08P02",0.667,0.725
"4544","18","38","60","S13T08P02",0.631,0.71
"4545","18","46","5","S13T08P02",0,0.736
"4546","18","42","5","S13T08P02",0.698,0.713
"4547","18","42","30","S13T08P02",0,0.699
"4548","18","38","30","S13T08P02",0.672,0.691
"4549","18","54","60","S13T08P02",0,0.684
"4550","18","38","5","S13T08P02",0.666,0.715
"4551","18","54","5","S13T08P02",0,0.684
"4552","18","50","5","S13T08P02",0,0.735
"4553","18","50","60","S13T08P02",0,0.675
"4554","18","50","30","S13T08P02",0,0.727
"4555","19","38","120","S09T02P04",0.716,0.763
"4556","19","50","120","S09T02P04",0,0.763
"4557","19","34","120","S09T02P04",0.53,0.696
"4558","19","38","15","S09T02P04",0.67,0.738
"4559","19","34","60","S09T02P04",0.67,0.717
"4560","19","50","15","S09T02P04",0,0.741
"4561","19","46","15","S09T02P04",0,0.752
"4562","19","42","15","S09T02P04",0,0.734
"4563","19","46","60","S09T02P04",0,0.71
"4564","19","46","120","S09T02P04",NA,0.729
"4565","19","42","120","S09T02P04",0,0.707
"4566","19","42","60","S09T02P04",0,0.697
"4567","19","46","30","S09T02P04",0,0.711
"4568","19","54","15","S09T02P04",0,NA
"4569","19","34","15","S09T02P04",0.709,0.738
"4570","19","54","30","S09T02P04",0,0.72
"4571","19","46","5","S09T02P04",0.31,0.737
"4572","19","34","30","S09T02P04",0.613,0.705
"4573","19","54","5","S09T02P04",0,0.71
"4574","19","50","30","S09T02P04",0,0.718
"4575","19","38","30","S09T02P04",0.765,0.744
"4576","19","54","60","S09T02P04",0,0.74
"4577","19","50","60","S09T02P04",0,0.712
"4578","19","42","30","S09T02P04",0,0.735
"4579","19","50","5","S09T02P04",0,0.745
"4580","19","42","5","S09T02P04",0.728,0.722
"4581","19","38","60","S09T02P04",0.633,0.777
"4582","19","38","5","S09T02P04",0.754,0.743
"4583","2","54","15","S10T08P07",0,NA
"4584","2","54","60","S10T08P07",0,0.744
"4585","2","50","120","S10T08P07",0,0.758
"4586","2","54","5","S10T08P07",0,0.708
"4587","2","50","5","S10T08P07",0,0.732
"4588","2","46","120","S10T08P07",NA,0.758
"4589","2","42","120","S10T08P07",0,0.751
"4590","2","50","30","S10T08P07",0,0.749
"4591","2","34","120","S10T08P07",0.483,0.802
"4592","2","46","60","S10T08P07",0,0.771
"4593","2","38","15","S10T08P07",0.27,0.775
"4594","2","46","15","S10T08P07",0,0.744
"4595","2","50","60","S10T08P07",0,0.738
"4596","2","50","15","S10T08P07",0,0.728
"4597","2","46","5","S10T08P07",0,0.736
"4598","2","46","30","S10T08P07",0,0.763
"4599","2","54","30","S10T08P07",0,0.744
"4600","2","42","60","S10T08P07",0,0.722
"4601","2","42","5","S10T08P07",0.402,0.736
"4602","2","38","60","S10T08P07",0.441,0.747
"4603","2","42","30","S10T08P07",0,0.718
"4604","2","38","30","S10T08P07",0.492,0.733
"4605","2","38","120","S10T08P07",0.54,0.756
"4606","2","42","15","S10T08P07",0.327,0.737
"4607","2","38","5","S10T08P07",0.318,0.75
"4608","2","34","30","S10T08P07",0,0.738
"4609","2","34","60","S10T08P07",0.542,0.765
"4610","2","34","15","S10T08P07",0.652,0.768
"4611","20","46","15","S13T09P16",0.1,0.755
"4612","20","50","120","S13T09P16",0,0.741
"4613","20","34","120","S13T09P16",0.719,0.748
"4614","20","50","15","S13T09P16",0,0.722
"4615","20","38","120","S13T09P16",0.647,0.77
"4616","20","46","60","S13T09P16",0,0.773
"4617","20","34","60","S13T09P16",0.732,0.74
"4618","20","54","30","S13T09P16",0,0.727
"4619","20","38","15","S13T09P16",0.74,0.753
"4620","20","46","30","S13T09P16",0.073,0.725
"4621","20","46","120","S13T09P16",NA,0.738
"4622","20","34","15","S13T09P16",0.728,0.751
"4623","20","42","60","S13T09P16",0.481,0.716
"4624","20","42","120","S13T09P16",0,0.755
"4625","20","50","30","S13T09P16",0,0.734
"4626","20","54","5","S13T09P16",0,0.738
"4627","20","42","15","S13T09P16",0.404,0.72
"4628","20","46","5","S13T09P16",0.371,0.737
"4629","20","54","15","S13T09P16",0,NA
"4630","20","34","30","S13T09P16",0.683,0.727
"4631","20","38","30","S13T09P16",0.738,0.715
"4632","20","50","5","S13T09P16",0,0.789
"4633","20","54","60","S13T09P16",0,0.747
"4634","20","42","5","S13T09P16",0.632,0.74
"4635","20","42","30","S13T09P16",0,0.737
"4636","20","50","60","S13T09P16",0,0.76
"4637","20","38","60","S13T09P16",0.727,0.75
"4638","20","38","5","S13T09P16",0.703,0.743
"4639","21","50","120","S13T09P16",0,0.717
"4640","21","50","15","S13T09P16",0,0.739
"4641","21","46","15","S13T09P16",0,0.759
"4642","21","38","15","S13T09P16",0.566,0.745
"4643","21","46","60","S13T09P16",0,0.713
"4644","21","46","120","S13T09P16",NA,0.761
"4645","21","38","120","S13T09P16",0.598,0.736
"4646","21","34","120","S13T09P16",0.684,0.725
"4647","21","34","15","S13T09P16",0.679,0.721
"4648","21","54","30","S13T09P16",0,0.704
"4649","21","46","30","S13T09P16",0.116,0.709
"4650","21","34","60","S13T09P16",0.705,0.741
"4651","21","42","60","S13T09P16",0.312,0.713
"4652","21","54","5","S13T09P16",0,0.693
"4653","21","50","30","S13T09P16",0,0.745
"4654","21","38","30","S13T09P16",0.692,0.752
"4655","21","54","15","S13T09P16",0,NA
"4656","21","42","120","S13T09P16",0.45,0.763
"4657","21","42","15","S13T09P16",0.417,0.73
"4658","21","34","30","S13T09P16",0.24,0.714
"4659","21","42","30","S13T09P16",0.485,0.706
"4660","21","46","5","S13T09P16",0.448,0.705
"4661","21","42","5","S13T09P16",0.589,0.748
"4662","21","38","60","S13T09P16",0.677,0.712
"4663","21","54","60","S13T09P16",0,0.731
"4664","21","38","5","S13T09P16",0.637,0.718
"4665","21","50","5","S13T09P16",0.131,0.739
"4666","21","50","60","S13T09P16",0,0.717
"4667","22","34","120","S06T03P21",0.698,0.764
"4668","22","38","15","S06T03P21",0.706,0.751
"4669","22","34","60","S06T03P21",0.627,0.746
"4670","22","50","15","S06T03P21",0,0.737
"4671","22","34","15","S06T03P21",0.705,0.761
"4672","22","38","30","S06T03P21",0.723,0.755
"4673","22","50","120","S06T03P21",0,0.736
"4674","22","46","30","S06T03P21",0,0.745
"4675","22","38","120","S06T03P21",0.595,0.761
"4676","22","46","120","S06T03P21",NA,0.763
"4677","22","50","30","S06T03P21",0,0.745
"4678","22","46","15","S06T03P21",0,0.786
"4679","22","42","15","S06T03P21",0.586,0.73
"4680","22","42","120","S06T03P21",0.502,0.753
"4681","22","46","60","S06T03P21",0,0.743
"4682","22","54","5","S06T03P21",0,0.727
"4683","22","34","30","S06T03P21",0.403,0.737
"4684","22","54","15","S06T03P21",0,NA
"4685","22","54","30","S06T03P21",0,0.72
"4686","22","42","60","S06T03P21",0.655,0.745
"4687","22","42","30","S06T03P21",0.479,0.734
"4688","22","46","5","S06T03P21",0.308,0.739
"4689","22","38","5","S06T03P21",0.69,0.743
"4690","22","42","5","S06T03P21",0.753,0.749
"4691","22","54","60","S06T03P21",0,0.738
"4692","22","38","60","S06T03P21",0.729,0.747
"4693","22","50","5","S06T03P21",0.262,0.766
"4694","22","50","60","S06T03P21",0,0.729
"4695","23","38","15","S10T08P06",0.65,0.755
"4696","23","50","30","S10T08P06",0,0.741
"4697","23","38","30","S10T08P06",0.726,0.751
"4698","23","34","15","S10T08P06",0.724,0.805
"4699","23","50","120","S10T08P06",0,0.748
"4700","23","38","120","S10T08P06",0.648,0.766
"4701","23","34","120","S10T08P06",0.764,0.799
"4702","23","46","30","S10T08P06",0,0.778
"4703","23","34","60","S10T08P06",0.727,0.771
"4704","23","46","15","S10T08P06",0,0.789
"4705","23","50","15","S10T08P06",0,0.725
"4706","23","42","15","S10T08P06",0,0.738
"4707","23","42","30","S10T08P06",0,0.757
"4708","23","46","60","S10T08P06",0,0.721
"4709","23","46","5","S10T08P06",0,0.739
"4710","23","34","30","S10T08P06",0.68,0.735
"4711","23","38","5","S10T08P06",0.752,0.771
"4712","23","46","120","S10T08P06",NA,0.776
"4713","23","50","5","S10T08P06",0.307,0.764
"4714","23","42","60","S10T08P06",0.437,0.761
"4715","23","54","5","S10T08P06",0,0.757
"4716","23","42","120","S10T08P06",0,0.783
"4717","23","54","15","S10T08P06",0,NA
"4718","23","54","30","S10T08P06",0,0.723
"4719","23","54","60","S10T08P06",0,0.743
"4720","23","42","5","S10T08P06",0.709,0.757
"4721","23","50","60","S10T08P06",0,0.724
"4722","23","38","60","S10T08P06",0.728,0.749
"4723","24","46","30","S09T01P05",0,0.752
"4724","24","46","15","S09T01P05",0,0.766
"4725","24","50","30","S09T01P05",0,0.74
"4726","24","50","15","S09T01P05",0,0.738
"4727","24","50","120","S09T01P05",0,0.754
"4728","24","38","15","S09T01P05",0.735,0.753
"4729","24","34","30","S09T01P05",0.667,0.699
"4730","24","46","60","S09T01P05",0,0.745
"4731","24","46","5","S09T01P05",0.304,0.733
"4732","24","34","120","S09T01P05",0.696,0.746
"4733","24","34","15","S09T01P05",0.687,0.747
"4734","24","38","30","S09T01P05",0.743,0.75
"4735","24","34","60","S09T01P05",0.726,0.773
"4736","24","46","120","S09T01P05",NA,0.779
"4737","24","38","120","S09T01P05",0.729,0.768
"4738","24","38","5","S09T01P05",0.737,0.758
"4739","24","54","5","S09T01P05",0,0.732
"4740","24","50","5","S09T01P05",0.264,0.765
"4741","24","42","30","S09T01P05",0.429,0.72
"4742","24","54","30","S09T01P05",0,0.736
"4743","24","42","120","S09T01P05",0,0.762
"4744","24","42","60","S09T01P05",0.517,0.724
"4745","24","54","60","S09T01P05",0,0.735
"4746","24","50","60","S09T01P05",0,0.747
"4747","24","54","15","S09T01P05",0,NA
"4748","24","42","15","S09T01P05",0.679,0.741
"4749","24","38","60","S09T01P05",0.742,0.729
"4750","24","42","5","S09T01P05",0.768,0.747
"4751","25","50","30","S13T09P16",0,0.7
"4752","25","50","120","S13T09P16",0,0.737
"4753","25","46","30","S13T09P16",0,0.735
"4754","25","50","15","S13T09P16",0,0.737
"4755","25","38","30","S13T09P16",0.718,0.73
"4756","25","46","15","S13T09P16",0,0.759
"4757","25","46","60","S13T09P16",0,0.701
"4758","25","38","15","S13T09P16",0.684,0.726
"4759","25","34","30","S13T09P16",0.72,0.731
"4760","25","46","5","S13T09P16",0.368,0.716
"4761","25","50","5","S13T09P16",0.2,0.744
"4762","25","34","120","S13T09P16",0.64,0.719
"4763","25","38","5","S13T09P16",0.709,0.719
"4764","25","38","120","S13T09P16",0.689,0.75
"4765","25","34","15","S13T09P16",0.722,0.751
"4766","25","54","60","S13T09P16",0,0.738
"4767","25","34","60","S13T09P16",0.67,0.73
"4768","25","46","120","S13T09P16",NA,0.709
"4769","25","54","30","S13T09P16",0,0.674
"4770","25","42","60","S13T09P16",0.443,0.693
"4771","25","54","5","S13T09P16",0,0.742
"4772","25","42","30","S13T09P16",0.597,0.716
"4773","25","54","15","S13T09P16",0,NA
"4774","25","42","15","S13T09P16",0.644,0.713
"4775","25","42","5","S13T09P16",0.762,0.751
"4776","25","42","120","S13T09P16",0,0.769
"4777","25","50","60","S13T09P16",0,0.733
"4778","25","38","60","S13T09P16",0.698,0.718
"4779","26","34","30","S07T02P08",0.651,0.715
"4780","26","34","120","S07T02P08",0.691,0.725
"4781","26","38","30","S07T02P08",0.72,0.728
"4782","26","34","60","S07T02P08",0.683,0.724
"4783","26","38","15","S07T02P08",0.69,0.731
"4784","26","38","5","S07T02P08",0.682,0.718
"4785","26","50","5","S07T02P08",0.187,0.752
"4786","26","50","15","S07T02P08",0,0.739
"4787","26","34","15","S07T02P08",0.686,0.751
"4788","26","38","120","S07T02P08",0.63,0.749
"4789","26","50","120","S07T02P08",0,0.739
"4790","26","50","30","S07T02P08",0,0.751
"4791","26","46","5","S07T02P08",0.314,0.728
"4792","26","46","30","S07T02P08",0,0.737
"4793","26","46","60","S07T02P08",0,0.716
"4794","26","46","120","S07T02P08",NA,0.754
"4795","26","38","60","S07T02P08",0.755,0.768
"4796","26","46","15","S07T02P08",0,0.769
"4797","26","42","30","S07T02P08",0.473,0.711
"4798","26","42","60","S07T02P08",0.584,0.733
"4799","26","42","15","S07T02P08",0.443,0.739
"4800","26","42","120","S07T02P08",0,0.756
"4801","26","42","5","S07T02P08",0.728,0.691
"4802","26","54","5","S07T02P08",0,0.718
"4803","26","54","60","S07T02P08",0,0.745
"4804","26","54","30","S07T02P08",0,0.718
"4805","26","50","60","S07T02P08",0,0.717
"4806","26","54","15","S07T02P08",0,NA
"4807","27","38","60","S06T03P21",0.694,0.758
"4808","27","50","5","S06T03P21",0.158,0.749
"4809","27","50","30","S06T03P21",0,0.751
"4810","27","38","5","S06T03P21",0.739,0.749
"4811","27","34","60","S06T03P21",0.707,0.744
"4812","27","38","30","S06T03P21",0.703,0.726
"4813","27","50","120","S06T03P21",0,0.745
"4814","27","38","15","S06T03P21",0.7,0.742
"4815","27","46","60","S06T03P21",0,0.726
"4816","27","38","120","S06T03P21",0.589,0.735
"4817","27","34","30","S06T03P21",0.704,0.733
"4818","27","46","30","S06T03P21",0,0.7
"4819","27","34","120","S06T03P21",0.713,0.739
"4820","27","46","15","S06T03P21",0,0.762
"4821","27","34","15","S06T03P21",0.7,0.739
"4822","27","50","60","S06T03P21",0,0.712
"4823","27","42","60","S06T03P21",0.523,0.702
"4824","27","42","30","S06T03P21",0.554,0.726
"4825","27","50","15","S06T03P21",0,0.722
"4826","27","42","5","S06T03P21",0.766,0.749
"4827","27","42","15","S06T03P21",0.324,0.728
"4828","27","46","120","S06T03P21",NA,0.748
"4829","27","54","60","S06T03P21",0,0.73
"4830","27","54","5","S06T03P21",0,0.729
"4831","27","46","5","S06T03P21",0.425,0.715
"4832","27","54","30","S06T03P21",0,0.711
"4833","27","54","15","S06T03P21",0,NA
"4834","27","42","120","S06T03P21",0.453,0.737
"4835","28","46","60","S13T08P02",0,0.71
"4836","28","50","30","S13T08P02",0,0.737
"4837","28","50","60","S13T08P02",0,0.706
"4838","28","50","120","S13T08P02",0,0.694
"4839","28","46","30","S13T08P02",0,0.721
"4840","28","50","5","S13T08P02",0.142,0.709
"4841","28","34","60","S13T08P02",0.654,0.685
"4842","28","46","15","S13T08P02",0,0.734
"4843","28","38","60","S13T08P02",0.693,0.72
"4844","28","46","5","S13T08P02",0.44,0.688
"4845","28","38","5","S13T08P02",0.681,0.71
"4846","28","50","15","S13T08P02",0,0.708
"4847","28","38","15","S13T08P02",0.68,0.733
"4848","28","42","60","S13T08P02",0.554,0.666
"4849","28","46","120","S13T08P02",NA,0.724
"4850","28","38","120","S13T08P02",0.671,0.713
"4851","28","38","30","S13T08P02",0.716,0.714
"4852","28","34","30","S13T08P02",0.633,0.701
"4853","28","34","120","S13T08P02",0.553,0.718
"4854","28","34","15","S13T08P02",0.651,0.736
"4855","28","54","15","S13T08P02",0,NA
"4856","28","42","120","S13T08P02",0,0.598
"4857","28","42","5","S13T08P02",0.719,0.713
"4858","28","54","5","S13T08P02",0,0.718
"4859","28","42","30","S13T08P02",0.29,0.669
"4860","28","54","30","S13T08P02",0,0.696
"4861","28","54","60","S13T08P02",0,0.711
"4862","28","42","15","S13T08P02",0,0.704
"4863","29","46","60","S07T04P04",0,0.734
"4864","29","50","30","S07T04P04",0,0.756
"4865","29","50","120","S07T04P04",0,0.735
"4866","29","34","60","S07T04P04",0.712,0.719
"4867","29","50","60","S07T04P04",0,0.743
"4868","29","42","60","S07T04P04",0.599,0.715
"4869","29","50","5","S07T04P04",0.138,0.728
"4870","29","46","30","S07T04P04",0.083,0.728
"4871","29","38","60","S07T04P04",0.688,0.734
"4872","29","38","30","S07T04P04",0.766,0.721
"4873","29","46","15","S07T04P04",0.088,0.744
"4874","29","50","15","S07T04P04",0,0.726
"4875","29","38","15","S07T04P04",0.712,0.758
"4876","29","38","120","S07T04P04",0.749,0.752
"4877","29","38","5","S07T04P04",0.723,0.748
"4878","29","46","120","S07T04P04",NA,0.761
"4879","29","46","5","S07T04P04",0.459,0.712
"4880","29","34","30","S07T04P04",0.71,0.73
"4881","29","34","120","S07T04P04",0.699,0.724
"4882","29","54","15","S07T04P04",0,NA
"4883","29","42","120","S07T04P04",0.685,0.752
"4884","29","54","60","S07T04P04",0,0.697
"4885","29","54","30","S07T04P04",0,0.751
"4886","29","34","15","S07T04P04",0.741,0.748
"4887","29","42","5","S07T04P04",0.734,0.735
"4888","29","42","30","S07T04P04",0.72,0.73
"4889","29","54","5","S07T04P04",0,0.729
"4890","29","42","15","S07T04P04",0.728,0.74
"4891","3","54","15","S13T08P02",0,NA
"4892","3","54","60","S13T08P02",0,0.708
"4893","3","54","5","S13T08P02",0,0.697
"4894","3","46","15","S13T08P02",0,0.744
"4895","3","42","120","S13T08P02",0,0.727
"4896","3","50","120","S13T08P02",0,0.71
"4897","3","42","60","S13T08P02",0,0.683
"4898","3","46","120","S13T08P02",NA,0.736
"4899","3","50","15","S13T08P02",0,0.681
"4900","3","50","5","S13T08P02",0,0.729
"4901","3","46","60","S13T08P02",0,0.692
"4902","3","34","120","S13T08P02",0.295,0.706
"4903","3","42","5","S13T08P02",0.22,0.716
"4904","3","50","30","S13T08P02",0,0.724
"4905","3","46","30","S13T08P02",0,0.682
"4906","3","54","30","S13T08P02",0,0.709
"4907","3","42","30","S13T08P02",0,0.674
"4908","3","38","15","S13T08P02",0,0.703
"4909","3","50","60","S13T08P02",0,0.707
"4910","3","38","60","S13T08P02",0.456,0.743
"4911","3","38","30","S13T08P02",0.125,0.707
"4912","3","42","15","S13T08P02",0,0.703
"4913","3","46","5","S13T08P02",0.253,0.725
"4914","3","34","60","S13T08P02",0.212,0.73
"4915","3","34","30","S13T08P02",0,0.67
"4916","3","38","120","S13T08P02",0,0.711
"4917","3","34","15","S13T08P02",0,0.715
"4918","3","38","5","S13T08P02",0,0.694
"4919","30","46","60","S14T01P03",0,0.736
"4920","30","34","60","S14T01P03",0.743,0.751
"4921","30","50","60","S14T01P03",0,0.714
"4922","30","50","5","S14T01P03",0.143,0.746
"4923","30","50","120","S14T01P03",0,0.773
"4924","30","42","60","S14T01P03",0.413,0.729
"4925","30","38","60","S14T01P03",0.651,0.728
"4926","30","38","30","S14T01P03",0.758,0.753
"4927","30","38","15","S14T01P03",0.646,0.756
"4928","30","46","120","S14T01P03",NA,0.762
"4929","30","38","120","S14T01P03",0.676,0.74
"4930","30","38","5","S14T01P03",0.731,0.77
"4931","30","34","30","S14T01P03",0.446,0.737
"4932","30","54","15","S14T01P03",0,NA
"4933","30","34","15","S14T01P03",0.71,0.73
"4934","30","34","120","S14T01P03",0.705,0.733
"4935","30","42","120","S14T01P03",0.506,0.763
"4936","30","46","15","S14T01P03",0,0.771
"4937","30","50","15","S14T01P03",0,0.709
"4938","30","46","5","S14T01P03",0.412,0.74
"4939","30","50","30","S14T01P03",0,0.758
"4940","30","46","30","S14T01P03",0,0.76
"4941","30","42","30","S14T01P03",0.493,0.741
"4942","30","42","5","S14T01P03",0.636,0.759
"4943","30","54","30","S14T01P03",0,0.771
"4944","30","42","15","S14T01P03",0.605,0.753
"4945","30","54","60","S14T01P03",0,0.773
"4946","30","54","5","S14T01P03",0,0.737
"4947","31","38","60","S05T02P09",0.729,0.742
"4948","31","34","60","S05T02P09",0.759,0.774
"4949","31","50","60","S05T02P09",0,0.725
"4950","31","38","120","S05T02P09",0.744,0.753
"4951","31","42","120","S05T02P09",0.534,0.739
"4952","31","50","120","S05T02P09",0,0.735
"4953","31","50","5","S05T02P09",0.368,0.769
"4954","31","46","60","S05T02P09",0,0.724
"4955","31","34","120","S05T02P09",0.716,0.762
"4956","31","46","120","S05T02P09",NA,0.765
"4957","31","42","60","S05T02P09",0.545,0.741
"4958","31","54","15","S05T02P09",0,NA
"4959","31","46","15","S05T02P09",0,0.765
"4960","31","38","15","S05T02P09",0.728,0.758
"4961","31","38","5","S05T02P09",0.689,0.725
"4962","31","38","30","S05T02P09",0.726,0.725
"4963","31","50","30","S05T02P09",0,0.749
"4964","31","42","15","S05T02P09",0.703,0.764
"4965","31","54","30","S05T02P09",0,0.698
"4966","31","34","30","S05T02P09",0.619,0.725
"4967","31","46","30","S05T02P09",0,0.705
"4968","31","34","15","S05T02P09",0.708,0.729
"4969","31","50","15","S05T02P09",0,0.758
"4970","31","42","5","S05T02P09",0.758,0.745
"4971","31","42","30","S05T02P09",0.597,0.742
"4972","31","46","5","S05T02P09",0.402,0.742
"4973","31","54","60","S05T02P09",0,0.719
"4974","31","54","5","S05T02P09",0,0.723
"4975","32","38","60","S10T18P03",0.751,0.774
"4976","32","54","15","S10T18P03",0,NA
"4977","32","38","120","S10T18P03",0.694,0.74
"4978","32","34","120","S10T18P03",0.714,0.761
"4979","32","42","120","S10T18P03",0.426,0.768
"4980","32","46","15","S10T18P03",0,0.772
"4981","32","54","30","S10T18P03",0,0.75
"4982","32","50","120","S10T18P03",0,0.757
"4983","32","50","5","S10T18P03",0.218,0.761
"4984","32","46","60","S10T18P03",0,0.756
"4985","32","34","60","S10T18P03",0.711,0.759
"4986","32","50","60","S10T18P03",0,0.747
"4987","32","50","15","S10T18P03",0,0.75
"4988","32","38","15","S10T18P03",0.737,0.774
"4989","32","42","60","S10T18P03",0.409,0.762
"4990","32","50","30","S10T18P03",0,0.766
"4991","32","42","15","S10T18P03",0.592,0.758
"4992","32","46","120","S10T18P03",NA,0.786
"4993","32","46","5","S10T18P03",0.333,0.729
"4994","32","46","30","S10T18P03",0,0.726
"4995","32","38","5","S10T18P03",0.737,0.771
"4996","32","34","15","S10T18P03",0.717,0.771
"4997","32","34","30","S10T18P03",0.744,0.752
"4998","32","38","30","S10T18P03",0.731,0.749
"4999","32","54","5","S10T18P03",0,0.74
"5000","32","42","5","S10T18P03",0.758,0.741
"5001","32","42","30","S10T18P03",0.493,0.759
"5002","32","54","60","S10T18P03",0,0.736
"5003","33","50","120","S09T02P04",0,0.716
"5004","33","46","60","S09T02P04",0,0.738
"5005","33","54","30","S09T02P04",0,0.73
"5006","33","54","15","S09T02P04",0,NA
"5007","33","38","15","S09T02P04",0.599,0.72
"5008","33","46","15","S09T02P04",0,0.76
"5009","33","50","60","S09T02P04",0,0.76
"5010","33","38","60","S09T02P04",0.637,0.706
"5011","33","50","5","S09T02P04",0.245,0.768
"5012","33","42","120","S09T02P04",0.424,0.741
"5013","33","50","30","S09T02P04",0,0.763
"5014","33","50","15","S09T02P04",0,0.707
"5015","33","38","120","S09T02P04",0.658,0.741
"5016","33","34","120","S09T02P04",0.68,0.741
"5017","33","42","15","S09T02P04",0.567,0.733
"5018","33","42","60","S09T02P04",0.421,0.719
"5019","33","34","60","S09T02P04",0.712,0.743
"5020","33","46","120","S09T02P04",NA,0.722
"5021","33","46","30","S09T02P04",0,0.731
"5022","33","34","15","S09T02P04",0.712,0.761
"5023","33","38","30","S09T02P04",0.656,0.71
"5024","33","38","5","S09T02P04",0.656,0.719
"5025","33","54","5","S09T02P04",0,0.736
"5026","33","46","5","S09T02P04",0.321,0.703
"5027","33","54","60","S09T02P04",0,0.731
"5028","33","34","30","S09T02P04",0.711,0.73
"5029","33","42","5","S09T02P04",0.781,0.718
"5030","33","42","30","S09T02P04",0.514,0.71
"5031","34","54","15","S13T09P16",0,NA
"5032","34","46","15","S13T09P16",0.093,0.732
"5033","34","54","30","S13T09P16",0,0.7
"5034","34","42","120","S13T09P16",0,0.79
"5035","34","50","5","S13T09P16",0,0.79
"5036","34","46","60","S13T09P16",0,0.778
"5037","34","50","15","S13T09P16",0,0.738
"5038","34","50","120","S13T09P16",0,0.741
"5039","34","50","60","S13T09P16",0,0.765
"5040","34","38","15","S13T09P16",0.702,0.734
"5041","34","34","120","S13T09P16",0.732,0.765
"5042","34","42","15","S13T09P16",0,0.762
"5043","34","46","120","S13T09P16",NA,0.766
"5044","34","38","60","S13T09P16",0.718,0.747
"5045","34","34","60","S13T09P16",0.729,0.756
"5046","34","42","60","S13T09P16",0.394,0.716
"5047","34","34","15","S13T09P16",0.729,0.771
"5048","34","38","120","S13T09P16",0.664,0.757
"5049","34","38","5","S13T09P16",0.739,0.761
"5050","34","38","30","S13T09P16",0.696,0.733
"5051","34","46","30","S13T09P16",0,0.726
"5052","34","54","5","S13T09P16",0,0.72
"5053","34","34","30","S13T09P16",0.685,0.716
"5054","34","50","30","S13T09P16",0,0.737
"5055","34","46","5","S13T09P16",0,0.749
"5056","34","42","30","S13T09P16",0,0.741
"5057","34","54","60","S13T09P16",0,0.721
"5058","34","42","5","S13T09P16",0.744,0.74
"5059","35","38","15","S14T01P03",0.686,0.751
"5060","35","42","120","S14T01P03",0.527,0.753
"5061","35","38","60","S14T01P03",0.742,0.764
"5062","35","34","120","S14T01P03",0.72,0.753
"5063","35","42","15","S14T01P03",0.555,0.749
"5064","35","34","15","S14T01P03",0.674,0.747
"5065","35","34","60","S14T01P03",0.677,0.708
"5066","35","54","30","S14T01P03",0,0.718
"5067","35","38","120","S14T01P03",0.693,0.764
"5068","35","50","60","S14T01P03",0,0.72
"5069","35","54","15","S14T01P03",0,NA
"5070","35","38","30","S14T01P03",0.71,0.753
"5071","35","50","15","S14T01P03",0,0.732
"5072","35","50","120","S14T01P03",0,0.752
"5073","35","50","5","S14T01P03",0.233,0.772
"5074","35","46","15","S14T01P03",0,0.729
"5075","35","46","30","S14T01P03",0,0.736
"5076","35","46","60","S14T01P03",0,0.735
"5077","35","46","120","S14T01P03",NA,0.759
"5078","35","50","30","S14T01P03",0,0.757
"5079","35","42","60","S14T01P03",0.388,0.714
"5080","35","42","30","S14T01P03",0.42,0.74
"5081","35","54","5","S14T01P03",0,0.739
"5082","35","34","30","S14T01P03",0.706,0.716
"5083","35","38","5","S14T01P03",0.743,0.756
"5084","35","46","5","S14T01P03",0.283,0.713
"5085","35","54","60","S14T01P03",0,0.732
"5086","35","42","5","S14T01P03",0.757,0.749
"5087","36","42","15","S10T08P07",0,0.752
"5088","36","42","120","S10T08P07",0,0.761
"5089","36","54","5","S10T08P07",0,0.71
"5090","36","38","30","S10T08P07",0.711,0.708
"5091","36","38","15","S10T08P07",0.727,0.759
"5092","36","54","15","S10T08P07",0,NA
"5093","36","38","120","S10T08P07",0.718,0.773
"5094","36","38","60","S10T08P07",0.656,0.766
"5095","36","50","30","S10T08P07",0,0.743
"5096","36","46","30","S10T08P07",0,0.754
"5097","36","34","15","S10T08P07",0.699,0.71
"5098","36","50","120","S10T08P07",0,0.765
"5099","36","46","15","S10T08P07",0,0.793
"5100","36","34","120","S10T08P07",0.643,0.73
"5101","36","50","5","S10T08P07",0,0.745
"5102","36","34","60","S10T08P07",0.739,0.763
"5103","36","54","30","S10T08P07",0,0.722
"5104","36","42","30","S10T08P07",0,0.752
"5105","36","50","60","S10T08P07",0,0.706
"5106","36","46","60","S10T08P07",0,0.721
"5107","36","46","5","S10T08P07",0,0.724
"5108","36","42","60","S10T08P07",0,0.758
"5109","36","50","15","S10T08P07",0,0.704
"5110","36","34","30","S10T08P07",0.744,0.746
"5111","36","54","60","S10T08P07",0,0.727
"5112","36","42","5","S10T08P07",0.765,0.742
"5113","36","46","120","S10T08P07",NA,0.762
"5114","36","38","5","S10T08P07",0.691,0.726
"5115","37","50","30","S10T08P06",0,0.774
"5116","37","50","120","S10T08P06",0,0.773
"5117","37","54","5","S10T08P06",0,0.74
"5118","37","46","15","S10T08P06",0,0.772
"5119","37","46","30","S10T08P06",0,0.757
"5120","37","54","15","S10T08P06",0,NA
"5121","37","46","60","S10T08P06",0,0.751
"5122","37","54","30","S10T08P06",0,0.762
"5123","37","50","15","S10T08P06",0,0.715
"5124","37","38","30","S10T08P06",0.76,0.774
"5125","37","50","5","S10T08P06",0,0.735
"5126","37","50","60","S10T08P06",0,0.743
"5127","37","38","15","S10T08P06",0.618,0.753
"5128","37","42","15","S10T08P06",0,0.773
"5129","37","42","30","S10T08P06",0,0.767
"5130","37","38","60","S10T08P06",0.692,0.765
"5131","37","42","120","S10T08P06",0,0.77
"5132","37","46","5","S10T08P06",0,0.74
"5133","37","34","30","S10T08P06",0.687,0.751
"5134","37","34","15","S10T08P06",0.721,0.758
"5135","37","34","120","S10T08P06",0.629,0.756
"5136","37","38","120","S10T08P06",0.693,0.769
"5137","37","34","60","S10T08P06",0.768,0.773
"5138","37","42","60","S10T08P06",0,0.737
"5139","37","54","60","S10T08P06",0,0.755
"5140","37","46","120","S10T08P06",NA,0.781
"5141","37","38","5","S10T08P06",0.718,0.76
"5142","37","42","5","S10T08P06",0.71,0.74
"5143","38","54","5","S10T18P03",0,0.765
"5144","38","46","30","S10T18P03",0,0.751
"5145","38","54","15","S10T18P03",0,NA
"5146","38","50","30","S10T18P03",0,0.775
"5147","38","46","15","S10T18P03",0,0.757
"5148","38","42","30","S10T18P03",0.515,0.724
"5149","38","50","120","S10T18P03",0,0.749
"5150","38","50","5","S10T18P03",0,0.746
"5151","38","42","120","S10T18P03",0,0.751
"5152","38","38","30","S10T18P03",0.757,0.745
"5153","38","54","30","S10T18P03",0,0.756
"5154","38","38","15","S10T18P03",0.721,0.763
"5155","38","50","60","S10T18P03",0,0.767
"5156","38","50","15","S10T18P03",0,0.737
"5157","38","46","5","S10T18P03",0,0.755
"5158","38","34","30","S10T18P03",0.747,0.746
"5159","38","46","60","S10T18P03",0,0.75
"5160","38","34","120","S10T18P03",0.712,0.746
"5161","38","38","60","S10T18P03",0.7,0.754
"5162","38","46","120","S10T18P03",NA,0.776
"5163","38","42","60","S10T18P03",0.492,0.76
"5164","38","54","60","S10T18P03",0,0.751
"5165","38","42","15","S10T18P03",0,0.735
"5166","38","38","5","S10T18P03",0.72,0.749
"5167","38","34","15","S10T18P03",0.753,0.76
"5168","38","34","60","S10T18P03",0.769,0.747
"5169","38","38","120","S10T18P03",0.749,0.783
"5170","38","42","5","S10T18P03",0.777,0.756
"5171","39","38","30","S05T02P09",0.734,0.693
"5172","39","38","15","S05T02P09",0.712,0.766
"5173","39","42","30","S05T02P09",0.557,0.728
"5174","39","38","60","S05T02P09",0.72,0.756
"5175","39","42","120","S05T02P09",0.47,0.718
"5176","39","34","30","S05T02P09",0.575,0.734
"5177","39","38","5","S05T02P09",0.746,0.726
"5178","39","34","15","S05T02P09",0.685,0.738
"5179","39","34","120","S05T02P09",0.609,0.715
"5180","39","38","120","S05T02P09",0.7,0.738
"5181","39","34","60","S05T02P09",0.746,0.714
"5182","39","42","15","S05T02P09",0.585,0.761
"5183","39","54","5","S05T02P09",0,0.736
"5184","39","42","5","S05T02P09",0.748,0.723
"5185","39","54","60","S05T02P09",0,0.751
"5186","39","54","15","S05T02P09",0,NA
"5187","39","54","30","S05T02P09",0,0.761
"5188","39","50","5","S05T02P09",0.21,0.727
"5189","39","50","60","S05T02P09",0,0.762
"5190","39","50","30","S05T02P09",0,0.757
"5191","39","50","15","S05T02P09",0,0.724
"5192","39","50","120","S05T02P09",0,0.743
"5193","39","46","60","S05T02P09",0,0.754
"5194","39","46","5","S05T02P09",0.402,0.704
"5195","39","46","30","S05T02P09",0,0.746
"5196","39","46","15","S05T02P09",0,0.763
"5197","39","46","120","S05T02P09",NA,0.782
"5198","39","42","60","S05T02P09",0,0.704
"5199","4","54","15","S13T09P16",0,NA
"5200","4","42","120","S13T09P16",0.368,0.757
"5201","4","50","120","S13T09P16",0,0.749
"5202","4","46","120","S13T09P16",NA,0.749
"5203","4","50","15","S13T09P16",0,0.731
"5204","4","42","60","S13T09P16",0.475,0.739
"5205","4","34","120","S13T09P16",0.322,0.752
"5206","4","42","5","S13T09P16",0.456,0.755
"5207","4","38","15","S13T09P16",0.535,0.743
"5208","4","46","15","S13T09P16",0,0.752
"5209","4","54","30","S13T09P16",0,0.726
"5210","4","42","30","S13T09P16",0,0.734
"5211","4","38","60","S13T09P16",0.604,0.783
"5212","4","38","120","S13T09P16",0.426,0.793
"5213","4","38","5","S13T09P16",0.286,0.746
"5214","4","38","30","S13T09P16",0.674,0.746
"5215","4","42","15","S13T09P16",0.31,0.741
"5216","4","34","60","S13T09P16",0.296,0.737
"5217","4","46","30","S13T09P16",0,0.74
"5218","4","34","30","S13T09P16",0.237,0.741
"5219","4","50","60","S13T09P16",0,0.722
"5220","4","34","15","S13T09P16",0.465,0.762
"5221","4","54","60","S13T09P16",0,0.729
"5222","4","54","5","S13T09P16",0,0.745
"5223","4","50","5","S13T09P16",0.094,0.774
"5224","4","46","60","S13T09P16",0,0.734
"5225","4","50","30","S13T09P16",0,0.754
"5226","4","46","5","S13T09P16",0,0.735
"5227","5","46","120","S13T09P16",NA,0.734
"5228","5","46","15","S13T09P16",0.089,0.77
"5229","5","42","120","S13T09P16",0.415,0.757
"5230","5","34","120","S13T09P16",0.704,0.751
"5231","5","42","15","S13T09P16",0.663,0.75
"5232","5","38","15","S13T09P16",0.705,0.736
"5233","5","54","30","S13T09P16",0,0.677
"5234","5","54","15","S13T09P16",0,NA
"5235","5","50","120","S13T09P16",0,0.722
"5236","5","34","15","S13T09P16",0.672,0.718
"5237","5","50","15","S13T09P16",0,0.736
"5238","5","42","60","S13T09P16",0.544,0.721
"5239","5","46","30","S13T09P16",0,0.721
"5240","5","38","30","S13T09P16",0.711,0.73
"5241","5","38","60","S13T09P16",0.672,0.759
"5242","5","42","5","S13T09P16",0.611,0.734
"5243","5","54","60","S13T09P16",0,0.743
"5244","5","42","30","S13T09P16",0.628,0.7
"5245","5","54","5","S13T09P16",0,0.697
"5246","5","38","120","S13T09P16",0.598,0.75
"5247","5","50","5","S13T09P16",0.23,0.751
"5248","5","38","5","S13T09P16",0.62,0.718
"5249","5","50","30","S13T09P16",0,0.729
"5250","5","46","60","S13T09P16",0,0.711
"5251","5","34","60","S13T09P16",0.639,0.751
"5252","5","34","30","S13T09P16",0.419,0.741
"5253","5","50","60","S13T09P16",0,0.695
"5254","5","46","5","S13T09P16",0.207,0.738
"5255","6","42","15","S06T03P21",0.599,0.724
"5256","6","46","15","S06T03P21",0,0.736
"5257","6","34","120","S06T03P21",0.719,0.742
"5258","6","34","15","S06T03P21",0.691,0.757
"5259","6","46","120","S06T03P21",NA,0.763
"5260","6","46","30","S06T03P21",0,0.697
"5261","6","54","5","S06T03P21",0,0.723
"5262","6","38","15","S06T03P21",0.699,0.743
"5263","6","54","15","S06T03P21",0,NA
"5264","6","50","120","S06T03P21",0,0.756
"5265","6","42","120","S06T03P21",0,0.739
"5266","6","54","30","S06T03P21",0,0.735
"5267","6","50","30","S06T03P21",0,0.752
"5268","6","38","30","S06T03P21",0.728,0.742
"5269","6","42","60","S06T03P21",0.647,0.698
"5270","6","54","60","S06T03P21",0,0.719
"5271","6","42","30","S06T03P21",0.395,0.717
"5272","6","50","15","S06T03P21",0,0.732
"5273","6","50","60","S06T03P21",0,0.715
"5274","6","46","60","S06T03P21",0,0.725
"5275","6","50","5","S06T03P21",0.302,0.763
"5276","6","34","30","S06T03P21",0.609,0.735
"5277","6","38","60","S06T03P21",0.685,0.742
"5278","6","42","5","S06T03P21",0.73,0.747
"5279","6","46","5","S06T03P21",0.284,0.736
"5280","6","38","120","S06T03P21",0.635,0.739
"5281","6","34","60","S06T03P21",0.685,0.726
"5282","6","38","5","S06T03P21",0.668,0.737
"5283","7","46","15","S10T18P03",0,0.765
"5284","7","54","30","S10T18P03",0,0.762
"5285","7","54","5","S10T18P03",0,0.732
"5286","7","34","15","S10T18P03",0.712,0.747
"5287","7","46","30","S10T18P03",0,0.746
"5288","7","54","15","S10T18P03",0,NA
"5289","7","46","120","S10T18P03",NA,0.769
"5290","7","42","120","S10T18P03",0,0.736
"5291","7","34","120","S10T18P03",0.747,0.767
"5292","7","50","15","S10T18P03",0,0.765
"5293","7","54","60","S10T18P03",0,0.755
"5294","7","50","30","S10T18P03",0,0.777
"5295","7","42","15","S10T18P03",0.556,0.746
"5296","7","42","30","S10T18P03",0.47,0.767
"5297","7","50","120","S10T18P03",0,0.755
"5298","7","42","60","S10T18P03",0.507,0.738
"5299","7","38","15","S10T18P03",0.727,0.776
"5300","7","46","60","S10T18P03",0,0.731
"5301","7","50","5","S10T18P03",0.163,0.754
"5302","7","34","30","S10T18P03",0.66,0.756
"5303","7","42","5","S10T18P03",0.749,0.764
"5304","7","38","30","S10T18P03",0.757,0.738
"5305","7","50","60","S10T18P03",0,0.729
"5306","7","46","5","S10T18P03",0.347,0.747
"5307","7","38","5","S10T18P03",0.751,0.751
"5308","7","34","60","S10T18P03",0.711,0.734
"5309","7","38","60","S10T18P03",0.659,0.776
"5310","7","38","120","S10T18P03",0.54,0.756
"5311","8","46","15","S05T02P09",0,0.768
"5312","8","46","30","S05T02P09",0,0.715
"5313","8","54","5","S05T02P09",0,0.726
"5314","8","34","120","S05T02P09",0.721,0.742
"5315","8","54","15","S05T02P09",0,NA
"5316","8","50","30","S05T02P09",0,0.739
"5317","8","46","120","S05T02P09",NA,0.773
"5318","8","54","30","S05T02P09",0,0.714
"5319","8","50","120","S05T02P09",0,0.736
"5320","8","34","15","S05T02P09",0.711,0.751
"5321","8","42","30","S05T02P09",0.404,0.731
"5322","8","50","15","S05T02P09",0,0.727
"5323","8","42","120","S05T02P09",0,0.741
"5324","8","38","15","S05T02P09",0.72,0.721
"5325","8","42","60","S05T02P09",0.591,0.711
"5326","8","38","30","S05T02P09",0.743,0.73
"5327","8","34","30","S05T02P09",0.647,0.696
"5328","8","42","15","S05T02P09",0.551,0.74
"5329","8","38","60","S05T02P09",0.626,0.743
"5330","8","42","5","S05T02P09",0.665,0.758
"5331","8","46","5","S05T02P09",0.312,0.736
"5332","8","54","60","S05T02P09",0,0.755
"5333","8","38","120","S05T02P09",0.577,0.731
"5334","8","50","5","S05T02P09",0.236,0.733
"5335","8","38","5","S05T02P09",0.724,0.721
"5336","8","34","60","S05T02P09",0.75,0.758
"5337","8","50","60","S05T02P09",0,0.731
"5338","8","46","60","S05T02P09",0,0.747
"5339","9","46","30","S10T08P06",0,0.776
"5340","9","34","120","S10T08P06",0.748,0.765
"5341","9","46","120","S10T08P06",NA,0.812
"5342","9","34","15","S10T08P06",0.758,0.792
"5343","9","34","30","S10T08P06",0.684,0.784
"5344","9","42","120","S10T08P06",0,0.783
"5345","9","42","30","S10T08P06",0,0.767
"5346","9","42","15","S10T08P06",0,0.767
"5347","9","38","15","S10T08P06",0.443,0.795
"5348","9","46","15","S10T08P06",0,0.789
"5349","9","38","5","S10T08P06",0.752,0.777
"5350","9","38","30","S10T08P06",0.781,0.765
"5351","9","54","5","S10T08P06",0,0.785
"5352","9","54","30","S10T08P06",0,0.757
"5353","9","54","15","S10T08P06",0,NA
"5354","9","50","30","S10T08P06",0,0.797
"5355","9","46","5","S10T08P06",0,0.764
"5356","9","50","120","S10T08P06",0,0.771
"5357","9","50","15","S10T08P06",0,0.757
"5358","9","50","5","S10T08P06",0,0.765
"5359","9","42","60","S10T08P06",0.516,0.74
"5360","9","42","5","S10T08P06",0.651,0.754
"5361","9","54","60","S10T08P06",0,0.79
"5362","9","34","60","S10T08P06",0.757,0.787
"5363","9","38","60","S10T08P06",0.602,0.751
"5364","9","38","120","S10T08P06",0.595,0.766
"5365","9","46","60","S10T08P06",0,0.76
"5366","9","50","60","S10T08P06",0,0.757
