"code","site","tree","collection_date","collector","species","location","long","lat","transplant_date","status","block","within_block_position","treatment","BIO1","BIO2","BIO3","BIO4","BIO5","BIO6","BIO7","BIO8","BIO9","BIO10","BIO11","BIO12","BIO13","BIO14","BIO15","BIO16","BIO17","BIO18","BIO19","elev_m"
"S01T01P03",1,1,"2/7/2024","ZAR + BRY","pauciflora","Alpine Way, Kosciuszko",148.2047204,-36.52938581,"5/2/2024","alive","4","E1","cold",8.38749980926514,9.24166679382324,41.0740737915039,479.327789306641,20.6000003814697,-1.89999997615814,22.5,7.63333320617676,14.1833333969116,14.216667175293,2.45000004768372,1384,155,73,20.428596496582,432,262,264,363,1271.62048339844
"S01T01P08",1,1,"2/7/2024","ZAR + BRY","pauciflora","Alpine Way, Kosciuszko",148.2047204,-36.52938581,"5/2/2024","alive","2","G3","cold",8.38749980926514,9.24166679382324,41.0740737915039,479.327789306641,20.6000003814697,-1.89999997615814,22.5,7.63333320617676,14.1833333969116,14.216667175293,2.45000004768372,1384,155,73,20.428596496582,432,262,264,363,1271.62048339844
"S01T01P12",1,1,"2/7/2024","ZAR + BRY","pauciflora","Alpine Way, Kosciuszko",148.2047204,-36.52938581,"5/2/2024","alive","3","C11","cold",8.38749980926514,9.24166679382324,41.0740737915039,479.327789306641,20.6000003814697,-1.89999997615814,22.5,7.63333320617676,14.1833333969116,14.216667175293,2.45000004768372,1384,155,73,20.428596496582,432,262,264,363,1271.62048339844
"S01T01P13",1,1,"2/7/2024","ZAR + BRY","pauciflora","Alpine Way, Kosciuszko",148.2047204,-36.52938581,"5/2/2024","alive","1","D4","cold",8.38749980926514,9.24166679382324,41.0740737915039,479.327789306641,20.6000003814697,-1.89999997615814,22.5,7.63333320617676,14.1833333969116,14.216667175293,2.45000004768372,1384,155,73,20.428596496582,432,262,264,363,1271.62048339844
"S01T01P16",1,1,"2/7/2024","ZAR + BRY","pauciflora","Alpine Way, Kosciuszko",148.2047204,-36.52938581,"5/2/2024","alive","5","F12","cold",8.38749980926514,9.24166679382324,41.0740737915039,479.327789306641,20.6000003814697,-1.89999997615814,22.5,7.63333320617676,14.1833333969116,14.216667175293,2.45000004768372,1384,155,73,20.428596496582,432,262,264,363,1271.62048339844
"S01T01P18",1,1,"2/7/2024","ZAR + BRY","pauciflora","Alpine Way, Kosciuszko",148.2047204,-36.52938581,"5/2/2024","alive","5","B11","cold",8.38749980926514,9.24166679382324,41.0740737915039,479.327789306641,20.6000003814697,-1.89999997615814,22.5,7.63333320617676,14.1833333969116,14.216667175293,2.45000004768372,1384,155,73,20.428596496582,432,262,264,363,1271.62048339844
"S01T02P03",1,2,"2/7/2024","ZAR + BRY","pauciflora","Alpine Way, Kosciuszko",148.2104012,-36.53110363,"5/7/2024","alive","3","G11","cold",8.02916622161865,9.22499942779541,40.6387672424316,482.415588378906,20.2999992370605,-2.40000009536743,22.6999988555908,7.28333330154419,13.8666667938232,13.8833332061768,2.04999995231628,1458,165,77,20.8108692169189,456,273,277,381,1356.22192382812
"S01T02P05",1,2,"2/7/2024","ZAR + BRY","pauciflora","Alpine Way, Kosciuszko",148.2104012,-36.53110363,"5/7/2024","alive","5","E1","cold",8.02916622161865,9.22499942779541,40.6387672424316,482.415588378906,20.2999992370605,-2.40000009536743,22.6999988555908,7.28333330154419,13.8666667938232,13.8833332061768,2.04999995231628,1458,165,77,20.8108692169189,456,273,277,381,1356.22192382812
"S01T02P08",1,2,"2/7/2024","ZAR + BRY","pauciflora","Alpine Way, Kosciuszko",148.2104012,-36.53110363,"5/7/2024","alive","2","A6","cold",8.02916622161865,9.22499942779541,40.6387672424316,482.415588378906,20.2999992370605,-2.40000009536743,22.6999988555908,7.28333330154419,13.8666667938232,13.8833332061768,2.04999995231628,1458,165,77,20.8108692169189,456,273,277,381,1356.22192382812
"S01T02P09",1,2,"2/7/2024","ZAR + BRY","pauciflora","Alpine Way, Kosciuszko",148.2104012,-36.53110363,"5/7/2024","alive","1","A9","cold",8.02916622161865,9.22499942779541,40.6387672424316,482.415588378906,20.2999992370605,-2.40000009536743,22.6999988555908,7.28333330154419,13.8666667938232,13.8833332061768,2.04999995231628,1458,165,77,20.8108692169189,456,273,277,381,1356.22192382812
"S01T02P13",1,2,"2/7/2024","ZAR + BRY","pauciflora","Alpine Way, Kosciuszko",148.2104012,-36.53110363,"5/7/2024","alive","4","G10","cold",8.02916622161865,9.22499942779541,40.6387672424316,482.415588378906,20.2999992370605,-2.40000009536743,22.6999988555908,7.28333330154419,13.8666667938232,13.8833332061768,2.04999995231628,1458,165,77,20.8108692169189,456,273,277,381,1356.22192382812
"S01T03P02",1,3,"2/7/2024","ZAR + BRY","pauciflora","Alpine Way, Kosciuszko",148.2949717,-36.5124668,"5/8/2024","alive","5","F1","cold",6.55833339691162,10.3333339691162,42.0054206848145,501.306640625,19.7000007629395,-4.90000009536743,24.6000003814697,3.04999995231628,12.6000003814697,12.6000003814697,0.333333373069763,1602,178,85,20.9753608703613,502,294,299,431,1461.98193359375
"S01T03P05",1,3,"2/7/2024","ZAR + BRY","pauciflora","Alpine Way, Kosciuszko",148.2949717,-36.5124668,"5/8/2024","alive","3","D9","cold",6.55833339691162,10.3333339691162,42.0054206848145,501.306640625,19.7000007629395,-4.90000009536743,24.6000003814697,3.04999995231628,12.6000003814697,12.6000003814697,0.333333373069763,1602,178,85,20.9753608703613,502,294,299,431,1461.98193359375
"S01T03P07",1,3,"2/7/2024","ZAR + BRY","pauciflora","Alpine Way, Kosciuszko",148.2949717,-36.5124668,"5/8/2024","alive","1","C4","cold",6.55833339691162,10.3333339691162,42.0054206848145,501.306640625,19.7000007629395,-4.90000009536743,24.6000003814697,3.04999995231628,12.6000003814697,12.6000003814697,0.333333373069763,1602,178,85,20.9753608703613,502,294,299,431,1461.98193359375
"S01T03P08",1,3,"2/7/2024","ZAR + BRY","pauciflora","Alpine Way, Kosciuszko",148.2949717,-36.5124668,"5/8/2024","alive","2","G4","cold",6.55833339691162,10.3333339691162,42.0054206848145,501.306640625,19.7000007629395,-4.90000009536743,24.6000003814697,3.04999995231628,12.6000003814697,12.6000003814697,0.333333373069763,1602,178,85,20.9753608703613,502,294,299,431,1461.98193359375
"S01T03P10",1,3,"2/7/2024","ZAR + BRY","pauciflora","Alpine Way, Kosciuszko",148.2949717,-36.5124668,"5/8/2024","alive","4","D10","cold",6.55833339691162,10.3333339691162,42.0054206848145,501.306640625,19.7000007629395,-4.90000009536743,24.6000003814697,3.04999995231628,12.6000003814697,12.6000003814697,0.333333373069763,1602,178,85,20.9753608703613,502,294,299,431,1461.98193359375
"S01T04P02",1,4,"2/7/2024","ZAR + BRY","pauciflora","Alpine Way, Kosciuszko",148.3267893,-36.49526487,"5/1/2024","alive","5","B3","cold",7.06666660308838,9.56666660308838,41.5942001342773,483.737030029297,19.7000007629395,-3.29999995231628,23,3.58333325386047,12.9333333969116,12.966667175293,1.11666667461395,1552,172,85,19.7041130065918,478,292,298,405,1397.05859375
"S01T04P03",1,4,"2/7/2024","ZAR + BRY","pauciflora","Alpine Way, Kosciuszko",148.3267893,-36.49526487,"5/1/2024","alive","4","C14","cold",7.06666660308838,9.56666660308838,41.5942001342773,483.737030029297,19.7000007629395,-3.29999995231628,23,3.58333325386047,12.9333333969116,12.966667175293,1.11666667461395,1552,172,85,19.7041130065918,478,292,298,405,1397.05859375
"S01T04P04",1,4,"2/7/2024","ZAR + BRY","pauciflora","Alpine Way, Kosciuszko",148.3267893,-36.49526487,"5/1/2024","alive","2","E2","cold",7.06666660308838,9.56666660308838,41.5942001342773,483.737030029297,19.7000007629395,-3.29999995231628,23,3.58333325386047,12.9333333969116,12.966667175293,1.11666667461395,1552,172,85,19.7041130065918,478,292,298,405,1397.05859375
"S01T07P01",1,7,"2/7/2024","ZAR + BRY","pauciflora","Alpine Way, Kosciuszko",148.3950978,-36.45384731,"5/14/2024","alive","3","G9","cold",8.25833320617676,10.1000003814697,43.534481048584,483.480926513672,21.2000007629395,-2,23.2000007629395,7.59999990463257,14.1333332061768,14.1333332061768,2.28333330154419,1235,135,72,17.5411148071289,385,250,250,305,1225.20336914062
"S01T07P04",1,7,"2/7/2024","ZAR + BRY","pauciflora","Alpine Way, Kosciuszko",148.3950978,-36.45384731,"5/14/2024","alive","3","B5","cold",8.25833320617676,10.1000003814697,43.534481048584,483.480926513672,21.2000007629395,-2,23.2000007629395,7.59999990463257,14.1333332061768,14.1333332061768,2.28333330154419,1235,135,72,17.5411148071289,385,250,250,305,1225.20336914062
"S01T07P05",1,7,"2/7/2024","ZAR + BRY","pauciflora","Alpine Way, Kosciuszko",148.3950978,-36.45384731,"5/14/2024","alive","1","E1","cold",8.25833320617676,10.1000003814697,43.534481048584,483.480926513672,21.2000007629395,-2,23.2000007629395,7.59999990463257,14.1333332061768,14.1333332061768,2.28333330154419,1235,135,72,17.5411148071289,385,250,250,305,1225.20336914062
"S01T10P02",1,10,"2/7/2024","ZAR + BRY","pauciflora","Alpine Way, Kosciuszko",148.4627102,-36.45529443,"5/1/2024","alive","2","E1","cold",8.65833377838135,10.3999996185303,44.2553176879883,478.163299560547,21.5,-2,23.5,8,14.4666662216187,14.466667175293,2.73333334922791,1149,126,70,16.2837295532227,356,242,246,274,1234.25964355469
"S01T10P04",1,10,"2/7/2024","ZAR + BRY","pauciflora","Alpine Way, Kosciuszko",148.4627102,-36.45529443,"5/1/2024","alive","3","E14","cold",8.65833377838135,10.3999996185303,44.2553176879883,478.163299560547,21.5,-2,23.5,8,14.4666662216187,14.466667175293,2.73333334922791,1149,126,70,16.2837295532227,356,242,246,274,1234.25964355469
"S01T10P06",1,10,"2/7/2024","ZAR + BRY","pauciflora","Alpine Way, Kosciuszko",148.4627102,-36.45529443,"5/1/2024","alive","4","C4","cold",8.65833377838135,10.3999996185303,44.2553176879883,478.163299560547,21.5,-2,23.5,8,14.4666662216187,14.466667175293,2.73333334922791,1149,126,70,16.2837295532227,356,242,246,274,1234.25964355469
"S01T10P07",1,10,"2/7/2024","ZAR + BRY","pauciflora","Alpine Way, Kosciuszko",148.4627102,-36.45529443,"5/1/2024","alive","1","E6","cold",8.65833377838135,10.3999996185303,44.2553176879883,478.163299560547,21.5,-2,23.5,8,14.4666662216187,14.466667175293,2.73333334922791,1149,126,70,16.2837295532227,356,242,246,274,1234.25964355469
"S01T10P09",1,10,"2/7/2024","ZAR + BRY","pauciflora","Alpine Way, Kosciuszko",148.4627102,-36.45529443,"5/1/2024","alive","4","A15","cold",8.65833377838135,10.3999996185303,44.2553176879883,478.163299560547,21.5,-2,23.5,8,14.4666662216187,14.466667175293,2.73333334922791,1149,126,70,16.2837295532227,356,242,246,274,1234.25964355469
"S02T02P02",2,2,"2/8/2024","ZAR + BRY","pauciflora","Kosciuszko Road/Guthega Road",148.5649539,-36.3497391,"5/8/2024","alive","3","D5","cold",9.05833339691162,10.5833339691162,43.9142456054688,490.782470703125,22.2000007629395,-1.89999997615814,24.1000003814697,8.36666679382324,15.0500001907349,15.0500001907349,2.9833333492279,1008,108,64,14.9487962722778,309,222,222,237,1201.35693359375
"S02T02P04",2,2,"2/8/2024","ZAR + BRY","pauciflora","Kosciuszko Road/Guthega Road",148.5649539,-36.3497391,"5/8/2024","alive","1","F1","cold",9.05833339691162,10.5833339691162,43.9142456054688,490.782470703125,22.2000007629395,-1.89999997615814,24.1000003814697,8.36666679382324,15.0500001907349,15.0500001907349,2.9833333492279,1008,108,64,14.9487962722778,309,222,222,237,1201.35693359375
"S02T02P05",2,2,"2/8/2024","ZAR + BRY","pauciflora","Kosciuszko Road/Guthega Road",148.5649539,-36.3497391,"5/8/2024","alive","5","G8","cold",9.05833339691162,10.5833339691162,43.9142456054688,490.782470703125,22.2000007629395,-1.89999997615814,24.1000003814697,8.36666679382324,15.0500001907349,15.0500001907349,2.9833333492279,1008,108,64,14.9487962722778,309,222,222,237,1201.35693359375
"S02T03P02",2,3,"2/8/2024","ZAR + BRY","pauciflora","Kosciuszko Road/Guthega Road",148.5533744,-36.35100274,"5/3/2024","alive","4","F12","cold",8.84583282470703,10.4416666030884,43.6889801025391,488.697052001953,21.8999996185303,-2,23.8999996185303,8.14999961853027,14.8000001907349,14.8000001907349,2.79999995231628,1065,115,67,15.1743774414062,327,231,231,253,1258.76489257812
"S02T03P03",2,3,"2/8/2024","ZAR + BRY","pauciflora","Kosciuszko Road/Guthega Road",148.5533744,-36.35100274,"5/3/2024","alive","2","A13","cold",8.84583282470703,10.4416666030884,43.6889801025391,488.697052001953,21.8999996185303,-2,23.8999996185303,8.14999961853027,14.8000001907349,14.8000001907349,2.79999995231628,1065,115,67,15.1743774414062,327,231,231,253,1258.76489257812
"S02T03P04",2,3,"2/8/2024","ZAR + BRY","pauciflora","Kosciuszko Road/Guthega Road",148.5533744,-36.35100274,"5/3/2024","alive","2","B10","cold",8.84583282470703,10.4416666030884,43.6889801025391,488.697052001953,21.8999996185303,-2,23.8999996185303,8.14999961853027,14.8000001907349,14.8000001907349,2.79999995231628,1065,115,67,15.1743774414062,327,231,231,253,1258.76489257812
"S02T04P03",2,4,"2/8/2024","ZAR + BRY","pauciflora","Kosciuszko Road/Guthega Road",148.537354,-36.34441486,"5/13/2024","alive","2","D15","cold",8.09583282470703,9.85833263397217,42.3104438781738,487.351165771484,20.8999996185303,-2.40000009536743,23.2999992370605,7.33333349227905,14.0166664123535,14.0166664123535,2.08333325386047,1264,138,76,15.7280340194702,384,261,264,313,1394.40539550781
"S02T04P04",2,4,"2/8/2024","ZAR + BRY","pauciflora","Kosciuszko Road/Guthega Road",148.537354,-36.34441486,"5/13/2024","alive","1","C15","cold",8.09583282470703,9.85833263397217,42.3104438781738,487.351165771484,20.8999996185303,-2.40000009536743,23.2999992370605,7.33333349227905,14.0166664123535,14.0166664123535,2.08333325386047,1264,138,76,15.7280340194702,384,261,264,313,1394.40539550781
"S02T05P01",2,5,"2/8/2024","ZAR + BRY","pauciflora","Kosciuszko Road/Guthega Road",148.5217716,-36.35052059,"5/13/2024","alive","2","A12","cold",7.44583320617676,9.52499961853027,41.5938873291016,485.458831787109,20.1000003814697,-2.79999995231628,22.8999996185303,3.96666669845581,13.3500003814697,13.3500003814697,1.45000004768372,1417,152,82,16.7928943634033,426,282,282,373,1471.1923828125
"S02T06P02",2,6,"2/8/2024","ZAR + BRY","pauciflora","Kosciuszko Road/Guthega Road",148.4888609,-36.34338786,"5/13/2024","alive","3","B8","cold",7.40416669845581,9.65833377838135,42.1761283874512,483.229949951172,20.1000003814697,-2.79999995231628,22.8999996185303,3.96666669845581,13.2666664123535,13.2666664123535,1.43333339691162,1439,155,81,17.8683395385742,438,281,281,387,1458.2763671875
"S02T07P02",2,7,"2/8/2024","ZAR + BRY","pauciflora","Kosciuszko Road/Guthega Road",148.4901129,-36.33513426,"5/7/2024","alive","5","E2","cold",7.51666688919067,9.63333320617676,42.0669555664062,485.631439208984,20.2000007629395,-2.70000004768372,22.9000015258789,6.73333311080933,13.4166669845581,13.4166669845581,1.51666665077209,1400,152,80,17.414400100708,423,277,277,367,1389.83325195312
"S02T08P01",2,8,"2/8/2024","ZAR + BRY","pauciflora","Kosciuszko Road/Guthega Road",148.4850121,-36.32601107,"5/2/2024","alive","5","B8","cold",7.91666650772095,9.76666641235352,42.4637680053711,485.561218261719,20.6000003814697,-2.40000009536743,23,7.16666650772095,13.8166666030884,13.8166666030884,1.91666662693024,1298,142,75,16.8447914123535,395,262,262,332,1297.93908691406
"S02T08P03",2,8,"2/8/2024","ZAR + BRY","pauciflora","Kosciuszko Road/Guthega Road",148.4850121,-36.32601107,"5/2/2024","alive","4","B6","cold",7.91666650772095,9.76666641235352,42.4637680053711,485.561218261719,20.6000003814697,-2.40000009536743,23,7.16666650772095,13.8166666030884,13.8166666030884,1.91666662693024,1298,142,75,16.8447914123535,395,262,262,332,1297.93908691406
"S02T08P04",2,8,"2/8/2024","ZAR + BRY","pauciflora","Kosciuszko Road/Guthega Road",148.4850121,-36.32601107,"5/2/2024","alive","1","F14","cold",7.91666650772095,9.76666641235352,42.4637680053711,485.561218261719,20.6000003814697,-2.40000009536743,23,7.16666650772095,13.8166666030884,13.8166666030884,1.91666662693024,1298,142,75,16.8447914123535,395,262,262,332,1297.93908691406
"S02T09P01",2,9,"2/8/2024","ZAR + BRY","pauciflora","Kosciuszko Road/Guthega Road",148.4881695,-36.31993038,"5/2/2024","alive","3","A15","cold",8.6458330154419,10.2083339691162,43.4397163391113,488.250396728516,21.6000003814697,-1.89999997615814,23.5,7.96666669845581,14.5500001907349,14.5833330154419,2.59999990463257,1095,118,66,15.6483402252197,334,231,232,273,1189.18823242188
"S02T09P02",2,9,"2/8/2024","ZAR + BRY","pauciflora","Kosciuszko Road/Guthega Road",148.4881695,-36.31993038,"5/2/2024","alive","2","E12","cold",8.6458330154419,10.2083339691162,43.4397163391113,488.250396728516,21.6000003814697,-1.89999997615814,23.5,7.96666669845581,14.5500001907349,14.5833330154419,2.59999990463257,1095,118,66,15.6483402252197,334,231,232,273,1189.18823242188
"S02T09P16",2,9,"2/8/2024","ZAR + BRY","pauciflora","Kosciuszko Road/Guthega Road",148.4881695,-36.31993038,"5/2/2024","alive","4","E10","cold",8.6458330154419,10.2083339691162,43.4397163391113,488.250396728516,21.6000003814697,-1.89999997615814,23.5,7.96666669845581,14.5500001907349,14.5833330154419,2.59999990463257,1095,118,66,15.6483402252197,334,231,232,273,1189.18823242188
"S02T09P21",2,9,"2/8/2024","ZAR + BRY","pauciflora","Kosciuszko Road/Guthega Road",148.4881695,-36.31993038,"5/2/2024","alive","5","E12","cold",8.6458330154419,10.2083339691162,43.4397163391113,488.250396728516,21.6000003814697,-1.89999997615814,23.5,7.96666669845581,14.5500001907349,14.5833330154419,2.59999990463257,1095,118,66,15.6483402252197,334,231,232,273,1189.18823242188
"S02T09P27",2,9,"2/8/2024","ZAR + BRY","pauciflora","Kosciuszko Road/Guthega Road",148.4881695,-36.31993038,"5/2/2024","alive","4","F14","cold",8.6458330154419,10.2083339691162,43.4397163391113,488.250396728516,21.6000003814697,-1.89999997615814,23.5,7.96666669845581,14.5500001907349,14.5833330154419,2.59999990463257,1095,118,66,15.6483402252197,334,231,232,273,1189.18823242188
"S02T09P29",2,9,"2/8/2024","ZAR + BRY","pauciflora","Kosciuszko Road/Guthega Road",148.4881695,-36.31993038,"5/2/2024","alive","1","E14","cold",8.6458330154419,10.2083339691162,43.4397163391113,488.250396728516,21.6000003814697,-1.89999997615814,23.5,7.96666669845581,14.5500001907349,14.5833330154419,2.59999990463257,1095,118,66,15.6483402252197,334,231,232,273,1189.18823242188
"S02T09P32",2,9,"2/8/2024","ZAR + BRY","pauciflora","Kosciuszko Road/Guthega Road",148.4881695,-36.31993038,"5/2/2024","alive","2","G12","cold",8.6458330154419,10.2083339691162,43.4397163391113,488.250396728516,21.6000003814697,-1.89999997615814,23.5,7.96666669845581,14.5500001907349,14.5833330154419,2.59999990463257,1095,118,66,15.6483402252197,334,231,232,273,1189.18823242188
"S02T09P33",2,9,"2/8/2024","ZAR + BRY","pauciflora","Kosciuszko Road/Guthega Road",148.4881695,-36.31993038,"5/2/2024","alive","1","B11","cold",8.6458330154419,10.2083339691162,43.4397163391113,488.250396728516,21.6000003814697,-1.89999997615814,23.5,7.96666669845581,14.5500001907349,14.5833330154419,2.59999990463257,1095,118,66,15.6483402252197,334,231,232,273,1189.18823242188
"S02T10P02",2,10,"2/8/2024","ZAR + BRY","pauciflora","Kosciuszko Road/Guthega Road",148.4948353,-36.31342632,"5/8/2024","alive","3","C8","cold",8.84166622161865,10.3000001907349,43.6440696716309,487.651275634766,21.7999992370605,-1.79999995231628,23.5999984741211,8.19999980926514,12.7166662216187,14.7666664123535,2.79999995231628,1049,111,63,15.398175239563,318,220,224,265,1167.20776367188
"S02T10P04",2,10,"2/8/2024","ZAR + BRY","pauciflora","Kosciuszko Road/Guthega Road",148.4948353,-36.31342632,"5/8/2024","alive","4","G13","cold",8.84166622161865,10.3000001907349,43.6440696716309,487.651275634766,21.7999992370605,-1.79999995231628,23.5999984741211,8.19999980926514,12.7166662216187,14.7666664123535,2.79999995231628,1049,111,63,15.398175239563,318,220,224,265,1167.20776367188
"S02T10P06",2,10,"2/8/2024","ZAR + BRY","pauciflora","Kosciuszko Road/Guthega Road",148.4948353,-36.31342632,"5/8/2024","alive","5","G1","cold",8.84166622161865,10.3000001907349,43.6440696716309,487.651275634766,21.7999992370605,-1.79999995231628,23.5999984741211,8.19999980926514,12.7166662216187,14.7666664123535,2.79999995231628,1049,111,63,15.398175239563,318,220,224,265,1167.20776367188
"S05T01P02",5,1,"2/9/2024","ZAR + BRY","lacrimans","Long Plain",148.5524946,-35.6802018,"5/7/2024","alive","3","G4","cold",8.23750019073486,11.5749998092651,45.3921585083008,514.852661132812,22.2999992370605,-3.20000004768372,25.5,2.61666679382324,12.3333330154419,14.4833335876465,1.81666672229767,1211,140,63,23.1832885742188,386,216,238,379,1345.40161132812
"S05T01P03",5,1,"2/9/2024","ZAR + BRY","lacrimans","Long Plain",148.5524946,-35.6802018,"5/7/2024","alive","1","B7","cold",8.23750019073486,11.5749998092651,45.3921585083008,514.852661132812,22.2999992370605,-3.20000004768372,25.5,2.61666679382324,12.3333330154419,14.4833335876465,1.81666672229767,1211,140,63,23.1832885742188,386,216,238,379,1345.40161132812
"S05T01P07",5,1,"2/9/2024","ZAR + BRY","lacrimans","Long Plain",148.5524946,-35.6802018,"5/7/2024","alive","5","G2","cold",8.23750019073486,11.5749998092651,45.3921585083008,514.852661132812,22.2999992370605,-3.20000004768372,25.5,2.61666679382324,12.3333330154419,14.4833335876465,1.81666672229767,1211,140,63,23.1832885742188,386,216,238,379,1345.40161132812
"S05T01P08",5,1,"2/9/2024","ZAR + BRY","lacrimans","Long Plain",148.5524946,-35.6802018,"5/7/2024","alive","2","A8","cold",8.23750019073486,11.5749998092651,45.3921585083008,514.852661132812,22.2999992370605,-3.20000004768372,25.5,2.61666679382324,12.3333330154419,14.4833335876465,1.81666672229767,1211,140,63,23.1832885742188,386,216,238,379,1345.40161132812
"S05T01P09",5,1,"2/9/2024","ZAR + BRY","lacrimans","Long Plain",148.5524946,-35.6802018,"5/7/2024","alive","4","F1","cold",8.23750019073486,11.5749998092651,45.3921585083008,514.852661132812,22.2999992370605,-3.20000004768372,25.5,2.61666679382324,12.3333330154419,14.4833335876465,1.81666672229767,1211,140,63,23.1832885742188,386,216,238,379,1345.40161132812
"S05T02P01",5,2,"2/9/2024","ZAR + BRY","lacrimans","Long Plain",148.5584052,-35.67097258,"5/2/2024","alive","3","D12","cold",8.21666622161865,11.5833330154419,45.4248390197754,514.345703125,22.2999992370605,-3.20000004768372,25.5,2.59999990463257,12.283332824707,14.4833335876465,1.81666672229767,1198,140,63,22.9051036834717,380,216,235,373,1345.18884277344
"S05T02P06",5,2,"2/9/2024","ZAR + BRY","lacrimans","Long Plain",148.5584052,-35.67097258,"5/2/2024","alive","4","A7","cold",8.21666622161865,11.5833330154419,45.4248390197754,514.345703125,22.2999992370605,-3.20000004768372,25.5,2.59999990463257,12.283332824707,14.4833335876465,1.81666672229767,1198,140,63,22.9051036834717,380,216,235,373,1345.18884277344
"S05T02P17",5,2,"2/9/2024","ZAR + BRY","lacrimans","Long Plain",148.5584052,-35.67097258,"5/2/2024","alive","1","E3","cold",8.21666622161865,11.5833330154419,45.4248390197754,514.345703125,22.2999992370605,-3.20000004768372,25.5,2.59999990463257,12.283332824707,14.4833335876465,1.81666672229767,1198,140,63,22.9051036834717,380,216,235,373,1345.18884277344
"S05T02P20",5,2,"2/9/2024","ZAR + BRY","lacrimans","Long Plain",148.5584052,-35.67097258,"5/2/2024","alive","2","C10","cold",8.21666622161865,11.5833330154419,45.4248390197754,514.345703125,22.2999992370605,-3.20000004768372,25.5,2.59999990463257,12.283332824707,14.4833335876465,1.81666672229767,1198,140,63,22.9051036834717,380,216,235,373,1345.18884277344
"S05T02P25",5,2,"2/9/2024","ZAR + BRY","lacrimans","Long Plain",148.5584052,-35.67097258,"5/2/2024","alive","5","E7","cold",8.21666622161865,11.5833330154419,45.4248390197754,514.345703125,22.2999992370605,-3.20000004768372,25.5,2.59999990463257,12.283332824707,14.4833335876465,1.81666672229767,1198,140,63,22.9051036834717,380,216,235,373,1345.18884277344
"S05T03P03",5,3,"2/9/2024","ZAR + BRY","lacrimans","Long Plain",148.5627147,-35.66286329,"5/1/2024","alive","3","B16","cold",8.06666660308838,11.3833332061768,44.9934120178223,514.862426757812,22,-3.29999995231628,25.2999992370605,2.43333339691162,14.283332824707,14.3333330154419,1.66666662693024,1203,139,64,22.4791240692139,379,219,236,372,1374.47106933594
"S05T03P07",5,3,"2/9/2024","ZAR + BRY","lacrimans","Long Plain",148.5627147,-35.66286329,"5/1/2024","alive","5","E10","cold",8.06666660308838,11.3833332061768,44.9934120178223,514.862426757812,22,-3.29999995231628,25.2999992370605,2.43333339691162,14.283332824707,14.3333330154419,1.66666662693024,1203,139,64,22.4791240692139,379,219,236,372,1374.47106933594
"S05T03P14",5,3,"2/9/2024","ZAR + BRY","lacrimans","Long Plain",148.5627147,-35.66286329,"5/1/2024","alive","4","A3","cold",8.06666660308838,11.3833332061768,44.9934120178223,514.862426757812,22,-3.29999995231628,25.2999992370605,2.43333339691162,14.283332824707,14.3333330154419,1.66666662693024,1203,139,64,22.4791240692139,379,219,236,372,1374.47106933594
"S05T03P15",5,3,"2/9/2024","ZAR + BRY","lacrimans","Long Plain",148.5627147,-35.66286329,"5/1/2024","alive","2","D8","cold",8.06666660308838,11.3833332061768,44.9934120178223,514.862426757812,22,-3.29999995231628,25.2999992370605,2.43333339691162,14.283332824707,14.3333330154419,1.66666662693024,1203,139,64,22.4791240692139,379,219,236,372,1374.47106933594
"S05T03P20",5,3,"2/9/2024","ZAR + BRY","lacrimans","Long Plain",148.5627147,-35.66286329,"5/14/2024","alive","1","E16","cold",8.06666660308838,11.3833332061768,44.9934120178223,514.862426757812,22,-3.29999995231628,25.2999992370605,2.43333339691162,14.283332824707,14.3333330154419,1.66666662693024,1203,139,64,22.4791240692139,379,219,236,372,1374.47106933594
"S05T04P03",5,4,"2/9/2024","ZAR + BRY","lacrimans","Long Plain",148.5658463,-35.6554796,"5/2/2024","alive","2","A4","cold",7.97916650772095,11.2083330154419,44.6547164916992,514.42578125,21.7999992370605,-3.29999995231628,25.0999984741211,2.36666655540466,14.1833333969116,14.25,1.58333337306976,1201,138,65,22.4105682373047,379,219,237,371,1375.84680175781
"S05T04P15",5,4,"2/9/2024","ZAR + BRY","lacrimans","Long Plain",148.5658463,-35.6554796,"5/2/2024","alive","5","C2","cold",7.97916650772095,11.2083330154419,44.6547164916992,514.42578125,21.7999992370605,-3.29999995231628,25.0999984741211,2.36666655540466,14.1833333969116,14.25,1.58333337306976,1201,138,65,22.4105682373047,379,219,237,371,1375.84680175781
"S05T04P19",5,4,"2/9/2024","ZAR + BRY","lacrimans","Long Plain",148.5658463,-35.6554796,"5/2/2024","alive","1","E13","cold",7.97916650772095,11.2083330154419,44.6547164916992,514.42578125,21.7999992370605,-3.29999995231628,25.0999984741211,2.36666655540466,14.1833333969116,14.25,1.58333337306976,1201,138,65,22.4105682373047,379,219,237,371,1375.84680175781
"S05T04P20",5,4,"2/9/2024","ZAR + BRY","lacrimans","Long Plain",148.5658463,-35.6554796,"5/2/2024","alive","3","F1","cold",7.97916650772095,11.2083330154419,44.6547164916992,514.42578125,21.7999992370605,-3.29999995231628,25.0999984741211,2.36666655540466,14.1833333969116,14.25,1.58333337306976,1201,138,65,22.4105682373047,379,219,237,371,1375.84680175781
"S05T04P21",5,4,"2/9/2024","ZAR + BRY","lacrimans","Long Plain",148.5658463,-35.6554796,"5/2/2024","alive","4","A9","cold",7.97916650772095,11.2083330154419,44.6547164916992,514.42578125,21.7999992370605,-3.29999995231628,25.0999984741211,2.36666655540466,14.1833333969116,14.25,1.58333337306976,1201,138,65,22.4105682373047,379,219,237,371,1375.84680175781
"S05T05P02",5,5,"2/9/2024","ZAR + BRY","lacrimans","Long Plain",148.5753374,-35.63213532,"5/1/2024","alive","2","G11","cold",8.13333320617676,11.0166664123535,44.2436408996582,513.92578125,21.7999992370605,-3.09999990463257,24.8999996185303,2.5,12.2166662216187,14.3833332061768,1.73333323001862,1171,137,63,22.3808460235596,370,214,231,364,1366.77880859375
"S05T05P04",5,5,"2/9/2024","ZAR + BRY","lacrimans","Long Plain",148.5753374,-35.63213532,"5/1/2024","alive","1","C13","cold",8.13333320617676,11.0166664123535,44.2436408996582,513.92578125,21.7999992370605,-3.09999990463257,24.8999996185303,2.5,12.2166662216187,14.3833332061768,1.73333323001862,1171,137,63,22.3808460235596,370,214,231,364,1366.77880859375
"S05T05P08",5,5,"2/9/2024","ZAR + BRY","lacrimans","Long Plain",148.5753374,-35.63213532,"5/1/2024","alive","5","A8","cold",8.13333320617676,11.0166664123535,44.2436408996582,513.92578125,21.7999992370605,-3.09999990463257,24.8999996185303,2.5,12.2166662216187,14.3833332061768,1.73333323001862,1171,137,63,22.3808460235596,370,214,231,364,1366.77880859375
"S05T05P11",5,5,"2/9/2024","ZAR + BRY","lacrimans","Long Plain",148.5753374,-35.63213532,"5/1/2024","alive","4","F5","cold",8.13333320617676,11.0166664123535,44.2436408996582,513.92578125,21.7999992370605,-3.09999990463257,24.8999996185303,2.5,12.2166662216187,14.3833332061768,1.73333323001862,1171,137,63,22.3808460235596,370,214,231,364,1366.77880859375
"S05T05P12",5,5,"2/9/2024","ZAR + BRY","lacrimans","Long Plain",148.5753374,-35.63213532,"5/1/2024","alive","2","C16","cold",8.13333320617676,11.0166664123535,44.2436408996582,513.92578125,21.7999992370605,-3.09999990463257,24.8999996185303,2.5,12.2166662216187,14.3833332061768,1.73333323001862,1171,137,63,22.3808460235596,370,214,231,364,1366.77880859375
"S05T05P13",5,5,"2/9/2024","ZAR + BRY","lacrimans","Long Plain",148.5753374,-35.63213532,"5/1/2024","alive","3","C15","cold",8.13333320617676,11.0166664123535,44.2436408996582,513.92578125,21.7999992370605,-3.09999990463257,24.8999996185303,2.5,12.2166662216187,14.3833332061768,1.73333323001862,1171,137,63,22.3808460235596,370,214,231,364,1366.77880859375
"S05T05P14",5,5,"2/9/2024","ZAR + BRY","lacrimans","Long Plain",148.5753374,-35.63213532,"5/1/2024","alive","1","C2","cold",8.13333320617676,11.0166664123535,44.2436408996582,513.92578125,21.7999992370605,-3.09999990463257,24.8999996185303,2.5,12.2166662216187,14.3833332061768,1.73333323001862,1171,137,63,22.3808460235596,370,214,231,364,1366.77880859375
"S05T05P15",5,5,"2/9/2024","ZAR + BRY","lacrimans","Long Plain",148.5753374,-35.63213532,"5/1/2024","alive","4","B3","cold",8.13333320617676,11.0166664123535,44.2436408996582,513.92578125,21.7999992370605,-3.09999990463257,24.8999996185303,2.5,12.2166662216187,14.3833332061768,1.73333323001862,1171,137,63,22.3808460235596,370,214,231,364,1366.77880859375
"S05T05P18",5,5,"2/9/2024","ZAR + BRY","lacrimans","Long Plain",148.5753374,-35.63213532,"5/1/2024","alive","3","A9","cold",8.13333320617676,11.0166664123535,44.2436408996582,513.92578125,21.7999992370605,-3.09999990463257,24.8999996185303,2.5,12.2166662216187,14.3833332061768,1.73333323001862,1171,137,63,22.3808460235596,370,214,231,364,1366.77880859375
"S05T06P01",5,6,"2/9/2024","ZAR + BRY","lacrimans","Long Plain",148.5938028,-35.61784443,"5/2/2024","alive","4","C10","cold",7.99583339691162,10.8583335876465,44.1395645141602,510.532073974609,21.6000003814697,-3,24.6000003814697,2.41666674613953,14.1333332061768,14.1999998092651,1.63333332538605,1148,132,64,21.1055374145508,357,214,230,349,1389.87512207031
"S05T06P03",5,6,"2/9/2024","ZAR + BRY","lacrimans","Long Plain",148.5938028,-35.61784443,"5/2/2024","alive","3","F8","cold",7.99583339691162,10.8583335876465,44.1395645141602,510.532073974609,21.6000003814697,-3,24.6000003814697,2.41666674613953,14.1333332061768,14.1999998092651,1.63333332538605,1148,132,64,21.1055374145508,357,214,230,349,1389.87512207031
"S05T06P04",5,6,"2/9/2024","ZAR + BRY","lacrimans","Long Plain",148.5938028,-35.61784443,"5/2/2024","alive","2","B13","cold",7.99583339691162,10.8583335876465,44.1395645141602,510.532073974609,21.6000003814697,-3,24.6000003814697,2.41666674613953,14.1333332061768,14.1999998092651,1.63333332538605,1148,132,64,21.1055374145508,357,214,230,349,1389.87512207031
"S05T06P08",5,6,"2/9/2024","ZAR + BRY","lacrimans","Long Plain",148.5938028,-35.61784443,"5/2/2024","alive","1","A7","cold",7.99583339691162,10.8583335876465,44.1395645141602,510.532073974609,21.6000003814697,-3,24.6000003814697,2.41666674613953,14.1333332061768,14.1999998092651,1.63333332538605,1148,132,64,21.1055374145508,357,214,230,349,1389.87512207031
"S05T06P09",5,6,"2/9/2024","ZAR + BRY","lacrimans","Long Plain",148.5938028,-35.61784443,"5/2/2024","alive","5","D7","cold",7.99583339691162,10.8583335876465,44.1395645141602,510.532073974609,21.6000003814697,-3,24.6000003814697,2.41666674613953,14.1333332061768,14.1999998092651,1.63333332538605,1148,132,64,21.1055374145508,357,214,230,349,1389.87512207031
"S05T07P02",5,7,"0/05/2023","BRY","lacrimans","Long Plain",148.5911515,-35.62483876,"5/7/2024","alive","4","D8","cold",8.125,10.9666662216187,44.2204322814941,512.411865234375,21.7999992370605,-3,24.7999992370605,2.51666665077209,14.2833337783813,14.3666667938232,1.75,1159,135,63,22.076099395752,364,213,230,358,1356.31176757812
"S05T07P12",5,7,"0/05/2023","BRY","lacrimans","Long Plain",148.5911515,-35.62483876,"5/7/2024","alive","3","E12","cold",8.125,10.9666662216187,44.2204322814941,512.411865234375,21.7999992370605,-3,24.7999992370605,2.51666665077209,14.2833337783813,14.3666667938232,1.75,1159,135,63,22.076099395752,364,213,230,358,1356.31176757812
"S05T07P16",5,7,"0/05/2023","BRY","lacrimans","Long Plain",148.5911515,-35.62483876,"5/7/2024","alive","1","E15","cold",8.125,10.9666662216187,44.2204322814941,512.411865234375,21.7999992370605,-3,24.7999992370605,2.51666665077209,14.2833337783813,14.3666667938232,1.75,1159,135,63,22.076099395752,364,213,230,358,1356.31176757812
"S05T07P17",5,7,"0/05/2023","BRY","lacrimans","Long Plain",148.5911515,-35.62483876,"5/7/2024","alive","2","G1","cold",8.125,10.9666662216187,44.2204322814941,512.411865234375,21.7999992370605,-3,24.7999992370605,2.51666665077209,14.2833337783813,14.3666667938232,1.75,1159,135,63,22.076099395752,364,213,230,358,1356.31176757812
"S05T07P19",5,7,"0/05/2023","BRY","lacrimans","Long Plain",148.5911515,-35.62483876,"5/7/2024","alive","5","D13","cold",8.125,10.9666662216187,44.2204322814941,512.411865234375,21.7999992370605,-3,24.7999992370605,2.51666665077209,14.2833337783813,14.3666667938232,1.75,1159,135,63,22.076099395752,364,213,230,358,1356.31176757812
"S05T11P01",5,11,"0/05/2023","BRY","lacrimans","Long Plain",148.5865126,-35.62357238,"5/7/2024","alive","5","G12","cold",8.125,10.9666662216187,44.2204322814941,512.411865234375,21.7999992370605,-3,24.7999992370605,2.51666665077209,14.2833337783813,14.3666667938232,1.75,1159,135,63,22.076099395752,364,213,230,358,1356.64794921875
"S05T15P04",5,15,"0/05/2023","BRY","lacrimans","Long Plain",148.5444786,-35.72491793,"5/7/2024","alive","5","B13","cold",8.2708330154419,11.1416664123535,44.3891105651855,515.608459472656,22.2000007629395,-2.90000009536743,25.1000003814697,2.65000009536743,12.3666667938232,14.5500001907349,1.86666667461395,1226,144,63,23.8106899261475,393,216,240,385,1356.4150390625
"S05T15P13",5,15,"0/05/2023","BRY","lacrimans","Long Plain",148.5444786,-35.72491793,"5/7/2024","alive","4","F4","cold",8.2708330154419,11.1416664123535,44.3891105651855,515.608459472656,22.2000007629395,-2.90000009536743,25.1000003814697,2.65000009536743,12.3666667938232,14.5500001907349,1.86666667461395,1226,144,63,23.8106899261475,393,216,240,385,1356.4150390625
"S05T15P17",5,15,"0/05/2023","BRY","lacrimans","Long Plain",148.5444786,-35.72491793,"5/7/2024","alive","1","A6","cold",8.2708330154419,11.1416664123535,44.3891105651855,515.608459472656,22.2000007629395,-2.90000009536743,25.1000003814697,2.65000009536743,12.3666667938232,14.5500001907349,1.86666667461395,1226,144,63,23.8106899261475,393,216,240,385,1356.4150390625
"S05T15P24",5,15,"0/05/2023","BRY","lacrimans","Long Plain",148.5444786,-35.72491793,"5/7/2024","alive","2","E8","cold",8.2708330154419,11.1416664123535,44.3891105651855,515.608459472656,22.2000007629395,-2.90000009536743,25.1000003814697,2.65000009536743,12.3666667938232,14.5500001907349,1.86666667461395,1226,144,63,23.8106899261475,393,216,240,385,1356.4150390625
"S05T15P25",5,15,"0/05/2023","BRY","lacrimans","Long Plain",148.5444786,-35.72491793,"5/7/2024","alive","3","F4","cold",8.2708330154419,11.1416664123535,44.3891105651855,515.608459472656,22.2000007629395,-2.90000009536743,25.1000003814697,2.65000009536743,12.3666667938232,14.5500001907349,1.86666667461395,1226,144,63,23.8106899261475,393,216,240,385,1356.4150390625
"S06T01P03",6,1,"2/9/2024","ZAR + BRY","pauciflora","Long Plain",148.6428842,-35.60067096,"5/7/2024","alive","1","A5","cold",8.42500019073486,11.6333332061768,45.4427070617676,515.917114257812,22.3999996185303,-3.20000004768372,25.6000003814697,2.81666660308838,12.5,14.6999998092651,2,1077,120,62,18.9415454864502,326,207,221,320,1378.4775390625
"S06T01P04",6,1,"2/9/2024","ZAR + BRY","pauciflora","Long Plain",148.6428842,-35.60067096,"5/7/2024","alive","3","F7","cold",8.42500019073486,11.6333332061768,45.4427070617676,515.917114257812,22.3999996185303,-3.20000004768372,25.6000003814697,2.81666660308838,12.5,14.6999998092651,2,1077,120,62,18.9415454864502,326,207,221,320,1378.4775390625
"S06T01P05",6,1,"2/9/2024","ZAR + BRY","pauciflora","Long Plain",148.6428842,-35.60067096,"5/7/2024","alive","4","D11","cold",8.42500019073486,11.6333332061768,45.4427070617676,515.917114257812,22.3999996185303,-3.20000004768372,25.6000003814697,2.81666660308838,12.5,14.6999998092651,2,1077,120,62,18.9415454864502,326,207,221,320,1378.4775390625
"S06T01P06",6,1,"2/9/2024","ZAR + BRY","pauciflora","Long Plain",148.6428842,-35.60067096,"5/7/2024","alive","5","C1","cold",8.42500019073486,11.6333332061768,45.4427070617676,515.917114257812,22.3999996185303,-3.20000004768372,25.6000003814697,2.81666660308838,12.5,14.6999998092651,2,1077,120,62,18.9415454864502,326,207,221,320,1378.4775390625
"S06T01P09",6,1,"2/9/2024","ZAR + BRY","pauciflora","Long Plain",148.6428842,-35.60067096,"5/7/2024","alive","5","A6","cold",8.42500019073486,11.6333332061768,45.4427070617676,515.917114257812,22.3999996185303,-3.20000004768372,25.6000003814697,2.81666660308838,12.5,14.6999998092651,2,1077,120,62,18.9415454864502,326,207,221,320,1378.4775390625
"S06T02P03",6,2,"2/9/2024","ZAR + BRY","pauciflora","Long Plain",148.6445585,-35.60294304,"5/7/2024","alive","4","E16","cold",8.42500019073486,11.6333332061768,45.4427070617676,515.917114257812,22.3999996185303,-3.20000004768372,25.6000003814697,2.81666660308838,12.5,14.6999998092651,2,1077,120,62,18.9415454864502,326,207,221,320,1313.17736816406
"S06T02P10",6,2,"2/9/2024","ZAR + BRY","pauciflora","Long Plain",148.6445585,-35.60294304,"5/7/2024","alive","2","G14","cold",8.42500019073486,11.6333332061768,45.4427070617676,515.917114257812,22.3999996185303,-3.20000004768372,25.6000003814697,2.81666660308838,12.5,14.6999998092651,2,1077,120,62,18.9415454864502,326,207,221,320,1313.17736816406
"S06T02P26",6,2,"2/9/2024","ZAR + BRY","pauciflora","Long Plain",148.6445585,-35.60294304,"5/7/2024","alive","1","F10","cold",8.42500019073486,11.6333332061768,45.4427070617676,515.917114257812,22.3999996185303,-3.20000004768372,25.6000003814697,2.81666660308838,12.5,14.6999998092651,2,1077,120,62,18.9415454864502,326,207,221,320,1313.17736816406
"S06T02P28",6,2,"2/9/2024","ZAR + BRY","pauciflora","Long Plain",148.6445585,-35.60294304,"5/7/2024","alive","3","D8","cold",8.42500019073486,11.6333332061768,45.4427070617676,515.917114257812,22.3999996185303,-3.20000004768372,25.6000003814697,2.81666660308838,12.5,14.6999998092651,2,1077,120,62,18.9415454864502,326,207,221,320,1313.17736816406
"S06T02P29",6,2,"2/9/2024","ZAR + BRY","pauciflora","Long Plain",148.6445585,-35.60294304,"5/7/2024","alive","2","B4","cold",8.42500019073486,11.6333332061768,45.4427070617676,515.917114257812,22.3999996185303,-3.20000004768372,25.6000003814697,2.81666660308838,12.5,14.6999998092651,2,1077,120,62,18.9415454864502,326,207,221,320,1313.17736816406
"S06T02P32",6,2,"2/9/2024","ZAR + BRY","pauciflora","Long Plain",148.807368,-35.35601803,"5/7/2024","alive","5","G3","cold",9.70416641235352,10.7416667938232,43.6653099060059,507.598876953125,23,-1.60000002384186,24.6000003814697,6.25,15.8999996185303,15.8999996185303,3.43333315849304,1031,111,63,16.2816963195801,300,208,208,294,1194.67761230469
"S06T03P02",6,3,"2/9/2024","ZAR + BRY","pauciflora","Long Plain",148.6627797,-35.60956426,"5/2/2024","alive","4","C9","cold",8.3541669845581,11.3249998092651,44.7628440856934,515.996215820312,22.2000007629395,-3.09999990463257,25.3000011444092,4.94999980926514,12.4333333969116,14.6333332061768,1.93333327770233,1055,117,62,18.2573757171631,318,206,218,310,1311.03161621094
"S06T03P03",6,3,"2/9/2024","ZAR + BRY","pauciflora","Long Plain",148.6627797,-35.60956426,"5/2/2024","alive","5","E14","cold",8.3541669845581,11.3249998092651,44.7628440856934,515.996215820312,22.2000007629395,-3.09999990463257,25.3000011444092,4.94999980926514,12.4333333969116,14.6333332061768,1.93333327770233,1055,117,62,18.2573757171631,318,206,218,310,1311.03161621094
"S06T03P05",6,3,"2/9/2024","ZAR + BRY","pauciflora","Long Plain",148.6627797,-35.60956426,"5/2/2024","alive","3","F14","cold",8.3541669845581,11.3249998092651,44.7628440856934,515.996215820312,22.2000007629395,-3.09999990463257,25.3000011444092,4.94999980926514,12.4333333969116,14.6333332061768,1.93333327770233,1055,117,62,18.2573757171631,318,206,218,310,1311.03161621094
"S06T03P15",6,3,"2/9/2024","ZAR + BRY","pauciflora","Long Plain",148.6627797,-35.60956426,"5/2/2024","alive","2","B12","cold",8.3541669845581,11.3249998092651,44.7628440856934,515.996215820312,22.2000007629395,-3.09999990463257,25.3000011444092,4.94999980926514,12.4333333969116,14.6333332061768,1.93333327770233,1055,117,62,18.2573757171631,318,206,218,310,1311.03161621094
"S06T03P29",6,3,"2/9/2024","ZAR + BRY","pauciflora","Long Plain",148.6627797,-35.60956426,"5/2/2024","alive","1","A16","cold",8.3541669845581,11.3249998092651,44.7628440856934,515.996215820312,22.2000007629395,-3.09999990463257,25.3000011444092,4.94999980926514,12.4333333969116,14.6333332061768,1.93333327770233,1055,117,62,18.2573757171631,318,206,218,310,1311.03161621094
"S06T05P07",6,5,"2/9/2024","ZAR + BRY","pauciflora","Long Plain",148.6387252,-35.5979197,"5/7/2024","alive","2","D6","cold",8.01249980926514,11.2749996185303,44.7420654296875,514.548034667969,21.8999996185303,-3.29999995231628,25.1999988555908,2.41666650772095,14.2166662216187,14.283332824707,1.63333320617676,1101,124,64,19.380443572998,335,212,224,327,1424.67797851562
"S06T05P15",6,5,"2/9/2024","ZAR + BRY","pauciflora","Long Plain",148.6387252,-35.5979197,"5/7/2024","alive","5","F15","cold",8.01249980926514,11.2749996185303,44.7420654296875,514.548034667969,21.8999996185303,-3.29999995231628,25.1999988555908,2.41666650772095,14.2166662216187,14.283332824707,1.63333320617676,1101,124,64,19.380443572998,335,212,224,327,1424.67797851562
"S06T05P26",6,5,"2/9/2024","ZAR + BRY","pauciflora","Long Plain",148.6387252,-35.5979197,"5/7/2024","alive","3","A13","cold",8.01249980926514,11.2749996185303,44.7420654296875,514.548034667969,21.8999996185303,-3.29999995231628,25.1999988555908,2.41666650772095,14.2166662216187,14.283332824707,1.63333320617676,1101,124,64,19.380443572998,335,212,224,327,1424.67797851562
"S06T05P29",6,5,"2/9/2024","ZAR + BRY","pauciflora","Long Plain",148.6387252,-35.5979197,"5/7/2024","alive","1","D11","cold",8.01249980926514,11.2749996185303,44.7420654296875,514.548034667969,21.8999996185303,-3.29999995231628,25.1999988555908,2.41666650772095,14.2166662216187,14.283332824707,1.63333320617676,1101,124,64,19.380443572998,335,212,224,327,1424.67797851562
"S06T05P32",6,5,"2/9/2024","ZAR + BRY","pauciflora","Long Plain",148.6387252,-35.5979197,"5/7/2024","alive","4","C5","cold",8.01249980926514,11.2749996185303,44.7420654296875,514.548034667969,21.8999996185303,-3.29999995231628,25.1999988555908,2.41666650772095,14.2166662216187,14.283332824707,1.63333320617676,1101,124,64,19.380443572998,335,212,224,327,1424.67797851562
"S07T01P06",7,1,"2/17/2024","ZAR + BRY","pauciflora","Namadgi, Mt Franklin Road",148.807368,-35.35601803,"5/7/2024","alive","3","A16","cold",9.70416641235352,10.7416667938232,43.6653099060059,507.598876953125,23,-1.60000002384186,24.6000003814697,6.25,15.8999996185303,15.8999996185303,3.43333315849304,1031,111,63,16.2816963195801,300,208,208,294,1194.67761230469
"S07T01P07",7,1,"2/17/2024","ZAR + BRY","pauciflora","Namadgi, Mt Franklin Road",148.807368,-35.35601803,"5/7/2024","alive","1","F8","cold",9.70416641235352,10.7416667938232,43.6653099060059,507.598876953125,23,-1.60000002384186,24.6000003814697,6.25,15.8999996185303,15.8999996185303,3.43333315849304,1031,111,63,16.2816963195801,300,208,208,294,1194.67761230469
"S07T01P10",7,1,"2/17/2024","ZAR + BRY","pauciflora","Namadgi, Mt Franklin Road",148.807368,-35.35601803,"5/7/2024","alive","5","B12","cold",9.70416641235352,10.7416667938232,43.6653099060059,507.598876953125,23,-1.60000002384186,24.6000003814697,6.25,15.8999996185303,15.8999996185303,3.43333315849304,1031,111,63,16.2816963195801,300,208,208,294,1194.67761230469
"S07T01P13",7,1,"2/17/2024","ZAR + BRY","pauciflora","Namadgi, Mt Franklin Road",148.807368,-35.35601803,"5/7/2024","alive","2","B5","cold",9.70416641235352,10.7416667938232,43.6653099060059,507.598876953125,23,-1.60000002384186,24.6000003814697,6.25,15.8999996185303,15.8999996185303,3.43333315849304,1031,111,63,16.2816963195801,300,208,208,294,1194.67761230469
"S07T01P17",7,1,"2/17/2024","ZAR + BRY","pauciflora","Namadgi, Mt Franklin Road",148.807368,-35.35601803,"5/7/2024","alive","4","E14","cold",9.70416641235352,10.7416667938232,43.6653099060059,507.598876953125,23,-1.60000002384186,24.6000003814697,6.25,15.8999996185303,15.8999996185303,3.43333315849304,1031,111,63,16.2816963195801,300,208,208,294,1194.67761230469
"S07T02P01",7,2,"2/17/2024","ZAR + BRY","pauciflora","Namadgi, Mt Franklin Road",148.8003298,-35.35940543,"5/13/2024","alive","1","C7","cold",9.46250057220459,10.6083335876465,43.2993202209473,507.445159912109,22.7000007629395,-1.79999995231628,24.5,5.98333311080933,15.6500005722046,15.6500005722046,3.18333339691162,1024,110,64,16.2637825012207,300,209,209,290,1248.51977539062
"S07T02P03",7,2,"2/17/2024","ZAR + BRY","pauciflora","Namadgi, Mt Franklin Road",148.8003298,-35.35940543,"5/13/2024","alive","4","G15","cold",9.46250057220459,10.6083335876465,43.2993202209473,507.445159912109,22.7000007629395,-1.79999995231628,24.5,5.98333311080933,15.6500005722046,15.6500005722046,3.18333339691162,1024,110,64,16.2637825012207,300,209,209,290,1248.51977539062
"S07T02P04",7,2,"2/17/2024","ZAR + BRY","pauciflora","Namadgi, Mt Franklin Road",148.8003298,-35.35940543,"5/13/2024","alive","3","F15","cold",9.46250057220459,10.6083335876465,43.2993202209473,507.445159912109,22.7000007629395,-1.79999995231628,24.5,5.98333311080933,15.6500005722046,15.6500005722046,3.18333339691162,1024,110,64,16.2637825012207,300,209,209,290,1248.51977539062
"S07T02P08",7,2,"2/17/2024","ZAR + BRY","pauciflora","Namadgi, Mt Franklin Road",148.8003298,-35.35940543,"5/13/2024","alive","2","C2","cold",9.46250057220459,10.6083335876465,43.2993202209473,507.445159912109,22.7000007629395,-1.79999995231628,24.5,5.98333311080933,15.6500005722046,15.6500005722046,3.18333339691162,1024,110,64,16.2637825012207,300,209,209,290,1248.51977539062
"S07T02P09",7,2,"2/17/2024","ZAR + BRY","pauciflora","Namadgi, Mt Franklin Road",148.8003298,-35.35940543,"5/13/2024","alive","2","G15","cold",9.46250057220459,10.6083335876465,43.2993202209473,507.445159912109,22.7000007629395,-1.79999995231628,24.5,5.98333311080933,15.6500005722046,15.6500005722046,3.18333339691162,1024,110,64,16.2637825012207,300,209,209,290,1248.51977539062
"S07T02P10",7,2,"2/17/2024","ZAR + BRY","pauciflora","Namadgi, Mt Franklin Road",148.8003298,-35.35940543,"5/13/2024","alive","1","A3","cold",9.46250057220459,10.6083335876465,43.2993202209473,507.445159912109,22.7000007629395,-1.79999995231628,24.5,5.98333311080933,15.6500005722046,15.6500005722046,3.18333339691162,1024,110,64,16.2637825012207,300,209,209,290,1248.51977539062
"S07T02P13",7,2,"2/17/2024","ZAR + BRY","pauciflora","Namadgi, Mt Franklin Road",148.8003298,-35.35940543,"5/13/2024","alive","3","B4","cold",9.46250057220459,10.6083335876465,43.2993202209473,507.445159912109,22.7000007629395,-1.79999995231628,24.5,5.98333311080933,15.6500005722046,15.6500005722046,3.18333339691162,1024,110,64,16.2637825012207,300,209,209,290,1248.51977539062
"S07T02P16",7,2,"2/17/2024","ZAR + BRY","pauciflora","Namadgi, Mt Franklin Road",148.8003298,-35.35940543,"5/13/2024","alive","5","C8","cold",9.46250057220459,10.6083335876465,43.2993202209473,507.445159912109,22.7000007629395,-1.79999995231628,24.5,5.98333311080933,15.6500005722046,15.6500005722046,3.18333339691162,1024,110,64,16.2637825012207,300,209,209,290,1248.51977539062
"S07T03P02",7,3,"2/17/2024","ZAR + BRY","pauciflora","Namadgi, Mt Franklin Road",148.8036235,-35.37069352,"5/13/2024","alive","3","G8","cold",9.4791669845581,10.6416664123535,43.435375213623,506.173095703125,22.7000007629395,-1.79999995231628,24.5,6,15.6500005722046,15.6500005722046,3.2333333492279,1022,109,63,16.2085990905762,299,208,208,289,1272.49792480469
"S07T04P01",7,4,"2/17/2024","ZAR + BRY","pauciflora","Namadgi, Mt Franklin Road",148.8057254,-35.38062161,"5/13/2024","alive","1","C9","cold",9.32916641235352,10.5249996185303,43.1352462768555,505.427185058594,22.5,-1.89999997615814,24.3999996185303,5.86666679382324,15.4166669845581,15.5,3.08333325386047,1020,108,64,15.2901048660278,298,211,212,285,1314.48132324219
"S07T04P02",7,4,"2/17/2024","ZAR + BRY","pauciflora","Namadgi, Mt Franklin Road",148.8057254,-35.38062161,"5/13/2024","alive","4","A13","cold",9.32916641235352,10.5249996185303,43.1352462768555,505.427185058594,22.5,-1.89999997615814,24.3999996185303,5.86666679382324,15.4166669845581,15.5,3.08333325386047,1020,108,64,15.2901048660278,298,211,212,285,1314.48132324219
"S07T04P03",7,4,"2/17/2024","ZAR + BRY","pauciflora","Namadgi, Mt Franklin Road",148.8057254,-35.38062161,"5/13/2024","alive","5","B16","cold",9.32916641235352,10.5249996185303,43.1352462768555,505.427185058594,22.5,-1.89999997615814,24.3999996185303,5.86666679382324,15.4166669845581,15.5,3.08333325386047,1020,108,64,15.2901048660278,298,211,212,285,1314.48132324219
"S07T05P01",7,5,"2/17/2024","ZAR + BRY","pauciflora","Namadgi, Mt Franklin Road",148.8051036,-35.38599523,"5/1/2024","alive","2","E10","cold",9.19583320617676,10.4083337783813,43.0096435546875,504.463958740234,22.2999992370605,-1.89999997615814,24.1999988555908,5.71666669845581,15.283332824707,15.3500003814697,2.96666669845581,1010,107,64,15.2587127685547,294,210,211,282,1320.54113769531
"S07T05P02",7,5,"2/17/2024","ZAR + BRY","pauciflora","Namadgi, Mt Franklin Road",148.8051036,-35.38599523,"5/1/2024","alive","5","E15","cold",9.19583320617676,10.4083337783813,43.0096435546875,504.463958740234,22.2999992370605,-1.89999997615814,24.1999988555908,5.71666669845581,15.283332824707,15.3500003814697,2.96666669845581,1010,107,64,15.2587127685547,294,210,211,282,1320.54113769531
"S07T05P03",7,5,"2/17/2024","ZAR + BRY","pauciflora","Namadgi, Mt Franklin Road",148.8051036,-35.38599523,"5/1/2024","alive","4","F15","cold",9.19583320617676,10.4083337783813,43.0096435546875,504.463958740234,22.2999992370605,-1.89999997615814,24.1999988555908,5.71666669845581,15.283332824707,15.3500003814697,2.96666669845581,1010,107,64,15.2587127685547,294,210,211,282,1320.54113769531
"S07T05P04",7,5,"2/17/2024","ZAR + BRY","pauciflora","Namadgi, Mt Franklin Road",148.8051036,-35.38599523,"5/1/2024","alive","3","E7","cold",9.19583320617676,10.4083337783813,43.0096435546875,504.463958740234,22.2999992370605,-1.89999997615814,24.1999988555908,5.71666669845581,15.283332824707,15.3500003814697,2.96666669845581,1010,107,64,15.2587127685547,294,210,211,282,1320.54113769531
"S07T05P10",7,5,"2/17/2024","ZAR + BRY","pauciflora","Namadgi, Mt Franklin Road",148.8051036,-35.38599523,"5/1/2024","alive","1","D8","cold",9.19583320617676,10.4083337783813,43.0096435546875,504.463958740234,22.2999992370605,-1.89999997615814,24.1999988555908,5.71666669845581,15.283332824707,15.3500003814697,2.96666669845581,1010,107,64,15.2587127685547,294,210,211,282,1320.54113769531
"S07T07P06",7,7,"2/17/2024","ZAR + BRY","pauciflora","Namadgi, Mt Franklin Road",148.7958075,-35.40021858,"5/1/2024","alive","2","E15","cold",9.54583358764648,10.6916666030884,43.4620628356934,506.581512451172,22.7999992370605,-1.79999995231628,24.5999984741211,6.08333349227905,15.6499996185303,15.716667175293,3.28333330154419,1015,108,63,15.8454093933105,297,210,210,285,1232.10192871094
"S07T07P07",7,7,"2/17/2024","ZAR + BRY","pauciflora","Namadgi, Mt Franklin Road",148.7958075,-35.40021858,"5/1/2024","alive","5","D15","cold",9.54583358764648,10.6916666030884,43.4620628356934,506.581512451172,22.7999992370605,-1.79999995231628,24.5999984741211,6.08333349227905,15.6499996185303,15.716667175293,3.28333330154419,1015,108,63,15.8454093933105,297,210,210,285,1232.10192871094
"S07T07P08",7,7,"2/17/2024","ZAR + BRY","pauciflora","Namadgi, Mt Franklin Road",148.7958075,-35.40021858,"5/1/2024","alive","1","F7","cold",9.54583358764648,10.6916666030884,43.4620628356934,506.581512451172,22.7999992370605,-1.79999995231628,24.5999984741211,6.08333349227905,15.6499996185303,15.716667175293,3.28333330154419,1015,108,63,15.8454093933105,297,210,210,285,1232.10192871094
"S07T07P17",7,7,"2/17/2024","ZAR + BRY","pauciflora","Namadgi, Mt Franklin Road",148.7958075,-35.40021858,"5/1/2024","alive","3","D10","cold",9.54583358764648,10.6916666030884,43.4620628356934,506.581512451172,22.7999992370605,-1.79999995231628,24.5999984741211,6.08333349227905,15.6499996185303,15.716667175293,3.28333330154419,1015,108,63,15.8454093933105,297,210,210,285,1232.10192871094
"S07T07P18",7,7,"2/17/2024","ZAR + BRY","pauciflora","Namadgi, Mt Franklin Road",148.7958075,-35.40021858,"5/1/2024","alive","4","E7","cold",9.54583358764648,10.6916666030884,43.4620628356934,506.581512451172,22.7999992370605,-1.79999995231628,24.5999984741211,6.08333349227905,15.6499996185303,15.716667175293,3.28333330154419,1015,108,63,15.8454093933105,297,210,210,285,1232.10192871094
"S07T08P02",7,8,"2/17/2024","ZAR + BRY","pauciflora","Namadgi, Mt Franklin Road",148.7965021,-35.40486114,"5/13/2024","alive","3","D4","cold",9.54583358764648,10.6916666030884,43.4620628356934,506.581512451172,22.7999992370605,-1.79999995231628,24.5999984741211,6.08333349227905,15.6499996185303,15.716667175293,3.28333330154419,1015,108,63,15.8454093933105,297,210,210,285,1265.83581542969
"S07T08P04",7,8,"2/17/2024","ZAR + BRY","pauciflora","Namadgi, Mt Franklin Road",148.7965021,-35.40486114,"5/13/2024","alive","1","C14","cold",9.54583358764648,10.6916666030884,43.4620628356934,506.581512451172,22.7999992370605,-1.79999995231628,24.5999984741211,6.08333349227905,15.6499996185303,15.716667175293,3.28333330154419,1015,108,63,15.8454093933105,297,210,210,285,1265.83581542969
"S07T09P02",7,9,"2/17/2024","ZAR + BRY","pauciflora","Namadgi, Mt Franklin Road",148.7854164,-35.41904123,"5/8/2024","alive","5","G13","cold",9.00416660308838,10.3416662216187,42.7341575622559,506.015899658203,22.1000003814697,-2.09999990463257,24.2000007629395,5.5,15.1166667938232,15.1666669845581,2.76666665077209,1010,107,64,15.422116279602,296,210,211,281,1297.65063476562
"S07T09P03",7,9,"2/17/2024","ZAR + BRY","pauciflora","Namadgi, Mt Franklin Road",148.7854164,-35.41904123,"5/8/2024","alive","4","C15","cold",9.00416660308838,10.3416662216187,42.7341575622559,506.015899658203,22.1000003814697,-2.09999990463257,24.2000007629395,5.5,15.1166667938232,15.1666669845581,2.76666665077209,1010,107,64,15.422116279602,296,210,211,281,1297.65063476562
"S07T09P06",7,9,"2/17/2024","ZAR + BRY","pauciflora","Namadgi, Mt Franklin Road",148.7854164,-35.41904123,"5/8/2024","alive","1","D12","cold",9.00416660308838,10.3416662216187,42.7341575622559,506.015899658203,22.1000003814697,-2.09999990463257,24.2000007629395,5.5,15.1166667938232,15.1666669845581,2.76666665077209,1010,107,64,15.422116279602,296,210,211,281,1297.65063476562
"S07T10P01",7,10,"2/17/2024","ZAR + BRY","pauciflora","Namadgi, Mt Franklin Road",148.7894564,-35.40937525,"5/8/2024","alive","5","B10","cold",9.46249961853027,10.6583337783813,43.5033988952637,506.454376220703,22.7000007629395,-1.79999995231628,24.5,6,15.5666666030884,15.6500005722046,3.21666669845581,1015,109,63,15.9857807159424,298,209,210,286,1245.45874023438
"S07T10P03",7,10,"2/17/2024","ZAR + BRY","pauciflora","Namadgi, Mt Franklin Road",148.7894564,-35.40937525,"5/8/2024","alive","4","G4","cold",9.46249961853027,10.6583337783813,43.5033988952637,506.454376220703,22.7000007629395,-1.79999995231628,24.5,6,15.5666666030884,15.6500005722046,3.21666669845581,1015,109,63,15.9857807159424,298,209,210,286,1245.45874023438
"S07T10P04",7,10,"2/17/2024","ZAR + BRY","pauciflora","Namadgi, Mt Franklin Road",148.7894564,-35.40937525,"5/8/2024","alive","2","E13","cold",9.46249961853027,10.6583337783813,43.5033988952637,506.454376220703,22.7000007629395,-1.79999995231628,24.5,6,15.5666666030884,15.6500005722046,3.21666669845581,1015,109,63,15.9857807159424,298,209,210,286,1245.45874023438
"S08T02P01",8,2,"2/17/2024","ZAR + BRY","debeuzevillei","Namadgi, Mt Franklin Road",148.7723667,-35.53009341,"5/14/2024","alive","3","F10","cold",6.83333349227905,9.05000019073486,39.6929817199707,502.124267578125,19.3999996185303,-3.40000009536743,22.7999992370605,3.25,12.9166660308838,12.9333333969116,0.650000035762787,1104,116,73,15.4534292221069,327,228,235,304,1755.38928222656
"S08T03P01",8,3,"2/17/2024","ZAR + BRY","debeuzevillei","Namadgi, Mt Franklin Road",35.526389,148.778889,"5/8/2024","alive","2","E4","cold",NA,NA,NA,NA,NA,NA,NA,NA,NA,NA,NA,NA,NA,NA,NA,NA,NA,NA,NA,NA
"S08T03P03",8,3,"2/17/2024","ZAR + BRY","debeuzevillei","Namadgi, Mt Franklin Road",35.526389,148.778889,"5/8/2024","alive","5","D10","cold",NA,NA,NA,NA,NA,NA,NA,NA,NA,NA,NA,NA,NA,NA,NA,NA,NA,NA,NA,NA
"S08T04P05",8,4,"2/17/2024","ZAR + BRY","debeuzevillei","Namadgi, Mt Franklin Road",148.7744314,-35.53567387,"5/3/2024","alive","3","B9","cold",7.01666688919067,9.13333320617676,39.8835525512695,502.205749511719,19.6000003814697,-3.29999995231628,22.8999996185303,3.46666669845581,13.1000003814697,13.1166667938232,0.816666662693024,1060,110,70,15.239236831665,313,221,228,288,1619.29418945312
"S08T04P08",8,4,"2/17/2024","ZAR + BRY","debeuzevillei","Namadgi, Mt Franklin Road",148.7744314,-35.53567387,"5/3/2024","alive","4","F13","cold",7.01666688919067,9.13333320617676,39.8835525512695,502.205749511719,19.6000003814697,-3.29999995231628,22.8999996185303,3.46666669845581,13.1000003814697,13.1166667938232,0.816666662693024,1060,110,70,15.239236831665,313,221,228,288,1619.29418945312
"S08T04P12",8,4,"2/17/2024","ZAR + BRY","debeuzevillei","Namadgi, Mt Franklin Road",148.7744314,-35.53567387,"5/6/2024","alive","1","A14","cold",7.01666688919067,9.13333320617676,39.8835525512695,502.205749511719,19.6000003814697,-3.29999995231628,22.8999996185303,3.46666669845581,13.1000003814697,13.1166667938232,0.816666662693024,1060,110,70,15.239236831665,313,221,228,288,1619.29418945312
"S08T04P15",8,4,"2/17/2024","ZAR + BRY","debeuzevillei","Namadgi, Mt Franklin Road",148.7744314,-35.53567387,"5/6/2024","alive","2","F2","cold",7.01666688919067,9.13333320617676,39.8835525512695,502.205749511719,19.6000003814697,-3.29999995231628,22.8999996185303,3.46666669845581,13.1000003814697,13.1166667938232,0.816666662693024,1060,110,70,15.239236831665,313,221,228,288,1619.29418945312
"S08T04P16",8,4,"2/17/2024","ZAR + BRY","debeuzevillei","Namadgi, Mt Franklin Road",148.7744314,-35.53567387,"5/6/2024","alive","5","G6","cold",7.01666688919067,9.13333320617676,39.8835525512695,502.205749511719,19.6000003814697,-3.29999995231628,22.8999996185303,3.46666669845581,13.1000003814697,13.1166667938232,0.816666662693024,1060,110,70,15.239236831665,313,221,228,288,1619.29418945312
"S08T05P01",8,5,"2/17/2024","ZAR + BRY","debeuzevillei","Namadgi, Mt Franklin Road",148.7731672,-35.54270223,"5/7/2024","alive","5","B5","cold",7.29583311080933,9.32499980926514,40.1939659118652,503.467346191406,20,-3.20000004768372,23.2000007629395,3.7666666507721,13.3666667938232,13.4166669845581,1.06666672229767,1000,104,67,14.6220779418945,294,212,219,270,1591.07348632812
"S08T05P02",8,5,"2/17/2024","ZAR + BRY","debeuzevillei","Namadgi, Mt Franklin Road",148.7731672,-35.54270223,"5/7/2024","alive","1","D5","cold",7.29583311080933,9.32499980926514,40.1939659118652,503.467346191406,20,-3.20000004768372,23.2000007629395,3.7666666507721,13.3666667938232,13.4166669845581,1.06666672229767,1000,104,67,14.6220779418945,294,212,219,270,1591.07348632812
"S08T06P01",8,6,"2/17/2024","ZAR + BRY","debeuzevillei","Namadgi, Mt Franklin Road",148.7720945,-35.53224822,"5/8/2024","alive","1","A1","cold",6.83333349227905,9.05000019073486,39.6929817199707,502.124267578125,19.3999996185303,-3.40000009536743,22.7999992370605,3.25,12.9166660308838,12.9333333969116,0.650000035762787,1104,116,73,15.4534292221069,327,228,235,304,1733.13525390625
"S08T06P03",8,6,"2/17/2024","ZAR + BRY","debeuzevillei","Namadgi, Mt Franklin Road",148.7720945,-35.53224822,"5/8/2024","alive","4","D2","cold",6.83333349227905,9.05000019073486,39.6929817199707,502.124267578125,19.3999996185303,-3.40000009536743,22.7999992370605,3.25,12.9166660308838,12.9333333969116,0.650000035762787,1104,116,73,15.4534292221069,327,228,235,304,1733.13525390625
"S08T10P01",8,10,"2/17/2024","ZAR + BRY","debeuzevillei","Namadgi, Mt Franklin Road",148.7631361,-35.51479691,"5/14/2024","alive","2","B11","cold",7.31666660308838,9.31666660308838,40.3318901062012,502.178588867188,20,-3.09999990463257,23.1000003814697,3.75,13.3999996185303,13.4333333969116,1.13333332538605,1047,110,69,15.203688621521,309,218,226,287,1605.23657226562
"S09T01P01",9,1,"0/05/2023","BRY","acerina","Baw Baw Plateau",146.345269,-37.88025918,"5/7/2024","alive","4","F9","cold",7.38333320617676,6.7000002861023,36.6120223999023,429.822021484375,18.1000003814697,-0.200000002980232,18.3000011444092,2.41666674613953,12.9000005722046,12.9000005722046,2.34999990463257,1441,153,65,23.7971000671387,448,241,241,435,1412.02014160156
"S09T01P02",9,1,"0/05/2023","BRY","acerina","Baw Baw Plateau",146.345269,-37.88025918,"5/7/2024","alive","1","A15","cold",7.38333320617676,6.7000002861023,36.6120223999023,429.822021484375,18.1000003814697,-0.200000002980232,18.3000011444092,2.41666674613953,12.9000005722046,12.9000005722046,2.34999990463257,1441,153,65,23.7971000671387,448,241,241,435,1412.02014160156
"S09T01P04",9,1,"0/05/2023","BRY","acerina","Baw Baw Plateau",146.345269,-37.88025918,"5/7/2024","alive","3","G2","cold",7.38333320617676,6.7000002861023,36.6120223999023,429.822021484375,18.1000003814697,-0.200000002980232,18.3000011444092,2.41666674613953,12.9000005722046,12.9000005722046,2.34999990463257,1441,153,65,23.7971000671387,448,241,241,435,1412.02014160156
"S09T01P08",9,1,"0/05/2023","BRY","acerina","Baw Baw Plateau",146.345269,-37.88025918,"5/7/2024","alive","5","G4","cold",7.38333320617676,6.7000002861023,36.6120223999023,429.822021484375,18.1000003814697,-0.200000002980232,18.3000011444092,2.41666674613953,12.9000005722046,12.9000005722046,2.34999990463257,1441,153,65,23.7971000671387,448,241,241,435,1412.02014160156
"S09T01P09",9,1,"0/05/2023","BRY","acerina","Baw Baw Plateau",146.345269,-37.88025918,"5/7/2024","alive","2","D5","cold",7.38333320617676,6.7000002861023,36.6120223999023,429.822021484375,18.1000003814697,-0.200000002980232,18.3000011444092,2.41666674613953,12.9000005722046,12.9000005722046,2.34999990463257,1441,153,65,23.7971000671387,448,241,241,435,1412.02014160156
"S09T02P01",9,2,"0/05/2023","BRY","acerina","Baw Baw Plateau",146.3437721,-37.87613875,"5/8/2024","alive","1","G14","cold",7.38333320617676,6.7000002861023,36.6120223999023,429.822021484375,18.1000003814697,-0.200000002980232,18.3000011444092,2.41666674613953,12.9000005722046,12.9000005722046,2.34999990463257,1441,153,65,23.7971000671387,448,241,241,435,1499.62536621094
"S09T02P011",9,2,"0/05/2023","BRY","acerina","Baw Baw Plateau",146.3437721,-37.87613875,"5/8/2024","alive","5","D6","cold",7.38333320617676,6.7000002861023,36.6120223999023,429.822021484375,18.1000003814697,-0.200000002980232,18.3000011444092,2.41666674613953,12.9000005722046,12.9000005722046,2.34999990463257,1441,153,65,23.7971000671387,448,241,241,435,1499.62536621094
"S09T02P04",9,2,"0/05/2023","BRY","acerina","Baw Baw Plateau",146.3437721,-37.87613875,"5/8/2024","alive","3","C13","cold",7.38333320617676,6.7000002861023,36.6120223999023,429.822021484375,18.1000003814697,-0.200000002980232,18.3000011444092,2.41666674613953,12.9000005722046,12.9000005722046,2.34999990463257,1441,153,65,23.7971000671387,448,241,241,435,1499.62536621094
"S09T02P07",9,2,"0/05/2023","BRY","acerina","Baw Baw Plateau",146.3437721,-37.87613875,"5/8/2024","alive","2","A1","cold",7.38333320617676,6.7000002861023,36.6120223999023,429.822021484375,18.1000003814697,-0.200000002980232,18.3000011444092,2.41666674613953,12.9000005722046,12.9000005722046,2.34999990463257,1441,153,65,23.7971000671387,448,241,241,435,1499.62536621094
"S09T02P08",9,2,"0/05/2023","BRY","acerina","Baw Baw Plateau",146.3437721,-37.87613875,"5/8/2024","alive","4","C16","cold",7.38333320617676,6.7000002861023,36.6120223999023,429.822021484375,18.1000003814697,-0.200000002980232,18.3000011444092,2.41666674613953,12.9000005722046,12.9000005722046,2.34999990463257,1441,153,65,23.7971000671387,448,241,241,435,1499.62536621094
"S09T05P02",9,5,"0/05/2023","BRY","acerina","Baw Baw Plateau",146.3108803,-37.83274204,"5/8/2024","alive","1","A12","cold",6.82916641235352,6.90833330154419,36.7464561462402,442.243530273438,17.7999992370605,-1,18.7999992370605,1.73333334922791,12.4666662216187,12.4666662216187,1.56666660308838,1515,173,65,27.1176776885986,498,243,243,479,1498.89697265625
"S09T06P01",9,6,"0/05/2023","BRY","acerina","Baw Baw Plateau",146.328103,-37.83555978,"2/13/2024","alive","2","C14","cold",7.40000009536743,7.06666660308838,37.3897705078125,437.061462402344,18.3999996185303,-0.5,18.8999996185303,2.36666655540466,12.9666662216187,12.9666662216187,2.18333339691162,1417,157,63,24.8477172851562,453,236,236,435,1353.13391113281
"S09T06P07",9,6,"0/05/2023","BRY","acerina","Baw Baw Plateau",146.328103,-37.83555978,"2/13/2024","alive","4","C11","cold",7.40000009536743,7.06666660308838,37.3897705078125,437.061462402344,18.3999996185303,-0.5,18.8999996185303,2.36666655540466,12.9666662216187,12.9666662216187,2.18333339691162,1417,157,63,24.8477172851562,453,236,236,435,1353.13391113281
"S09T06P11",9,6,"0/05/2023","BRY","acerina","Baw Baw Plateau",146.328103,-37.83555978,"2/13/2024","alive","3","E5","cold",7.40000009536743,7.06666660308838,37.3897705078125,437.061462402344,18.3999996185303,-0.5,18.8999996185303,2.36666655540466,12.9666662216187,12.9666662216187,2.18333339691162,1417,157,63,24.8477172851562,453,236,236,435,1353.13391113281
"S09T06P12",9,6,"0/05/2023","BRY","acerina","Baw Baw Plateau",146.328103,-37.83555978,"2/13/2024","alive","1","D1","cold",7.40000009536743,7.06666660308838,37.3897705078125,437.061462402344,18.3999996185303,-0.5,18.8999996185303,2.36666655540466,12.9666662216187,12.9666662216187,2.18333339691162,1417,157,63,24.8477172851562,453,236,236,435,1353.13391113281
"S09T06P14",9,6,"0/05/2023","BRY","acerina","Baw Baw Plateau",146.328103,-37.83555978,"2/13/2024","alive","5","G11","cold",7.40000009536743,7.06666660308838,37.3897705078125,437.061462402344,18.3999996185303,-0.5,18.8999996185303,2.36666655540466,12.9666662216187,12.9666662216187,2.18333339691162,1417,157,63,24.8477172851562,453,236,236,435,1353.13391113281
"S09T07P01",9,7,"0/05/2023","BRY","acerina","Baw Baw Plateau",146.3252066,-37.83214933,"5/6/2024","alive","4","A10","cold",7.65000009536743,7.23333358764648,37.8708572387695,435.879486083984,18.7999992370605,-0.300000011920929,19.0999984741211,2.65000009536743,13.1999998092651,13.1999998092651,2.45000004768372,1361,147,62,23.5064353942871,427,231,231,410,1397.79711914062
"S09T07P03",9,7,"0/05/2023","BRY","acerina","Baw Baw Plateau",146.3252066,-37.83214933,"5/6/2024","alive","2","A15","cold",7.65000009536743,7.23333358764648,37.8708572387695,435.879486083984,18.7999992370605,-0.300000011920929,19.0999984741211,2.65000009536743,13.1999998092651,13.1999998092651,2.45000004768372,1361,147,62,23.5064353942871,427,231,231,410,1397.79711914062
"S09T08T01",9,8,"0/05/2023","BRY","acerina","Baw Baw Plateau",146.3203746,-37.83450343,"5/8/2024","alive","3","F12","cold",7.03749990463257,6.94166660308838,36.9237594604492,440.026458740234,18,-0.800000011920929,18.7999992370605,1.98333334922791,12.6499996185303,12.6499996185303,1.79999995231628,1477,167,64,26.3092250823975,480,239,239,461,1449.89587402344
"S09T08T05",9,8,"0/05/2023","BRY","acerina","Baw Baw Plateau",146.3203746,-37.83450343,"5/8/2024","alive","5","G15","cold",7.03749990463257,6.94166660308838,36.9237594604492,440.026458740234,18,-0.800000011920929,18.7999992370605,1.98333334922791,12.6499996185303,12.6499996185303,1.79999995231628,1477,167,64,26.3092250823975,480,239,239,461,1449.89587402344
"S09T09T01",9,9,"0/05/2023","BRY","acerina","Baw Baw Plateau",146.5054739,-37.69474785,"5/8/2024","alive","4","B8","cold",7.62916660308838,7.44166660308838,37.7749557495117,448.520080566406,19,-0.699999988079071,19.7000007629395,2.46666669845581,13.3333330154419,13.3333330154419,2.28333330154419,1314,140,61,23.9822883605957,410,220,220,401,1425.64831542969
"S10T01P01",10,1,"0/05/2023","BRY","hedraia","Falls Creek/Bogong",147.3004725,-36.71987474,"5/8/2024","alive","5","E3","cold",7.05416679382324,8.125,37.2706413269043,499.497283935547,19.3999996185303,-2.40000009536743,21.7999992370605,1.03333330154419,13.2666664123535,13.2666664123535,1.03333330154419,1582,179,74,25.5976619720459,506,267,267,506,1583.98620605469
"S10T01P02",10,1,"0/05/2023","BRY","hedraia","Falls Creek/Bogong",147.3004725,-36.71987474,"5/8/2024","alive","1","D7","cold",7.05416679382324,8.125,37.2706413269043,499.497283935547,19.3999996185303,-2.40000009536743,21.7999992370605,1.03333330154419,13.2666664123535,13.2666664123535,1.03333330154419,1582,179,74,25.5976619720459,506,267,267,506,1583.98620605469
"S10T02P02",10,2,"0/05/2023","BRY","hedraia","Falls Creek/Bogong",147.295,-36.7132,"5/6/2024","alive","1","G4","cold",8.06666660308838,8.65000057220459,38.7892379760742,495.866271972656,20.6000003814697,-1.70000004768372,22.3000011444092,2.06666660308838,14.216667175293,14.216667175293,2.06666660308838,1436,161,66,26.7405071258545,466,241,241,466,1436.73229980469
"S10T02P04",10,2,"0/05/2023","BRY","hedraia","Falls Creek/Bogong",147.295,-36.7132,"5/6/2024","alive","5","F5","cold",8.06666660308838,8.65000057220459,38.7892379760742,495.866271972656,20.6000003814697,-1.70000004768372,22.3000011444092,2.06666660308838,14.216667175293,14.216667175293,2.06666660308838,1436,161,66,26.7405071258545,466,241,241,466,1436.73229980469
"S10T02P07",10,2,"0/05/2023","BRY","hedraia","Falls Creek/Bogong",147.295,-36.7132,"5/6/2024","alive","2","B15","cold",8.06666660308838,8.65000057220459,38.7892379760742,495.866271972656,20.6000003814697,-1.70000004768372,22.3000011444092,2.06666660308838,14.216667175293,14.216667175293,2.06666660308838,1436,161,66,26.7405071258545,466,241,241,466,1436.73229980469
"S10T03P04",10,3,"0/05/2024","BRY","hedraia","Falls Creek/Bogong",147.3045634,-36.72356214,"5/8/2024","alive","3","C14","cold",7.05416679382324,8.125,37.2706413269043,499.497283935547,19.3999996185303,-2.40000009536743,21.7999992370605,1.03333330154419,13.2666664123535,13.2666664123535,1.03333330154419,1582,179,74,25.5976619720459,506,267,267,506,1734.21838378906
"S10T03P07",10,3,"0/05/2024","BRY","hedraia","Falls Creek/Bogong",147.3045634,-36.72356214,"5/8/2024","alive","1","G2","cold",7.05416679382324,8.125,37.2706413269043,499.497283935547,19.3999996185303,-2.40000009536743,21.7999992370605,1.03333330154419,13.2666664123535,13.2666664123535,1.03333330154419,1582,179,74,25.5976619720459,506,267,267,506,1734.21838378906
"S10T03P08",10,3,"0/05/2024","BRY","hedraia","Falls Creek/Bogong",147.3045634,-36.72356214,"5/8/2024","alive","4","B11","cold",7.05416679382324,8.125,37.2706413269043,499.497283935547,19.3999996185303,-2.40000009536743,21.7999992370605,1.03333330154419,13.2666664123535,13.2666664123535,1.03333330154419,1582,179,74,25.5976619720459,506,267,267,506,1734.21838378906
"S10T03P09",10,3,"0/05/2024","BRY","hedraia","Falls Creek/Bogong",147.3045634,-36.72356214,"5/8/2024","alive","5","D8","cold",7.05416679382324,8.125,37.2706413269043,499.497283935547,19.3999996185303,-2.40000009536743,21.7999992370605,1.03333330154419,13.2666664123535,13.2666664123535,1.03333330154419,1582,179,74,25.5976619720459,506,267,267,506,1734.21838378906
"S10T03P11",10,3,"0/05/2024","BRY","hedraia","Falls Creek/Bogong",147.3045634,-36.72356214,"5/8/2024","alive","2","G7","cold",7.05416679382324,8.125,37.2706413269043,499.497283935547,19.3999996185303,-2.40000009536743,21.7999992370605,1.03333330154419,13.2666664123535,13.2666664123535,1.03333330154419,1582,179,74,25.5976619720459,506,267,267,506,1734.21838378906
"S10T04P01",10,4,"0/05/2025","BRY","hedraia","Falls Creek/Bogong",147.2925612,-36.7751921,"5/13/2024","alive","1","A4","cold",7.94583320617676,9.00833320617676,39.6842880249023,499.538238525391,20.7000007629395,-2,22.7000007629395,1.83333337306976,14.0833330154419,14.0833330154419,1.83333337306976,1355,152,64,25.3412494659424,433,235,235,433,1391.82019042969
"S10T04P04",10,4,"0/05/2025","BRY","hedraia","Falls Creek/Bogong",147.2925612,-36.7751921,"5/13/2024","alive","4","G6","cold",7.94583320617676,9.00833320617676,39.6842880249023,499.538238525391,20.7000007629395,-2,22.7000007629395,1.83333337306976,14.0833330154419,14.0833330154419,1.83333337306976,1355,152,64,25.3412494659424,433,235,235,433,1391.82019042969
"S10T05P01",10,5,"0/05/2026","BRY","hedraia","Falls Creek/Bogong",147.291878,-36.77394442,"5/8/2024","alive","4","C7","cold",7.82499980926514,8.73333358764648,38.988094329834,499.365509033203,20.3999996185303,-2,22.3999996185303,1.71666669845581,13.9833335876465,13.9833335876465,1.71666669845581,1377,156,65,25.3785762786865,441,238,238,441,1414.52368164062
"S10T05P02",10,5,"0/05/2026","BRY","hedraia","Falls Creek/Bogong",147.291878,-36.77394442,"5/8/2024","alive","1","D15","cold",7.82499980926514,8.73333358764648,38.988094329834,499.365509033203,20.3999996185303,-2,22.3999996185303,1.71666669845581,13.9833335876465,13.9833335876465,1.71666669845581,1377,156,65,25.3785762786865,441,238,238,441,1414.52368164062
"S10T06P02",10,6,"0/05/2023","BRY","hedraia","Falls Creek/Bogong",147.2842634,-36.77229158,"5/8/2024","alive","3","A10","cold",7.32499980926514,8.26666641235352,37.575756072998,501.450164794922,19.7000007629395,-2.29999995231628,22,1.23333334922791,13.533332824707,13.533332824707,1.23333334922791,1470,173,70,25.3304977416992,470,254,254,470,1416.79943847656
"S10T07P01",10,7,"0/05/2023","BRY","hedraia","Falls Creek/Bogong",147.284648,-36.77091069,"5/7/2024","alive","5","B9","cold",7.32499980926514,8.26666641235352,37.575756072998,501.450164794922,19.7000007629395,-2.29999995231628,22,1.23333334922791,13.533332824707,13.533332824707,1.23333334922791,1470,173,70,25.3304977416992,470,254,254,470,1467.08923339844
"S10T07P04",10,7,"0/05/2023","BRY","hedraia","Falls Creek/Bogong",147.284648,-36.77091069,"5/8/2024","alive","2","G6","cold",7.32499980926514,8.26666641235352,37.575756072998,501.450164794922,19.7000007629395,-2.29999995231628,22,1.23333334922791,13.533332824707,13.533332824707,1.23333334922791,1470,173,70,25.3304977416992,470,254,254,470,1467.08923339844
"S10T07P07",10,7,"0/05/2023","BRY","hedraia","Falls Creek/Bogong",147.284648,-36.77091069,"5/8/2024","alive","3","G3","cold",7.32499980926514,8.26666641235352,37.575756072998,501.450164794922,19.7000007629395,-2.29999995231628,22,1.23333334922791,13.533332824707,13.533332824707,1.23333334922791,1470,173,70,25.3304977416992,470,254,254,470,1467.08923339844
"S10T08P02",10,8,"0/05/2023","BRY","hedraia","Falls Creek/Bogong",147.2913688,-36.76286481,"5/7/2024","alive","2","F8","cold",7.38333320617676,8.18333339691162,37.3668174743652,501.07763671875,19.7000007629395,-2.20000004768372,21.9000015258789,1.28333330154419,13.5833330154419,13.5833330154419,1.28333330154419,1467,172,70,25.4845294952393,470,252,252,470,1538.8203125
"S10T08P04",10,8,"0/05/2023","BRY","hedraia","Falls Creek/Bogong",147.2913688,-36.76286481,"5/7/2024","alive","3","G15","cold",7.38333320617676,8.18333339691162,37.3668174743652,501.07763671875,19.7000007629395,-2.20000004768372,21.9000015258789,1.28333330154419,13.5833330154419,13.5833330154419,1.28333330154419,1467,172,70,25.4845294952393,470,252,252,470,1538.8203125
"S10T08P06",10,8,"0/05/2023","BRY","hedraia","Falls Creek/Bogong",147.2913688,-36.76286481,"5/7/2024","alive","4","B13","cold",7.38333320617676,8.18333339691162,37.3668174743652,501.07763671875,19.7000007629395,-2.20000004768372,21.9000015258789,1.28333330154419,13.5833330154419,13.5833330154419,1.28333330154419,1467,172,70,25.4845294952393,470,252,252,470,1538.8203125
"S10T08P10",10,8,"0/05/2023","BRY","hedraia","Falls Creek/Bogong",147.2913688,-36.76286481,"5/7/2024","alive","5","D12","cold",7.38333320617676,8.18333339691162,37.3668174743652,501.07763671875,19.7000007629395,-2.20000004768372,21.9000015258789,1.28333330154419,13.5833330154419,13.5833330154419,1.28333330154419,1467,172,70,25.4845294952393,470,252,252,470,1538.8203125
"S10T08P12",10,8,"0/05/2023","BRY","hedraia","Falls Creek/Bogong",147.2913688,-36.76286481,"5/7/2024","alive","1","G11","cold",7.38333320617676,8.18333339691162,37.3668174743652,501.07763671875,19.7000007629395,-2.20000004768372,21.9000015258789,1.28333330154419,13.5833330154419,13.5833330154419,1.28333330154419,1467,172,70,25.4845294952393,470,252,252,470,1538.8203125
"S10T09P02",10,9,"0/05/2023","BRY","hedraia","Falls Creek/Bogong",147.2916716,-36.76091585,"5/13/2024","alive","3","D2","cold",7.36666679382324,8.25,37.6712303161621,500.283264160156,19.7000007629395,-2.20000004768372,21.9000015258789,1.26666665077209,13.5500001907349,13.5500001907349,1.26666665077209,1454,170,70,25.1735324859619,464,251,251,464,1539.9228515625
"S10T09P03",10,9,"0/05/2023","BRY","hedraia","Falls Creek/Bogong",147.2916716,-36.76091585,"5/13/2024","alive","4","D4","cold",7.36666679382324,8.25,37.6712303161621,500.283264160156,19.7000007629395,-2.20000004768372,21.9000015258789,1.26666665077209,13.5500001907349,13.5500001907349,1.26666665077209,1454,170,70,25.1735324859619,464,251,251,464,1539.9228515625
"S10T09P04",10,9,"0/05/2023","BRY","hedraia","Falls Creek/Bogong",147.2916716,-36.76091585,"5/13/2024","alive","2","C9","cold",7.36666679382324,8.25,37.6712303161621,500.283264160156,19.7000007629395,-2.20000004768372,21.9000015258789,1.26666665077209,13.5500001907349,13.5500001907349,1.26666665077209,1454,170,70,25.1735324859619,464,251,251,464,1539.9228515625
"S10T10P01",10,10,"0/05/2023","BRY","hedraia","Falls Creek/Bogong",147.2955856,-36.87176213,"5/14/2024","alive","3","B2","cold",6.34166669845581,8.60000038146973,38.5650215148926,507.094360351562,19,-3.29999995231628,22.2999992370605,0.149999976158142,12.5833330154419,12.5833330154419,0.149999976158142,1623,194,77,26.7793922424316,531,277,277,531,1591.98254394531
"S10T10P03",10,10,"0/05/2023","BRY","hedraia","Falls Creek/Bogong",147.2955856,-36.87176213,"5/14/2024","alive","4","G12","cold",6.34166669845581,8.60000038146973,38.5650215148926,507.094360351562,19,-3.29999995231628,22.2999992370605,0.149999976158142,12.5833330154419,12.5833330154419,0.149999976158142,1623,194,77,26.7793922424316,531,277,277,531,1591.98254394531
"S10T12P02",10,12,"0/05/2023","BRY","niphophila","Falls Creek/Bogong",147.2890632,-36.75422488,"5/8/2024","alive","3","C1","cold",6.53749990463257,7.70833349227905,36.1893577575684,499.268218994141,18.6000003814697,-2.70000004768372,21.3000011444092,0.51666659116745,12.75,12.75,0.51666659116745,1604,179,77,24.5638637542725,502,273,273,502,1713.84887695312
"S10T12P04",10,12,"0/05/2023","BRY","niphophila","Falls Creek/Bogong",147.2890632,-36.75422488,"5/8/2024","alive","5","G5","cold",6.53749990463257,7.70833349227905,36.1893577575684,499.268218994141,18.6000003814697,-2.70000004768372,21.3000011444092,0.51666659116745,12.75,12.75,0.51666659116745,1604,179,77,24.5638637542725,502,273,273,502,1713.84887695312
"S10T13P01",10,13,"0/05/2023","BRY","niphophila","Falls Creek/Bogong",147.3146806,-36.72492102,"5/8/2024","alive","2","A16","cold",6.92916679382324,7.92500019073486,36.860466003418,498.353912353516,19.1000003814697,-2.40000009536743,21.5,0.933333396911621,13.1499996185303,13.1499996185303,0.933333396911621,1622,181,76,25.566722869873,517,273,273,517,1741.44458007812
"S10T13P03",10,13,"0/05/2023","BRY","niphophila","Falls Creek/Bogong",147.3146806,-36.72492102,"5/8/2024","alive","1","F15","cold",6.92916679382324,7.92500019073486,36.860466003418,498.353912353516,19.1000003814697,-2.40000009536743,21.5,0.933333396911621,13.1499996185303,13.1499996185303,0.933333396911621,1622,181,76,25.566722869873,517,273,273,517,1741.44458007812
"S10T14P01",10,14,"0/05/2023","BRY","niphophila","Falls Creek/Bogong",147.3044367,-36.92865616,"5/8/2024","alive","5","C6","cold",6.48750019073486,8.15833377838135,37.9457397460938,496.401245117188,18.7999992370605,-2.70000004768372,21.5,0.450000017881393,12.6499996185303,12.6499996185303,0.450000017881393,1608,191,78,25.5333423614502,519,279,279,519,1624.8662109375
"S10T14P02",10,14,"0/05/2023","BRY","niphophila","Falls Creek/Bogong",147.3044367,-36.92865616,"5/8/2024","alive","3","G7","cold",6.48750019073486,8.15833377838135,37.9457397460938,496.401245117188,18.7999992370605,-2.70000004768372,21.5,0.450000017881393,12.6499996185303,12.6499996185303,0.450000017881393,1608,191,78,25.5333423614502,519,279,279,519,1624.8662109375
"S10T15P01",10,15,"0/05/2023","BRY","niphophila","Falls Creek/Bogong",147.2816119,-36.92711515,"5/13/2024","alive","1","G8","cold",5.90416669845581,8.22499942779541,38.2558135986328,498.317413330078,18.2999992370605,-3.20000004768372,21.5,-0.150000020861626,12.0833330154419,12.0833330154419,-0.150000020861626,1669,182,81,24.4452114105225,527,284,284,527,1820.32019042969
"S10T15P05",10,15,"0/05/2023","BRY","niphophila","Falls Creek/Bogong",147.2816119,-36.92711515,"5/13/2024","alive","2","F6","cold",5.90416669845581,8.22499942779541,38.2558135986328,498.317413330078,18.2999992370605,-3.20000004768372,21.5,-0.150000020861626,12.0833330154419,12.0833330154419,-0.150000020861626,1669,182,81,24.4452114105225,527,284,284,527,1820.32019042969
"S10T15P06",10,15,"0/05/2023","BRY","niphophila","Falls Creek/Bogong",147.2816119,-36.92711515,"5/13/2024","alive","4","E9","cold",5.90416669845581,8.22499942779541,38.2558135986328,498.317413330078,18.2999992370605,-3.20000004768372,21.5,-0.150000020861626,12.0833330154419,12.0833330154419,-0.150000020861626,1669,182,81,24.4452114105225,527,284,284,527,1820.32019042969
"S10T16P01",10,16,"0/05/2023","BRY","niphophila","Falls Creek/Bogong",147.2884346,-36.76779888,"5/13/2024","alive","4","A1","cold",7.32499980926514,8.26666641235352,37.575756072998,501.450164794922,19.7000007629395,-2.29999995231628,22,1.23333334922791,13.533332824707,13.533332824707,1.23333334922791,1470,173,70,25.3304977416992,470,254,254,470,1511.43395996094
"S10T17P01",10,17,"0/05/2023","BRY","niphophila","Falls Creek/Bogong",147.3354647,-36.94407818,"5/13/2024","alive","4","D16","cold",6.92500019073486,8.11666679382324,38.1064186096191,487.966552734375,19,-2.29999995231628,21.2999992370605,1,13,13,1,1493,180,75,22.6225032806396,463,273,273,463,1561.68212890625
"S10T18P01",10,18,"0/05/2023","BRY","niphophila","Falls Creek/Bogong",147.3193627,-36.94187033,"5/6/2024","alive","5","A14","cold",6.82499980926514,8.19999980926514,38.317756652832,489.696105957031,19,-2.40000009536743,21.3999996185303,0.866666615009308,12.8999996185303,12.8999996185303,0.866666615009308,1499,183,76,22.973669052124,467,274,274,467,1589.35681152344
"S11T01P02",11,1,"0/05/2023","BRY","pauciflora","Falls Creek/Bogong",147.297255,-36.71530832,"5/1/2024","alive","4","G1","cold",8.06666660308838,8.65000057220459,38.7892379760742,495.866271972656,20.6000003814697,-1.70000004768372,22.3000011444092,2.06666660308838,14.216667175293,14.216667175293,2.06666660308838,1436,161,66,26.7405071258545,466,241,241,466,1442.45153808594
"S11T01P05",11,1,"0/05/2023","BRY","pauciflora","Falls Creek/Bogong",147.297255,-36.71530832,"5/1/2024","alive","3","E11","cold",8.06666660308838,8.65000057220459,38.7892379760742,495.866271972656,20.6000003814697,-1.70000004768372,22.3000011444092,2.06666660308838,14.216667175293,14.216667175293,2.06666660308838,1436,161,66,26.7405071258545,466,241,241,466,1442.45153808594
"S11T01P12",11,1,"0/05/2023","BRY","pauciflora","Falls Creek/Bogong",147.297255,-36.71530832,"5/1/2024","alive","4","F2","cold",8.06666660308838,8.65000057220459,38.7892379760742,495.866271972656,20.6000003814697,-1.70000004768372,22.3000011444092,2.06666660308838,14.216667175293,14.216667175293,2.06666660308838,1436,161,66,26.7405071258545,466,241,241,466,1442.45153808594
"S11T01P14",11,1,"0/05/2023","BRY","pauciflora","Falls Creek/Bogong",147.297255,-36.71530832,"5/1/2024","alive","2","D13","cold",8.06666660308838,8.65000057220459,38.7892379760742,495.866271972656,20.6000003814697,-1.70000004768372,22.3000011444092,2.06666660308838,14.216667175293,14.216667175293,2.06666660308838,1436,161,66,26.7405071258545,466,241,241,466,1442.45153808594
"S11T01P21",11,1,"0/05/2023","BRY","pauciflora","Falls Creek/Bogong",147.297255,-36.71530832,"5/1/2024","alive","1","G1","cold",8.06666660308838,8.65000057220459,38.7892379760742,495.866271972656,20.6000003814697,-1.70000004768372,22.3000011444092,2.06666660308838,14.216667175293,14.216667175293,2.06666660308838,1436,161,66,26.7405071258545,466,241,241,466,1442.45153808594
"S11T01P22",11,1,"0/05/2023","BRY","pauciflora","Falls Creek/Bogong",147.297255,-36.71530832,"5/1/2024","alive","5","A2","cold",8.06666660308838,8.65000057220459,38.7892379760742,495.866271972656,20.6000003814697,-1.70000004768372,22.3000011444092,2.06666660308838,14.216667175293,14.216667175293,2.06666660308838,1436,161,66,26.7405071258545,466,241,241,466,1442.45153808594
"S11T01P24",11,1,"0/05/2023","BRY","pauciflora","Falls Creek/Bogong",147.297255,-36.71530832,"5/1/2024","alive","1","B15","cold",8.06666660308838,8.65000057220459,38.7892379760742,495.866271972656,20.6000003814697,-1.70000004768372,22.3000011444092,2.06666660308838,14.216667175293,14.216667175293,2.06666660308838,1436,161,66,26.7405071258545,466,241,241,466,1442.45153808594
"S11T02P02",11,2,"0/05/2023","BRY","pauciflora","Falls Creek/Bogong",147.2949949,-36.71321879,"5/1/2024","alive","5","B7","cold",8.06666660308838,8.65000057220459,38.7892379760742,495.866271972656,20.6000003814697,-1.70000004768372,22.3000011444092,2.06666660308838,14.216667175293,14.216667175293,2.06666660308838,1436,161,66,26.7405071258545,466,241,241,466,1436.73229980469
"S11T02P07",11,2,"0/05/2023","BRY","pauciflora","Falls Creek/Bogong",147.2949949,-36.71321879,"5/1/2024","alive","1","C16","cold",8.06666660308838,8.65000057220459,38.7892379760742,495.866271972656,20.6000003814697,-1.70000004768372,22.3000011444092,2.06666660308838,14.216667175293,14.216667175293,2.06666660308838,1436,161,66,26.7405071258545,466,241,241,466,1436.73229980469
"S11T02P10",11,2,"0/05/2023","BRY","pauciflora","Falls Creek/Bogong",147.2949949,-36.71321879,"5/1/2024","alive","2","C3","cold",8.06666660308838,8.65000057220459,38.7892379760742,495.866271972656,20.6000003814697,-1.70000004768372,22.3000011444092,2.06666660308838,14.216667175293,14.216667175293,2.06666660308838,1436,161,66,26.7405071258545,466,241,241,466,1436.73229980469
"S11T02P12",11,2,"0/05/2023","BRY","pauciflora","Falls Creek/Bogong",147.2949949,-36.71321879,"5/1/2024","alive","3","D13","cold",8.06666660308838,8.65000057220459,38.7892379760742,495.866271972656,20.6000003814697,-1.70000004768372,22.3000011444092,2.06666660308838,14.216667175293,14.216667175293,2.06666660308838,1436,161,66,26.7405071258545,466,241,241,466,1436.73229980469
"S11T02P14",11,2,"0/05/2023","BRY","pauciflora","Falls Creek/Bogong",147.2949949,-36.71321879,"5/1/2024","alive","5","A12","cold",8.06666660308838,8.65000057220459,38.7892379760742,495.866271972656,20.6000003814697,-1.70000004768372,22.3000011444092,2.06666660308838,14.216667175293,14.216667175293,2.06666660308838,1436,161,66,26.7405071258545,466,241,241,466,1436.73229980469
"S11T02P15",11,2,"0/05/2023","BRY","pauciflora","Falls Creek/Bogong",147.2949949,-36.71321879,"5/1/2024","alive","4","D7","cold",8.06666660308838,8.65000057220459,38.7892379760742,495.866271972656,20.6000003814697,-1.70000004768372,22.3000011444092,2.06666660308838,14.216667175293,14.216667175293,2.06666660308838,1436,161,66,26.7405071258545,466,241,241,466,1436.73229980469
"S11T03P01",11,3,"0/05/2023","BRY","pauciflora","Falls Creek/Bogong",147.2869775,-36.76922593,"5/8/2024","alive","1","G13","cold",7.32499980926514,8.26666641235352,37.575756072998,501.450164794922,19.7000007629395,-2.29999995231628,22,1.23333334922791,13.533332824707,13.533332824707,1.23333334922791,1470,173,70,25.3304977416992,470,254,254,470,1518.2587890625
"S11T03P04",11,3,"0/05/2023","BRY","pauciflora","Falls Creek/Bogong",147.2869775,-36.76922593,"5/8/2024","alive","4","E2","cold",7.32499980926514,8.26666641235352,37.575756072998,501.450164794922,19.7000007629395,-2.29999995231628,22,1.23333334922791,13.533332824707,13.533332824707,1.23333334922791,1470,173,70,25.3304977416992,470,254,254,470,1518.2587890625
"S11T03P05",11,3,"0/05/2023","BRY","pauciflora","Falls Creek/Bogong",147.2869775,-36.76922593,"5/8/2024","alive","5","B4","cold",7.32499980926514,8.26666641235352,37.575756072998,501.450164794922,19.7000007629395,-2.29999995231628,22,1.23333334922791,13.533332824707,13.533332824707,1.23333334922791,1470,173,70,25.3304977416992,470,254,254,470,1518.2587890625
"S11T03P06",11,3,"0/05/2023","BRY","pauciflora","Falls Creek/Bogong",147.2869775,-36.76922593,"5/8/2024","alive","2","E14","cold",7.32499980926514,8.26666641235352,37.575756072998,501.450164794922,19.7000007629395,-2.29999995231628,22,1.23333334922791,13.533332824707,13.533332824707,1.23333334922791,1470,173,70,25.3304977416992,470,254,254,470,1518.2587890625
"S11T03P07",11,3,"0/05/2023","BRY","pauciflora","Falls Creek/Bogong",147.2869775,-36.76922593,"5/8/2024","alive","3","F5","cold",7.32499980926514,8.26666641235352,37.575756072998,501.450164794922,19.7000007629395,-2.29999995231628,22,1.23333334922791,13.533332824707,13.533332824707,1.23333334922791,1470,173,70,25.3304977416992,470,254,254,470,1518.2587890625
"S11T04P02",11,4,"0/05/2023","BRY","pauciflora","Falls Creek/Bogong",147.3110202,-36.71336842,"5/7/2024","alive","4","E15","cold",7.59583330154419,8.2083330154419,37.652904510498,495.701782226562,19.8999996185303,-1.89999997615814,21.7999992370605,1.61666667461395,13.7666664123535,13.7666664123535,1.61666667461395,1515,171,71,25.3477573394775,483,259,259,483,1489.41674804688
"S11T04P04",11,4,"0/05/2023","BRY","pauciflora","Falls Creek/Bogong",147.3110202,-36.71336842,"5/7/2024","alive","2","B8","cold",7.59583330154419,8.2083330154419,37.652904510498,495.701782226562,19.8999996185303,-1.89999997615814,21.7999992370605,1.61666667461395,13.7666664123535,13.7666664123535,1.61666667461395,1515,171,71,25.3477573394775,483,259,259,483,1489.41674804688
"S11T04P12",11,4,"0/05/2023","BRY","pauciflora","Falls Creek/Bogong",147.3110202,-36.71336842,"5/7/2024","alive","5","A13","cold",7.59583330154419,8.2083330154419,37.652904510498,495.701782226562,19.8999996185303,-1.89999997615814,21.7999992370605,1.61666667461395,13.7666664123535,13.7666664123535,1.61666667461395,1515,171,71,25.3477573394775,483,259,259,483,1489.41674804688
"S11T04P17",11,4,"0/05/2023","BRY","pauciflora","Falls Creek/Bogong",147.3110202,-36.71336842,"5/7/2024","alive","3","D1","cold",7.59583330154419,8.2083330154419,37.652904510498,495.701782226562,19.8999996185303,-1.89999997615814,21.7999992370605,1.61666667461395,13.7666664123535,13.7666664123535,1.61666667461395,1515,171,71,25.3477573394775,483,259,259,483,1489.41674804688
"S11T04P22",11,4,"0/05/2023","BRY","pauciflora","Falls Creek/Bogong",147.3110202,-36.71336842,"5/14/2024","alive","1","F9","cold",7.59583330154419,8.2083330154419,37.652904510498,495.701782226562,19.8999996185303,-1.89999997615814,21.7999992370605,1.61666667461395,13.7666664123535,13.7666664123535,1.61666667461395,1515,171,71,25.3477573394775,483,259,259,483,1489.41674804688
"S11T05P03",11,5,"0/05/2023","BRY","pauciflora","Falls Creek/Bogong",147.2884346,-36.76779888,"5/8/2024","alive","3","F9","cold",7.32499980926514,8.26666641235352,37.575756072998,501.450164794922,19.7000007629395,-2.29999995231628,22,1.23333334922791,13.533332824707,13.533332824707,1.23333334922791,1470,173,70,25.3304977416992,470,254,254,470,1511.43395996094
"S11T05P04",11,5,"0/05/2023","BRY","pauciflora","Falls Creek/Bogong",147.2884346,-36.76779888,"5/8/2024","alive","2","D11","cold",7.32499980926514,8.26666641235352,37.575756072998,501.450164794922,19.7000007629395,-2.29999995231628,22,1.23333334922791,13.533332824707,13.533332824707,1.23333334922791,1470,173,70,25.3304977416992,470,254,254,470,1511.43395996094
"S12T01P01",12,1,"5/29/2020","MON","pauciflora","Armidale",151.720225,-30.33013238,"5/13/2024","alive","4","B15","cold",12.0041666030884,11.3416662216187,46.8663902282715,482.952362060547,24.3999996185303,0.200000002980232,24.1999988555908,17.7333335876465,5.80000019073486,17.7333335876465,5.80000019073486,859,118,44,34.826587677002,320,146,320,146,1273.12524414062
"S12T02P01",12,2,"5/29/2020","MON","pauciflora","Armidale",151.7505972,-30.34999098,"5/8/2024","alive","4","D6","cold",12.283332824707,11.5500001907349,47.3360633850098,483.050598144531,24.7000007629395,0.300000011920929,24.4000015258789,18.0166664123535,6.06666660308838,18.0166664123535,6.06666660308838,845,119,41,36.8704605102539,321,135,321,135,1229.76293945312
"S12T03P01",12,3,"5/29/2020","MON","pauciflora","Armidale",151.7523055,-30.18836987,"5/6/2024","alive","2","B16","cold",11.8249998092651,11.8500003814697,48.5655708312988,478.351806640625,24.2000007629395,-0.200000002980232,24.4000015258789,17.5,5.68333339691162,17.5,5.68333339691162,921,131,47,35.875316619873,348,151,348,151,1324.30590820312
"S12T03P02",12,3,"5/29/2020","MON","pauciflora","Armidale",151.7523055,-30.18836987,"5/6/2024","alive","3","F3","cold",11.8249998092651,11.8500003814697,48.5655708312988,478.351806640625,24.2000007629395,-0.200000002980232,24.4000015258789,17.5,5.68333339691162,17.5,5.68333339691162,921,131,47,35.875316619873,348,151,348,151,1324.30590820312
"S12T03P04",12,3,"5/29/2020","MON","pauciflora","Armidale",151.7523055,-30.18836987,"5/6/2024","alive","4","F6","cold",11.8249998092651,11.8500003814697,48.5655708312988,478.351806640625,24.2000007629395,-0.200000002980232,24.4000015258789,17.5,5.68333339691162,17.5,5.68333339691162,921,131,47,35.875316619873,348,151,348,151,1324.30590820312
"S12T04P02",12,4,"5/29/2020","MON","pauciflora","Armidale",151.798809,-30.17882736,"5/8/2024","alive","1","G7","cold",11.5249996185303,11.1166667938232,46.9057655334473,472.894866943359,23.6000003814697,-0.100000001490116,23.7000007629395,17.1333332061768,5.44999980926514,17.1333332061768,5.44999980926514,940,136,47,37.1730575561523,361,152,361,152,1354.50354003906
"S12T04P03",12,4,"5/29/2020","MON","pauciflora","Armidale",151.798809,-30.17882736,"5/8/2024","alive","3","G5","cold",11.5249996185303,11.1166667938232,46.9057655334473,472.894866943359,23.6000003814697,-0.100000001490116,23.7000007629395,17.1333332061768,5.44999980926514,17.1333332061768,5.44999980926514,940,136,47,37.1730575561523,361,152,361,152,1354.50354003906
"S12T04P05",12,4,"5/29/2020","MON","pauciflora","Armidale",151.798809,-30.17882736,"5/8/2024","alive","5","F9","cold",11.5249996185303,11.1166667938232,46.9057655334473,472.894866943359,23.6000003814697,-0.100000001490116,23.7000007629395,17.1333332061768,5.44999980926514,17.1333332061768,5.44999980926514,940,136,47,37.1730575561523,361,152,361,152,1354.50354003906
"S12T04P08",12,4,"5/29/2020","MON","pauciflora","Armidale",151.798809,-30.17882736,"5/8/2024","alive","2","F14","cold",11.5249996185303,11.1166667938232,46.9057655334473,472.894866943359,23.6000003814697,-0.100000001490116,23.7000007629395,17.1333332061768,5.44999980926514,17.1333332061768,5.44999980926514,940,136,47,37.1730575561523,361,152,361,152,1354.50354003906
"S12T05P02",12,5,"5/29/2020","MON","pauciflora","Armidale",151.8763137,-30.13955858,"5/13/2024","alive","1","F4","cold",11.7624998092651,10.6416664123535,46.4701614379883,461.770935058594,23.2999992370605,0.400000005960464,22.8999996185303,17.2333335876465,5.81666660308838,17.2333335876465,5.81666660308838,954,143,43,40.359203338623,377,141,377,141,1324.46252441406
"S12T05P03",12,5,"5/29/2020","MON","pauciflora","Armidale",151.8763137,-30.13955858,"5/13/2024","alive","3","D3","cold",11.7624998092651,10.6416664123535,46.4701614379883,461.770935058594,23.2999992370605,0.400000005960464,22.8999996185303,17.2333335876465,5.81666660308838,17.2333335876465,5.81666660308838,954,143,43,40.359203338623,377,141,377,141,1324.46252441406
"S12T05P09",12,5,"5/29/2020","MON","pauciflora","Armidale",151.8763137,-30.13955858,"5/13/2024","alive","2","E6","cold",11.7624998092651,10.6416664123535,46.4701614379883,461.770935058594,23.2999992370605,0.400000005960464,22.8999996185303,17.2333335876465,5.81666660308838,17.2333335876465,5.81666660308838,954,143,43,40.359203338623,377,141,377,141,1324.46252441406
"S12T05P10",12,5,"5/29/2020","MON","pauciflora","Armidale",151.8763137,-30.13955858,"5/13/2024","alive","4","F16","cold",11.7624998092651,10.6416664123535,46.4701614379883,461.770935058594,23.2999992370605,0.400000005960464,22.8999996185303,17.2333335876465,5.81666660308838,17.2333335876465,5.81666660308838,954,143,43,40.359203338623,377,141,377,141,1324.46252441406
"S12T05P12",12,5,"5/29/2020","MON","pauciflora","Armidale",151.8763137,-30.13955858,"5/13/2024","alive","5","C11","cold",11.7624998092651,10.6416664123535,46.4701614379883,461.770935058594,23.2999992370605,0.400000005960464,22.8999996185303,17.2333335876465,5.81666660308838,17.2333335876465,5.81666660308838,954,143,43,40.359203338623,377,141,377,141,1324.46252441406
"S12T06P04",12,6,"5/30/2020","MON","pauciflora","Armidale",151.9918547,-30.51419373,"5/6/2024","alive","5","F13","cold",13.4499998092651,12.0333337783813,48.7179489135742,468.493713378906,25.7000007629395,1,24.7000007629395,19.0166664123535,7.38333320617676,19.0166664123535,7.38333320617676,842,126,30,42.833927154541,335,114,335,114,996.149841308594
"S12T06P05",12,6,"5/30/2020","MON","pauciflora","Armidale",151.9918547,-30.51419373,"5/6/2024","alive","3","F11","cold",13.4499998092651,12.0333337783813,48.7179489135742,468.493713378906,25.7000007629395,1,24.7000007629395,19.0166664123535,7.38333320617676,19.0166664123535,7.38333320617676,842,126,30,42.833927154541,335,114,335,114,996.149841308594
"S12T06P13",12,6,"5/30/2020","MON","pauciflora","Armidale",151.9918547,-30.51419373,"5/6/2024","alive","4","D3","cold",13.4499998092651,12.0333337783813,48.7179489135742,468.493713378906,25.7000007629395,1,24.7000007629395,19.0166664123535,7.38333320617676,19.0166664123535,7.38333320617676,842,126,30,42.833927154541,335,114,335,114,996.149841308594
"S12T06P14",12,6,"5/30/2020","MON","pauciflora","Armidale",151.9918547,-30.51419373,"5/6/2024","alive","2","A9","cold",13.4499998092651,12.0333337783813,48.7179489135742,468.493713378906,25.7000007629395,1,24.7000007629395,19.0166664123535,7.38333320617676,19.0166664123535,7.38333320617676,842,126,30,42.833927154541,335,114,335,114,996.149841308594
"S12T06P15",12,6,"5/30/2020","MON","pauciflora","Armidale",151.9918547,-30.51419373,"5/6/2024","alive","1","B8","cold",13.4499998092651,12.0333337783813,48.7179489135742,468.493713378906,25.7000007629395,1,24.7000007629395,19.0166664123535,7.38333320617676,19.0166664123535,7.38333320617676,842,126,30,42.833927154541,335,114,335,114,996.149841308594
"S12T07P01",12,7,"5/30/2020","MON","pauciflora","Armidale",151.5484831,-30.67975987,"5/7/2024","alive","4","A2","cold",13.0958337783813,13.3083333969116,50.2201271057129,500.724304199219,26.3999996185303,-0.100000001490116,26.5,17.9500007629395,10.25,19.0666675567627,6.66666650772095,797,112,44,33.2248725891113,291,141,290,141,1041.24426269531
"S12T08P02",12,8,"5/30/2020","MON","pauciflora","Armidale",152.3083337,-30.41768867,"5/8/2024","alive","1","C10","cold",11.5541667938232,9.80833339691162,45.1996955871582,445.637725830078,22.3999996185303,0.699999988079071,21.6999988555908,16.8166675567627,6.65000009536743,16.8166675567627,5.81666660308838,1139,164,35,41.956714630127,439,144,439,160,1281.62426757812
"S12T08P03",12,8,"5/30/2020","MON","pauciflora","Armidale",152.3083337,-30.41768867,"5/8/2024","alive","5","D4","cold",11.5541667938232,9.80833339691162,45.1996955871582,445.637725830078,22.3999996185303,0.699999988079071,21.6999988555908,16.8166675567627,6.65000009536743,16.8166675567627,5.81666660308838,1139,164,35,41.956714630127,439,144,439,160,1281.62426757812
"S12T08P04",12,8,"5/30/2020","MON","pauciflora","Armidale",152.3083337,-30.41768867,"5/8/2024","alive","5","A16","cold",11.5541667938232,9.80833339691162,45.1996955871582,445.637725830078,22.3999996185303,0.699999988079071,21.6999988555908,16.8166675567627,6.65000009536743,16.8166675567627,5.81666660308838,1139,164,35,41.956714630127,439,144,439,160,1281.62426757812
"S12T09P02",12,9,"5/31/2020","MON","pauciflora","Armidale",151.5323479,-30.55632952,"5/8/2024","alive","5","G7","cold",13.3625001907349,13.0416669845581,49.4002532958984,503.474884033203,26.6000003814697,0.200000002980232,26.3999996185303,18.216667175293,10.5166664123535,19.3333339691162,6.88333320617676,779,108,43,33.665454864502,288,135,284,139,1033.09948730469
"S12T09P04",12,9,"5/31/2020","MON","pauciflora","Armidale",151.5323479,-30.55632952,"5/8/2024","alive","3","C16","cold",13.3625001907349,13.0416669845581,49.4002532958984,503.474884033203,26.6000003814697,0.200000002980232,26.3999996185303,18.216667175293,10.5166664123535,19.3333339691162,6.88333320617676,779,108,43,33.665454864502,288,135,284,139,1033.09948730469
"S12T09P05",12,9,"5/31/2020","MON","pauciflora","Armidale",151.5323479,-30.55632952,"5/8/2024","alive","2","D7","cold",13.3625001907349,13.0416669845581,49.4002532958984,503.474884033203,26.6000003814697,0.200000002980232,26.3999996185303,18.216667175293,10.5166664123535,19.3333339691162,6.88333320617676,779,108,43,33.665454864502,288,135,284,139,1033.09948730469
"S12T10P01",12,10,"6/2/2020","MON","pauciflora","Armidale",151.5809935,-30.96356189,"5/13/2024","alive","5","F2","cold",12.7208337783813,13.5249996185303,51.0377349853516,495.724700927734,26.1000003814697,-0.400000005960464,26.5,18.6499996185303,6.36666679382324,18.6499996185303,6.36666679382324,825,118,45,33.4566078186035,301,147,301,147,1078.83056640625
"S12T10P02",12,10,"6/2/2020","MON","pauciflora","Armidale",151.5809935,-30.96356189,"5/13/2024","alive","2","D1","cold",12.7208337783813,13.5249996185303,51.0377349853516,495.724700927734,26.1000003814697,-0.400000005960464,26.5,18.6499996185303,6.36666679382324,18.6499996185303,6.36666679382324,825,118,45,33.4566078186035,301,147,301,147,1078.83056640625
"S12T10P05",12,10,"6/2/2020","MON","pauciflora","Armidale",151.5809935,-30.96356189,"5/13/2024","alive","1","B6","cold",12.7208337783813,13.5249996185303,51.0377349853516,495.724700927734,26.1000003814697,-0.400000005960464,26.5,18.6499996185303,6.36666679382324,18.6499996185303,6.36666679382324,825,118,45,33.4566078186035,301,147,301,147,1078.83056640625
"S12T10P12",12,10,"6/2/2020","MON","pauciflora","Armidale",151.5809935,-30.96356189,"5/13/2024","alive","1","D14","cold",12.7208337783813,13.5249996185303,51.0377349853516,495.724700927734,26.1000003814697,-0.400000005960464,26.5,18.6499996185303,6.36666679382324,18.6499996185303,6.36666679382324,825,118,45,33.4566078186035,301,147,301,147,1078.83056640625
"S12T10P13",12,10,"6/2/2020","MON","pauciflora","Armidale",151.5809935,-30.96356189,"5/13/2024","alive","4","A5","cold",12.7208337783813,13.5249996185303,51.0377349853516,495.724700927734,26.1000003814697,-0.400000005960464,26.5,18.6499996185303,6.36666679382324,18.6499996185303,6.36666679382324,825,118,45,33.4566078186035,301,147,301,147,1078.83056640625
"S12T10P15",12,10,"6/2/2020","MON","pauciflora","Armidale",151.5809935,-30.96356189,"5/13/2024","alive","3","F16","cold",12.7208337783813,13.5249996185303,51.0377349853516,495.724700927734,26.1000003814697,-0.400000005960464,26.5,18.6499996185303,6.36666679382324,18.6499996185303,6.36666679382324,825,118,45,33.4566078186035,301,147,301,147,1078.83056640625
"S13T01P02",13,1,"7/1/2020","MON","pauciflora","Goulburn",149.2904396,-34.49597904,"5/8/2024","alive","1","B5","cold",12.2708330154419,12.4916667938232,46.6106986999512,529.345458984375,26.7999992370605,0,26.7999992370605,8.78333377838135,16.3666667938232,18.8500003814697,5.76666641235352,778,81,47,18.1336269378662,237,150,176,218,851.911804199219
"S13T02P03",13,2,"7/1/2020","MON","pauciflora","Goulburn",149.335594,-34.37183799,"5/8/2024","alive","2","D10","cold",12.7041664123535,12.7416667938232,47.5435333251953,522.804748535156,27,0.200000002980232,26.7999992370605,9.30000019073486,16.783332824707,19.1666660308838,6.26666641235352,765,78,49,16.8811836242676,229,151,181,209,760.426147460938
"S13T02P05",13,2,"7/1/2020","MON","pauciflora","Goulburn",149.335594,-34.37183799,"5/8/2024","alive","1","C3","cold",12.7041664123535,12.7416667938232,47.5435333251953,522.804748535156,27,0.200000002980232,26.7999992370605,9.30000019073486,16.783332824707,19.1666660308838,6.26666641235352,765,78,49,16.8811836242676,229,151,181,209,760.426147460938
"S13T02P06",13,2,"7/1/2020","MON","pauciflora","Goulburn",149.335594,-34.37183799,"5/8/2024","alive","3","A6","cold",12.7041664123535,12.7416667938232,47.5435333251953,522.804748535156,27,0.200000002980232,26.7999992370605,9.30000019073486,16.783332824707,19.1666660308838,6.26666641235352,765,78,49,16.8811836242676,229,151,181,209,760.426147460938
"S13T02P07",13,2,"7/1/2020","MON","pauciflora","Goulburn",149.335594,-34.37183799,"5/8/2024","alive","1","E10","cold",12.7041664123535,12.7416667938232,47.5435333251953,522.804748535156,27,0.200000002980232,26.7999992370605,9.30000019073486,16.783332824707,19.1666660308838,6.26666641235352,765,78,49,16.8811836242676,229,151,181,209,760.426147460938
"S13T03P04",13,3,"7/1/2020","MON","pauciflora","Goulburn",149.3682872,-34.44282635,"5/13/2024","alive","3","A12","cold",11.9708337783813,12.4083337783813,47.0012626647949,519.140258789062,26.2000007629395,-0.200000002980232,26.4000015258789,8.5833330154419,16.033332824707,18.3833332061768,5.58333349227905,784,81,49,17.3719024658203,237,153,180,218,885.347961425781
"S13T03P05",13,3,"7/1/2020","MON","pauciflora","Goulburn",149.3682872,-34.44282635,"5/13/2024","alive","1","G16","cold",11.9708337783813,12.4083337783813,47.0012626647949,519.140258789062,26.2000007629395,-0.200000002980232,26.4000015258789,8.5833330154419,16.033332824707,18.3833332061768,5.58333349227905,784,81,49,17.3719024658203,237,153,180,218,885.347961425781
"S13T04P03",13,4,"7/2/2020","MON","pauciflora","Goulburn",149.4033473,-34.51707128,"5/13/2024","alive","2","F7","cold",11.7666664123535,12.2833337783813,46.7046890258789,518.245849609375,26,-0.300000011920929,26.2999992370605,8.38333320617676,15.783332824707,18.216667175293,5.41666698455811,778,80,48,17.20774269104,235,153,179,216,917.8173828125
"S13T04P04",13,4,"7/2/2020","MON","pauciflora","Goulburn",149.4033473,-34.51707128,"5/13/2024","alive","2","F3","cold",11.7666664123535,12.2833337783813,46.7046890258789,518.245849609375,26,-0.300000011920929,26.2999992370605,8.38333320617676,15.783332824707,18.216667175293,5.41666698455811,778,80,48,17.20774269104,235,153,179,216,917.8173828125
"S13T04P05",13,4,"7/2/2020","MON","pauciflora","Goulburn",149.4033473,-34.51707128,"5/13/2024","alive","5","F11","cold",11.7666664123535,12.2833337783813,46.7046890258789,518.245849609375,26,-0.300000011920929,26.2999992370605,8.38333320617676,15.783332824707,18.216667175293,5.41666698455811,778,80,48,17.20774269104,235,153,179,216,917.8173828125
"S13T04P06",13,4,"7/2/2020","MON","pauciflora","Goulburn",149.4033473,-34.51707128,"5/13/2024","alive","4","A4","cold",11.7666664123535,12.2833337783813,46.7046890258789,518.245849609375,26,-0.300000011920929,26.2999992370605,8.38333320617676,15.783332824707,18.216667175293,5.41666698455811,778,80,48,17.20774269104,235,153,179,216,917.8173828125
"S13T05P07",13,5,"7/2/2020","MON","pauciflora","Goulburn",149.5035819,-34.43456833,"5/3/2024","alive","1","E12","cold",11.5583333969116,12.2833337783813,47.0625801086426,513.804138183594,25.7000007629395,-0.400000005960464,26.1000003814697,8.25,15.5,17.9333343505859,5.21666669845581,808,80,55,14.1103601455688,234,168,193,218,934.766418457031
"S13T05P09",13,5,"7/2/2020","MON","pauciflora","Goulburn",149.5035819,-34.43456833,"5/3/2024","alive","2","C8","cold",11.5583333969116,12.2833337783813,47.0625801086426,513.804138183594,25.7000007629395,-0.400000005960464,26.1000003814697,8.25,15.5,17.9333343505859,5.21666669845581,808,80,55,14.1103601455688,234,168,193,218,934.766418457031
"S13T05P13",13,5,"7/2/2020","MON","pauciflora","Goulburn",149.5035819,-34.43456833,"5/3/2024","alive","5","C15","cold",11.5583333969116,12.2833337783813,47.0625801086426,513.804138183594,25.7000007629395,-0.400000005960464,26.1000003814697,8.25,15.5,17.9333343505859,5.21666669845581,808,80,55,14.1103601455688,234,168,193,218,934.766418457031
"S13T05P15",13,5,"7/2/2020","MON","pauciflora","Goulburn",149.5035819,-34.43456833,"5/3/2024","alive","4","A11","cold",11.5583333969116,12.2833337783813,47.0625801086426,513.804138183594,25.7000007629395,-0.400000005960464,26.1000003814697,8.25,15.5,17.9333343505859,5.21666669845581,808,80,55,14.1103601455688,234,168,193,218,934.766418457031
"S13T05P19",13,5,"7/2/2020","MON","pauciflora","Goulburn",149.5035819,-34.43456833,"5/3/2024","alive","3","F13","cold",11.5583333969116,12.2833337783813,47.0625801086426,513.804138183594,25.7000007629395,-0.400000005960464,26.1000003814697,8.25,15.5,17.9333343505859,5.21666669845581,808,80,55,14.1103601455688,234,168,193,218,934.766418457031
"S13T06P03",13,6,"7/2/2020","MON","pauciflora","Goulburn",149.5468598,-34.36981226,"5/2/2024","alive","5","A3","cold",12,12.7166662216187,47.9874229431152,512.498352050781,26.2999992370605,-0.200000002980232,26.5,8.73333358764648,15.8999996185303,18.3666667938232,5.68333339691162,776,79,55,13.6103963851929,220,165,192,199,861.792175292969
"S13T06P05",13,6,"7/2/2020","MON","pauciflora","Goulburn",149.5468598,-34.36981226,"5/2/2024","alive","4","B5","cold",12,12.7166662216187,47.9874229431152,512.498352050781,26.2999992370605,-0.200000002980232,26.5,8.73333358764648,15.8999996185303,18.3666667938232,5.68333339691162,776,79,55,13.6103963851929,220,165,192,199,861.792175292969
"S13T06P07",13,6,"7/2/2020","MON","pauciflora","Goulburn",149.5468598,-34.36981226,"5/2/2024","alive","3","B6","cold",12,12.7166662216187,47.9874229431152,512.498352050781,26.2999992370605,-0.200000002980232,26.5,8.73333358764648,15.8999996185303,18.3666667938232,5.68333339691162,776,79,55,13.6103963851929,220,165,192,199,861.792175292969
"S13T06P08",13,6,"7/2/2020","MON","pauciflora","Goulburn",149.5468598,-34.36981226,"5/2/2024","alive","2","F15","cold",12,12.7166662216187,47.9874229431152,512.498352050781,26.2999992370605,-0.200000002980232,26.5,8.73333358764648,15.8999996185303,18.3666667938232,5.68333339691162,776,79,55,13.6103963851929,220,165,192,199,861.792175292969
"S13T06P09",13,6,"7/2/2020","MON","pauciflora","Goulburn",149.5468598,-34.36981226,"5/2/2024","alive","1","E9","cold",12,12.7166662216187,47.9874229431152,512.498352050781,26.2999992370605,-0.200000002980232,26.5,8.73333358764648,15.8999996185303,18.3666667938232,5.68333339691162,776,79,55,13.6103963851929,220,165,192,199,861.792175292969
"S13T06P11",13,6,"7/2/2020","MON","pauciflora","Goulburn",149.5468598,-34.36981226,"5/3/2024","alive","4","G14","cold",12,12.7166662216187,47.9874229431152,512.498352050781,26.2999992370605,-0.200000002980232,26.5,8.73333358764648,15.8999996185303,18.3666667938232,5.68333339691162,776,79,55,13.6103963851929,220,165,192,199,861.792175292969
"S13T07P01",13,7,"7/2/2020","MON","pauciflora","Goulburn",149.6971203,-34.31560506,"5/8/2024","alive","5","E16","cold",12.1041669845581,12.4916667938232,47.6781158447266,511.301635742188,26.2000007629395,0,26.2000007629395,16.8666667938232,9.21666717529297,18.4166660308838,5.76666641235352,808,86,60,11.0807971954346,221,181,213,195,878.23974609375
"S13T08P01",13,8,"7/2/2020","MON","pauciflora","Goulburn",149.7442948,-34.34887261,"5/13/2024","alive","2","F11","cold",11.6833333969116,12.216667175293,47.5356674194336,501.168334960938,25.5,-0.200000002980232,25.7000007629395,17.5833339691162,8.86666679382324,17.8500003814697,5.4500002861023,868,90,65,9.73541831970215,234,201,225,207,925.079406738281
"S13T08P04",13,8,"7/2/2020","MON","pauciflora","Goulburn",149.7442948,-34.34887261,"5/13/2024","alive","3","F2","cold",11.6833333969116,12.216667175293,47.5356674194336,501.168334960938,25.5,-0.200000002980232,25.7000007629395,17.5833339691162,8.86666679382324,17.8500003814697,5.4500002861023,868,90,65,9.73541831970215,234,201,225,207,925.079406738281
"S13T08P06",13,8,"7/2/2020","MON","pauciflora","Goulburn",149.7442948,-34.34887261,"5/13/2024","alive","5","D11","cold",11.6833333969116,12.216667175293,47.5356674194336,501.168334960938,25.5,-0.200000002980232,25.7000007629395,17.5833339691162,8.86666679382324,17.8500003814697,5.4500002861023,868,90,65,9.73541831970215,234,201,225,207,925.079406738281
"S13T08P07",13,8,"7/2/2020","MON","pauciflora","Goulburn",149.7442948,-34.34887261,"5/13/2024","alive","4","F8","cold",11.6833333969116,12.216667175293,47.5356674194336,501.168334960938,25.5,-0.200000002980232,25.7000007629395,17.5833339691162,8.86666679382324,17.8500003814697,5.4500002861023,868,90,65,9.73541831970215,234,201,225,207,925.079406738281
"S13T08P08",13,8,"7/2/2020","MON","pauciflora","Goulburn",149.7442948,-34.34887261,"5/13/2024","alive","1","G9","cold",11.6833333969116,12.216667175293,47.5356674194336,501.168334960938,25.5,-0.200000002980232,25.7000007629395,17.5833339691162,8.86666679382324,17.8500003814697,5.4500002861023,868,90,65,9.73541831970215,234,201,225,207,925.079406738281
"S13T09P02",13,9,"7/2/2020","MON","pauciflora","Goulburn",149.7970744,-34.38220076,"5/14/2024","alive","2","D4","cold",11.8999996185303,12.25,47.8515625,495.112487792969,25.6000003814697,0,25.6000003814697,17.7000007629395,6.63333320617676,18,5.73333311080933,864,89,65,9.50864696502686,236,199,225,207,859.400085449219
"S13T09P07",13,9,"7/2/2020","MON","pauciflora","Goulburn",149.7970744,-34.38220076,"5/14/2024","alive","5","G9","cold",11.8999996185303,12.25,47.8515625,495.112487792969,25.6000003814697,0,25.6000003814697,17.7000007629395,6.63333320617676,18,5.73333311080933,864,89,65,9.50864696502686,236,199,225,207,859.400085449219
"S13T09P12",13,9,"7/2/2020","MON","pauciflora","Goulburn",149.7970744,-34.38220076,"5/14/2024","alive","1","B2","cold",11.8999996185303,12.25,47.8515625,495.112487792969,25.6000003814697,0,25.6000003814697,17.7000007629395,6.63333320617676,18,5.73333311080933,864,89,65,9.50864696502686,236,199,225,207,859.400085449219
"S13T09P15",13,9,"7/2/2020","MON","pauciflora","Goulburn",149.7970744,-34.38220076,"5/14/2024","alive","4","B1","cold",11.8999996185303,12.25,47.8515625,495.112487792969,25.6000003814697,0,25.6000003814697,17.7000007629395,6.63333320617676,18,5.73333311080933,864,89,65,9.50864696502686,236,199,225,207,859.400085449219
"S13T09P21",13,9,"7/2/2020","MON","pauciflora","Goulburn",149.7970744,-34.38220076,"5/14/2024","alive","3","C7","cold",11.8999996185303,12.25,47.8515625,495.112487792969,25.6000003814697,0,25.6000003814697,17.7000007629395,6.63333320617676,18,5.73333311080933,864,89,65,9.50864696502686,236,199,225,207,859.400085449219
"S13T10P01",13,10,"7/2/2020","MON","pauciflora","Goulburn",149.8065881,-34.45721939,"5/7/2024","alive","5","F3","cold",11.9166669845581,12.1333332061768,47.5816955566406,492.984130859375,25.7000007629395,0.200000002980232,25.5,17.6833343505859,6.69999980926514,18,5.78333330154419,851,87,61,9.91168880462646,233,194,219,198,882.066650390625
"S13T10P03",13,10,"7/2/2020","MON","pauciflora","Goulburn",149.8065881,-34.45721939,"5/7/2024","alive","4","F10","cold",11.9166669845581,12.1333332061768,47.5816955566406,492.984130859375,25.7000007629395,0.200000002980232,25.5,17.6833343505859,6.69999980926514,18,5.78333330154419,851,87,61,9.91168880462646,233,194,219,198,882.066650390625
"S13T10P07",13,10,"7/2/2020","MON","pauciflora","Goulburn",149.8065881,-34.45721939,"5/7/2024","alive","1","B13","cold",11.9166669845581,12.1333332061768,47.5816955566406,492.984130859375,25.7000007629395,0.200000002980232,25.5,17.6833343505859,6.69999980926514,18,5.78333330154419,851,87,61,9.91168880462646,233,194,219,198,882.066650390625
"S13T10P08",13,10,"7/2/2020","MON","pauciflora","Goulburn",149.8065881,-34.45721939,"5/7/2024","alive","2","B7","cold",11.9166669845581,12.1333332061768,47.5816955566406,492.984130859375,25.7000007629395,0.200000002980232,25.5,17.6833343505859,6.69999980926514,18,5.78333330154419,851,87,61,9.91168880462646,233,194,219,198,882.066650390625
"S13T10P09",13,10,"7/2/2020","MON","pauciflora","Goulburn",149.8065881,-34.45721939,"5/7/2024","alive","3","B14","cold",11.9166669845581,12.1333332061768,47.5816955566406,492.984130859375,25.7000007629395,0.200000002980232,25.5,17.6833343505859,6.69999980926514,18,5.78333330154419,851,87,61,9.91168880462646,233,194,219,198,882.066650390625
"S14T01P01",14,1,"2/13/2021","MON","pauciflora","Kosciuszko",148.659136,-36.195428,"5/2/2024","alive","5","F8","cold",9.35000038146973,12.3999996185303,46.6165428161621,508.044372558594,23.8999996185303,-2.70000004768372,26.6000003814697,8.71666622161865,13.283332824707,15.5833330154419,3.05000019073486,858,89,58,13.3275671005249,257,194,198,203,1208.89929199219
"S14T01P03",14,1,"2/13/2021","MON","pauciflora","Kosciuszko",148.659136,-36.195428,"5/2/2024","alive","2","F10","cold",9.35000038146973,12.3999996185303,46.6165428161621,508.044372558594,23.8999996185303,-2.70000004768372,26.6000003814697,8.71666622161865,13.283332824707,15.5833330154419,3.05000019073486,858,89,58,13.3275671005249,257,194,198,203,1208.89929199219
"S14T01P06",14,1,"2/13/2021","MON","pauciflora","Kosciuszko",148.659136,-36.195428,"5/2/2024","alive","1","G10","cold",9.35000038146973,12.3999996185303,46.6165428161621,508.044372558594,23.8999996185303,-2.70000004768372,26.6000003814697,8.71666622161865,13.283332824707,15.5833330154419,3.05000019073486,858,89,58,13.3275671005249,257,194,198,203,1208.89929199219
"S14T01P08",14,1,"2/13/2021","MON","pauciflora","Kosciuszko",148.659136,-36.195428,"5/2/2024","alive","3","E9","cold",9.35000038146973,12.3999996185303,46.6165428161621,508.044372558594,23.8999996185303,-2.70000004768372,26.6000003814697,8.71666622161865,13.283332824707,15.5833330154419,3.05000019073486,858,89,58,13.3275671005249,257,194,198,203,1208.89929199219
"S14T01P09",14,1,"2/13/2021","MON","pauciflora","Kosciuszko",148.659136,-36.195428,"5/2/2024","alive","4","C2","cold",9.35000038146973,12.3999996185303,46.6165428161621,508.044372558594,23.8999996185303,-2.70000004768372,26.6000003814697,8.71666622161865,13.283332824707,15.5833330154419,3.05000019073486,858,89,58,13.3275671005249,257,194,198,203,1208.89929199219
"S14T02P06",14,2,"2/13/2021","MON","pauciflora","Kosciuszko",148.645476,-36.187429,"5/8/2024","alive","3","B7","cold",9.56666660308838,12.5500001907349,47.1804504394531,508.126403808594,24.1000003814697,-2.5,26.6000003814697,8.93333339691162,4.34999990463257,15.8000001907349,3.28333330154419,814,84,56,13.6400537490845,244,180,192,191,1144.85620117188
"S14T02P07",14,2,"2/13/2021","MON","pauciflora","Kosciuszko",148.645476,-36.187429,"5/8/2024","alive","1","D10","cold",9.56666660308838,12.5500001907349,47.1804504394531,508.126403808594,24.1000003814697,-2.5,26.6000003814697,8.93333339691162,4.34999990463257,15.8000001907349,3.28333330154419,814,84,56,13.6400537490845,244,180,192,191,1144.85620117188
"S14T02P08",14,2,"2/13/2021","MON","pauciflora","Kosciuszko",148.645476,-36.187429,"5/8/2024","alive","2","C6","cold",9.56666660308838,12.5500001907349,47.1804504394531,508.126403808594,24.1000003814697,-2.5,26.6000003814697,8.93333339691162,4.34999990463257,15.8000001907349,3.28333330154419,814,84,56,13.6400537490845,244,180,192,191,1144.85620117188
"S14T02P09",14,2,"2/13/2021","MON","pauciflora","Kosciuszko",148.645476,-36.187429,"5/8/2024","alive","4","D14","cold",9.56666660308838,12.5500001907349,47.1804504394531,508.126403808594,24.1000003814697,-2.5,26.6000003814697,8.93333339691162,4.34999990463257,15.8000001907349,3.28333330154419,814,84,56,13.6400537490845,244,180,192,191,1144.85620117188
"S14T02P10",14,2,"2/13/2021","MON","pauciflora","Kosciuszko",148.645476,-36.187429,"5/8/2024","alive","5","F16","cold",9.56666660308838,12.5500001907349,47.1804504394531,508.126403808594,24.1000003814697,-2.5,26.6000003814697,8.93333339691162,4.34999990463257,15.8000001907349,3.28333330154419,814,84,56,13.6400537490845,244,180,192,191,1144.85620117188
"S14T02P13",14,2,"2/13/2021","MON","pauciflora","Kosciuszko",148.645476,-36.187429,"5/8/2024","alive","1","B14","cold",9.56666660308838,12.5500001907349,47.1804504394531,508.126403808594,24.1000003814697,-2.5,26.6000003814697,8.93333339691162,4.34999990463257,15.8000001907349,3.28333330154419,814,84,56,13.6400537490845,244,180,192,191,1144.85620117188
"S14T02P14",14,2,"2/13/2021","MON","pauciflora","Kosciuszko",148.645476,-36.187429,"5/8/2024","alive","3","G10","cold",9.56666660308838,12.5500001907349,47.1804504394531,508.126403808594,24.1000003814697,-2.5,26.6000003814697,8.93333339691162,4.34999990463257,15.8000001907349,3.28333330154419,814,84,56,13.6400537490845,244,180,192,191,1144.85620117188
"S14T03P02",14,3,"2/14/2021","MON","pauciflora","Kosciuszko",148.607773,-36.196721,"5/8/2024","alive","3","D7","cold",8.75,10.966667175293,44.2204322814941,501.479644775391,22.2999992370605,-2.5,24.7999992370605,8.0833330154419,14.8166666030884,14.8666667938232,2.54999995231628,1064,112,66,13.8179807662964,316,228,230,269,1317.79016113281
"S14T03P07",14,3,"2/14/2021","MON","pauciflora","Kosciuszko",148.607773,-36.196721,"5/8/2024","alive","2","C15","cold",8.75,10.966667175293,44.2204322814941,501.479644775391,22.2999992370605,-2.5,24.7999992370605,8.0833330154419,14.8166666030884,14.8666667938232,2.54999995231628,1064,112,66,13.8179807662964,316,228,230,269,1317.79016113281
"S14T03P08",14,3,"2/14/2021","MON","pauciflora","Kosciuszko",148.607773,-36.196721,"5/8/2024","alive","2","F5","cold",8.75,10.966667175293,44.2204322814941,501.479644775391,22.2999992370605,-2.5,24.7999992370605,8.0833330154419,14.8166666030884,14.8666667938232,2.54999995231628,1064,112,66,13.8179807662964,316,228,230,269,1317.79016113281
"S14T03P10",14,3,"2/14/2021","MON","pauciflora","Kosciuszko",148.607773,-36.196721,"5/8/2024","alive","5","D5","cold",8.75,10.966667175293,44.2204322814941,501.479644775391,22.2999992370605,-2.5,24.7999992370605,8.0833330154419,14.8166666030884,14.8666667938232,2.54999995231628,1064,112,66,13.8179807662964,316,228,230,269,1317.79016113281
"S14T03P12",14,3,"2/14/2021","MON","pauciflora","Kosciuszko",148.607773,-36.196721,"5/8/2024","alive","4","E13","cold",8.75,10.966667175293,44.2204322814941,501.479644775391,22.2999992370605,-2.5,24.7999992370605,8.0833330154419,14.8166666030884,14.8666667938232,2.54999995231628,1064,112,66,13.8179807662964,316,228,230,269,1317.79016113281
"S14T03P13",14,3,"2/14/2021","MON","pauciflora","Kosciuszko",148.607773,-36.196721,"5/8/2024","alive","1","A13","cold",8.75,10.966667175293,44.2204322814941,501.479644775391,22.2999992370605,-2.5,24.7999992370605,8.0833330154419,14.8166666030884,14.8666667938232,2.54999995231628,1064,112,66,13.8179807662964,316,228,230,269,1317.79016113281
"S14T04P02",14,4,"2/14/2021","MON","pauciflora","Kosciuszko",148.614017,-36.190743,"5/7/2024","alive","1","G15","cold",9.20416641235352,11.625,45.5882339477539,503.277709960938,23.1000003814697,-2.40000009536743,25.5,8.56666660308838,13.1499996185303,15.3500003814697,2.96666669845581,926,96,60,13.2931938171387,276,203,210,226,1268.56896972656
"S14T04P06",14,4,"2/14/2021","MON","pauciflora","Kosciuszko",148.614017,-36.190743,"5/7/2024","alive","4","A14","cold",9.20416641235352,11.625,45.5882339477539,503.277709960938,23.1000003814697,-2.40000009536743,25.5,8.56666660308838,13.1499996185303,15.3500003814697,2.96666669845581,926,96,60,13.2931938171387,276,203,210,226,1268.56896972656
"S14T04P07",14,4,"2/14/2021","MON","pauciflora","Kosciuszko",148.614017,-36.190743,"5/7/2024","alive","2","E9","cold",9.20416641235352,11.625,45.5882339477539,503.277709960938,23.1000003814697,-2.40000009536743,25.5,8.56666660308838,13.1499996185303,15.3500003814697,2.96666669845581,926,96,60,13.2931938171387,276,203,210,226,1268.56896972656
"S14T04P10",14,4,"2/14/2021","MON","pauciflora","Kosciuszko",148.614017,-36.190743,"5/7/2024","alive","5","E6","cold",9.20416641235352,11.625,45.5882339477539,503.277709960938,23.1000003814697,-2.40000009536743,25.5,8.56666660308838,13.1499996185303,15.3500003814697,2.96666669845581,926,96,60,13.2931938171387,276,203,210,226,1268.56896972656
"S14T04P11",14,4,"2/14/2021","MON","pauciflora","Kosciuszko",148.614017,-36.190743,"5/7/2024","alive","3","C10","cold",9.20416641235352,11.625,45.5882339477539,503.277709960938,23.1000003814697,-2.40000009536743,25.5,8.56666660308838,13.1499996185303,15.3500003814697,2.96666669845581,926,96,60,13.2931938171387,276,203,210,226,1268.56896972656
"S14T05P01",14,5,"2/14/2021","MON","pauciflora","Kosciuszko",148.616095,-36.185657,"5/7/2024","alive","2","C13","cold",9.20416641235352,11.625,45.5882339477539,503.277709960938,23.1000003814697,-2.40000009536743,25.5,8.56666660308838,13.1499996185303,15.3500003814697,2.96666669845581,926,96,60,13.2931938171387,276,203,210,226,1211.25463867188
"S14T05P05",14,5,"2/14/2021","MON","pauciflora","Kosciuszko",148.616095,-36.185657,"5/7/2024","alive","1","E4","cold",9.20416641235352,11.625,45.5882339477539,503.277709960938,23.1000003814697,-2.40000009536743,25.5,8.56666660308838,13.1499996185303,15.3500003814697,2.96666669845581,926,96,60,13.2931938171387,276,203,210,226,1211.25463867188
"S14T05P06",14,5,"2/14/2021","MON","pauciflora","Kosciuszko",148.616095,-36.185657,"5/7/2024","alive","4","F11","cold",9.20416641235352,11.625,45.5882339477539,503.277709960938,23.1000003814697,-2.40000009536743,25.5,8.56666660308838,13.1499996185303,15.3500003814697,2.96666669845581,926,96,60,13.2931938171387,276,203,210,226,1211.25463867188
"S14T05P07",14,5,"2/14/2021","MON","pauciflora","Kosciuszko",148.616095,-36.185657,"5/7/2024","alive","3","E16","cold",9.20416641235352,11.625,45.5882339477539,503.277709960938,23.1000003814697,-2.40000009536743,25.5,8.56666660308838,13.1499996185303,15.3500003814697,2.96666669845581,926,96,60,13.2931938171387,276,203,210,226,1211.25463867188
"S14T05P10",14,5,"2/14/2021","MON","pauciflora","Kosciuszko",148.616095,-36.185657,"5/7/2024","alive","5","D14","cold",9.20416641235352,11.625,45.5882339477539,503.277709960938,23.1000003814697,-2.40000009536743,25.5,8.56666660308838,13.1499996185303,15.3500003814697,2.96666669845581,926,96,60,13.2931938171387,276,203,210,226,1211.25463867188
"S14T05P12",14,5,"2/14/2021","MON","pauciflora","Kosciuszko",148.616095,-36.185657,"5/7/2024","alive","1","D3","cold",9.20416641235352,11.625,45.5882339477539,503.277709960938,23.1000003814697,-2.40000009536743,25.5,8.56666660308838,13.1499996185303,15.3500003814697,2.96666669845581,926,96,60,13.2931938171387,276,203,210,226,1211.25463867188
"S14T06P04",14,6,"2/14/2021","MON","pauciflora","Kosciuszko",148.627967,-36.182347,"5/8/2024","alive","5","D3","cold",9.76666641235352,12.4833335876465,47.2853507995605,505.745758056641,24.1000003814697,-2.29999995231628,26.3999996185303,9.18333339691162,7,15.966667175293,3.50000023841858,774,81,53,14.0304050445557,232,170,184,182,1100.05798339844
"S14T06P05",14,6,"2/14/2021","MON","pauciflora","Kosciuszko",148.627967,-36.182347,"5/8/2024","alive","3","B13","cold",9.76666641235352,12.4833335876465,47.2853507995605,505.745758056641,24.1000003814697,-2.29999995231628,26.3999996185303,9.18333339691162,7,15.966667175293,3.50000023841858,774,81,53,14.0304050445557,232,170,184,182,1100.05798339844
"S14T06P06",14,6,"2/14/2021","MON","pauciflora","Kosciuszko",148.627967,-36.182347,"5/8/2024","alive","2","D16","cold",9.76666641235352,12.4833335876465,47.2853507995605,505.745758056641,24.1000003814697,-2.29999995231628,26.3999996185303,9.18333339691162,7,15.966667175293,3.50000023841858,774,81,53,14.0304050445557,232,170,184,182,1100.05798339844
"S14T06P07",14,6,"2/14/2021","MON","pauciflora","Kosciuszko",148.627967,-36.182347,"5/8/2024","alive","4","C3","cold",9.76666641235352,12.4833335876465,47.2853507995605,505.745758056641,24.1000003814697,-2.29999995231628,26.3999996185303,9.18333339691162,7,15.966667175293,3.50000023841858,774,81,53,14.0304050445557,232,170,184,182,1100.05798339844
"S14T07P01",14,7,"2/14/2021","MON","pauciflora","Kosciuszko",148.628114,-36.182397,"5/8/2024","alive","1","F6","cold",9.76666641235352,12.4833335876465,47.2853507995605,505.745758056641,24.1000003814697,-2.29999995231628,26.3999996185303,9.18333339691162,7,15.966667175293,3.50000023841858,774,81,53,14.0304050445557,232,170,184,182,1101.10754394531
"S14T07P02",14,7,"2/14/2021","MON","pauciflora","Kosciuszko",148.628114,-36.182397,"5/8/2024","alive","4","G7","cold",9.76666641235352,12.4833335876465,47.2853507995605,505.745758056641,24.1000003814697,-2.29999995231628,26.3999996185303,9.18333339691162,7,15.966667175293,3.50000023841858,774,81,53,14.0304050445557,232,170,184,182,1101.10754394531
"S14T07P04",14,7,"2/14/2021","MON","pauciflora","Kosciuszko",148.628114,-36.182397,"5/8/2024","alive","5","F7","cold",9.76666641235352,12.4833335876465,47.2853507995605,505.745758056641,24.1000003814697,-2.29999995231628,26.3999996185303,9.18333339691162,7,15.966667175293,3.50000023841858,774,81,53,14.0304050445557,232,170,184,182,1101.10754394531
"S14T07P14",14,7,"2/14/2021","MON","pauciflora","Kosciuszko",148.628114,-36.182397,"5/8/2024","alive","2","G16","cold",9.76666641235352,12.4833335876465,47.2853507995605,505.745758056641,24.1000003814697,-2.29999995231628,26.3999996185303,9.18333339691162,7,15.966667175293,3.50000023841858,774,81,53,14.0304050445557,232,170,184,182,1101.10754394531
"S14T07P16",14,7,"2/14/2021","MON","pauciflora","Kosciuszko",148.628114,-36.182397,"5/8/2024","alive","3","A11","cold",9.76666641235352,12.4833335876465,47.2853507995605,505.745758056641,24.1000003814697,-2.29999995231628,26.3999996185303,9.18333339691162,7,15.966667175293,3.50000023841858,774,81,53,14.0304050445557,232,170,184,182,1101.10754394531
"S14T09P02",14,9,"2/14/2021","MON","pauciflora","Kosciuszko",148.63928,-36.182961,"5/7/2024","alive","3","C3","cold",9.88333320617676,12.716667175293,47.6279678344727,507.750518798828,24.3999996185303,-2.29999995231628,26.6999988555908,9.30000019073486,4.63333320617676,16.1000003814697,3.58333349227905,748,79,52,14.0957622528076,223,162,181,174,1067.81628417969
"S14T09P04",14,9,"2/14/2021","MON","pauciflora","Kosciuszko",148.63928,-36.182961,"5/7/2024","alive","1","G12","cold",9.88333320617676,12.716667175293,47.6279678344727,507.750518798828,24.3999996185303,-2.29999995231628,26.6999988555908,9.30000019073486,4.63333320617676,16.1000003814697,3.58333349227905,748,79,52,14.0957622528076,223,162,181,174,1067.81628417969
"S14T09P05",14,9,"2/14/2021","MON","pauciflora","Kosciuszko",148.63928,-36.182961,"5/7/2024","alive","4","G3","cold",9.88333320617676,12.716667175293,47.6279678344727,507.750518798828,24.3999996185303,-2.29999995231628,26.6999988555908,9.30000019073486,4.63333320617676,16.1000003814697,3.58333349227905,748,79,52,14.0957622528076,223,162,181,174,1067.81628417969
"S14T09P06",14,9,"2/14/2021","MON","pauciflora","Kosciuszko",148.63928,-36.182961,"5/7/2024","alive","5","G10","cold",9.88333320617676,12.716667175293,47.6279678344727,507.750518798828,24.3999996185303,-2.29999995231628,26.6999988555908,9.30000019073486,4.63333320617676,16.1000003814697,3.58333349227905,748,79,52,14.0957622528076,223,162,181,174,1067.81628417969
"S14T10P01",14,10,"2/14/2021","MON","pauciflora","Kosciuszko",148.644344,-36.184533,"5/8/2024","alive","2","C1","cold",9.56666660308838,12.5500001907349,47.1804504394531,508.126403808594,24.1000003814697,-2.5,26.6000003814697,8.93333339691162,4.34999990463257,15.8000001907349,3.28333330154419,814,84,56,13.6400537490845,244,180,192,191,1114.88977050781
"S14T10P02",14,10,"2/14/2021","MON","pauciflora","Kosciuszko",148.644344,-36.184533,"5/8/2024","alive","5","C4","cold",9.56666660308838,12.5500001907349,47.1804504394531,508.126403808594,24.1000003814697,-2.5,26.6000003814697,8.93333339691162,4.34999990463257,15.8000001907349,3.28333330154419,814,84,56,13.6400537490845,244,180,192,191,1114.88977050781
"S14T10P07",14,10,"2/14/2021","MON","pauciflora","Kosciuszko",148.644344,-36.184533,"5/8/2024","alive","4","A12","cold",9.56666660308838,12.5500001907349,47.1804504394531,508.126403808594,24.1000003814697,-2.5,26.6000003814697,8.93333339691162,4.34999990463257,15.8000001907349,3.28333330154419,814,84,56,13.6400537490845,244,180,192,191,1114.88977050781
"S03T02P01",3,2,"2/8/2024","ZAR + BRY","niphophila","Charlotte Pass/Perisher",148.4299115,-36.39437037,"5/2/2024","lisa","1","B12","cold",6.27500009536743,9.81666660308838,42.4963912963867,486.889465332031,19.2999992370605,-3.79999995231628,23.0999984741211,2.71666669845581,12.1999998092651,12.1999998092651,0.266666620969772,1681,182,89,21.8288478851318,533,306,306,493,1657.20471191406
"S03T02P04",3,2,"2/8/2024","ZAR + BRY","niphophila","Charlotte Pass/Perisher",148.4299115,-36.39437037,"5/2/2024","lisa","2","D14","cold",6.27500009536743,9.81666660308838,42.4963912963867,486.889465332031,19.2999992370605,-3.79999995231628,23.0999984741211,2.71666669845581,12.1999998092651,12.1999998092651,0.266666620969772,1681,182,89,21.8288478851318,533,306,306,493,1657.20471191406
"S03T02P06",3,2,"2/8/2024","ZAR + BRY","niphophila","Charlotte Pass/Perisher",148.4299115,-36.39437037,"5/2/2024","lisa","3","B1","cold",6.27500009536743,9.81666660308838,42.4963912963867,486.889465332031,19.2999992370605,-3.79999995231628,23.0999984741211,2.71666669845581,12.1999998092651,12.1999998092651,0.266666620969772,1681,182,89,21.8288478851318,533,306,306,493,1657.20471191406
"S03T02P07",3,2,"2/8/2024","ZAR + BRY","niphophila","Charlotte Pass/Perisher",148.4299115,-36.39437037,"5/2/2024","lisa","1","F12","cold",6.27500009536743,9.81666660308838,42.4963912963867,486.889465332031,19.2999992370605,-3.79999995231628,23.0999984741211,2.71666669845581,12.1999998092651,12.1999998092651,0.266666620969772,1681,182,89,21.8288478851318,533,306,306,493,1657.20471191406
"S03T02P09",3,2,"2/8/2024","ZAR + BRY","niphophila","Charlotte Pass/Perisher",148.4299115,-36.39437037,"5/2/2024","lisa","5","B2","cold",6.27500009536743,9.81666660308838,42.4963912963867,486.889465332031,19.2999992370605,-3.79999995231628,23.0999984741211,2.71666669845581,12.1999998092651,12.1999998092651,0.266666620969772,1681,182,89,21.8288478851318,533,306,306,493,1657.20471191406
"S03T02P12",3,2,"2/8/2024","ZAR + BRY","niphophila","Charlotte Pass/Perisher",148.4299115,-36.39437037,"5/2/2024","lisa","4","G11","cold",6.27500009536743,9.81666660308838,42.4963912963867,486.889465332031,19.2999992370605,-3.79999995231628,23.0999984741211,2.71666669845581,12.1999998092651,12.1999998092651,0.266666620969772,1681,182,89,21.8288478851318,533,306,306,493,1657.20471191406
"S03T02P13",3,2,"2/8/2024","ZAR + BRY","niphophila","Charlotte Pass/Perisher",148.4299115,-36.39437037,"5/2/2024","lisa","3","E10","cold",6.27500009536743,9.81666660308838,42.4963912963867,486.889465332031,19.2999992370605,-3.79999995231628,23.0999984741211,2.71666669845581,12.1999998092651,12.1999998092651,0.266666620969772,1681,182,89,21.8288478851318,533,306,306,493,1657.20471191406
"S03T03P03",3,3,"2/8/2024","ZAR + BRY","niphophila","Charlotte Pass/Perisher",148.4035483,-36.41116025,"5/2/2024","lisa","1","B16","cold",5.80000019073486,9.63333320617676,41.8840599060059,487.791870117188,18.7999992370605,-4.19999980926514,23,2.16666650772095,11.75,11.75,-0.183333352208138,1787,202,92,24.0595474243164,584,316,316,527,1754.00439453125
"S03T04P01",3,4,"2/8/2024","ZAR + BRY","niphophila","Charlotte Pass/Perisher",148.3924354,-36.41693265,"5/8/2024","lisa","4","G9","cold",5.47083330154419,9.2916669845581,40.7529258728027,489.695892333984,18.3999996185303,-4.40000009536743,22.7999992370605,1.78333342075348,11.4499998092651,11.4499998092651,-0.51666671037674,1824,205,95,24.1371955871582,595,321,321,541,1813.59631347656
"S03T05P01",3,5,"2/8/2024","ZAR + BRY","niphophila","Charlotte Pass/Perisher",148.3723448,-36.42774657,"5/2/2024","lisa","2","B3","cold",5.72916650772095,9.40833377838135,40.7287139892578,491.021484375,18.7000007629395,-4.40000009536743,23.1000003814697,2.04999995231628,11.6333332061768,11.716667175293,-0.283333331346512,1795,203,92,24.1547069549561,586,316,317,531,1765.31860351562
"S03T05P04",3,5,"2/8/2024","ZAR + BRY","niphophila","Charlotte Pass/Perisher",148.3723448,-36.42774657,"5/2/2024","lisa","5","C9","cold",5.72916650772095,9.40833377838135,40.7287139892578,491.021484375,18.7000007629395,-4.40000009536743,23.1000003814697,2.04999995231628,11.6333332061768,11.716667175293,-0.283333331346512,1795,203,92,24.1547069549561,586,316,317,531,1765.31860351562
"S03T05P05",3,5,"2/8/2024","ZAR + BRY","niphophila","Charlotte Pass/Perisher",148.3723448,-36.42774657,"5/2/2024","lisa","1","A2","cold",5.72916650772095,9.40833377838135,40.7287139892578,491.021484375,18.7000007629395,-4.40000009536743,23.1000003814697,2.04999995231628,11.6333332061768,11.716667175293,-0.283333331346512,1795,203,92,24.1547069549561,586,316,317,531,1765.31860351562
"S03T05P06",3,5,"2/8/2024","ZAR + BRY","niphophila","Charlotte Pass/Perisher",148.3723448,-36.42774657,"5/2/2024","lisa","3","G6","cold",5.72916650772095,9.40833377838135,40.7287139892578,491.021484375,18.7000007629395,-4.40000009536743,23.1000003814697,2.04999995231628,11.6333332061768,11.716667175293,-0.283333331346512,1795,203,92,24.1547069549561,586,316,317,531,1765.31860351562
"S03T09P01",3,9,"2/8/2024","ZAR + BRY","niphophila","Charlotte Pass/Perisher",148.4289906,-36.38862793,"5/2/2024","lisa","2","F4","cold",6.21666669845581,9.76666641235352,42.2799415588379,486.757995605469,19.2000007629395,-3.90000009536743,23.1000003814697,2.63333320617676,12.0833330154419,12.1499996185303,0.233333230018616,1705,187,89,22.6476345062256,545,306,307,505,1719.64599609375
"S03T09P03",3,9,"2/8/2024","ZAR + BRY","niphophila","Charlotte Pass/Perisher",148.4289906,-36.38862793,"5/2/2024","lisa","3","A8","cold",6.21666669845581,9.76666641235352,42.2799415588379,486.757995605469,19.2000007629395,-3.90000009536743,23.1000003814697,2.63333320617676,12.0833330154419,12.1499996185303,0.233333230018616,1705,187,89,22.6476345062256,545,306,307,505,1719.64599609375
"S03T09P05",3,9,"2/8/2024","ZAR + BRY","niphophila","Charlotte Pass/Perisher",148.4289906,-36.38862793,"5/2/2024","lisa","4","B10","cold",6.21666669845581,9.76666641235352,42.2799415588379,486.757995605469,19.2000007629395,-3.90000009536743,23.1000003814697,2.63333320617676,12.0833330154419,12.1499996185303,0.233333230018616,1705,187,89,22.6476345062256,545,306,307,505,1719.64599609375
"S03T09P06",3,9,"2/8/2024","ZAR + BRY","niphophila","Charlotte Pass/Perisher",148.4289906,-36.38862793,"5/2/2024","lisa","5","D1","cold",6.21666669845581,9.76666641235352,42.2799415588379,486.757995605469,19.2000007629395,-3.90000009536743,23.1000003814697,2.63333320617676,12.0833330154419,12.1499996185303,0.233333230018616,1705,187,89,22.6476345062256,545,306,307,505,1719.64599609375
"S03T09P07",3,9,"2/8/2024","ZAR + BRY","niphophila","Charlotte Pass/Perisher",148.4289906,-36.38862793,"5/2/2024","lisa","3","E13","cold",6.21666669845581,9.76666641235352,42.2799415588379,486.757995605469,19.2000007629395,-3.90000009536743,23.1000003814697,2.63333320617676,12.0833330154419,12.1499996185303,0.233333230018616,1705,187,89,22.6476345062256,545,306,307,505,1719.64599609375
"S03T10P03",3,10,"2/8/2024","ZAR + BRY","niphophila","Charlotte Pass/Perisher",148.4284512,-36.38276499,"5/3/2024","lisa","4","C1","cold",6.55416679382324,9.77499961853027,42.3160171508789,485.210632324219,19.5,-3.59999990463257,23.1000003814697,3.04999995231628,12.4666662216187,12.4666662216187,0.566666662693024,1653,179,87,21.7221260070801,523,301,301,485,1668.66540527344
"S03T10P04",3,10,"2/8/2024","ZAR + BRY","niphophila","Charlotte Pass/Perisher",148.4284512,-36.38276499,"5/3/2024","lisa","5","C10","cold",6.55416679382324,9.77499961853027,42.3160171508789,485.210632324219,19.5,-3.59999990463257,23.1000003814697,3.04999995231628,12.4666662216187,12.4666662216187,0.566666662693024,1653,179,87,21.7221260070801,523,301,301,485,1668.66540527344
"S03T10P07",3,10,"2/8/2024","ZAR + BRY","niphophila","Charlotte Pass/Perisher",148.4284512,-36.38276499,"5/3/2024","lisa","1","B10","cold",6.55416679382324,9.77499961853027,42.3160171508789,485.210632324219,19.5,-3.59999990463257,23.1000003814697,3.04999995231628,12.4666662216187,12.4666662216187,0.566666662693024,1653,179,87,21.7221260070801,523,301,301,485,1668.66540527344
"S03T10P08",3,10,"2/8/2024","ZAR + BRY","niphophila","Charlotte Pass/Perisher",148.4284512,-36.38276499,"5/3/2024","lisa","4","G5","cold",6.55416679382324,9.77499961853027,42.3160171508789,485.210632324219,19.5,-3.59999990463257,23.1000003814697,3.04999995231628,12.4666662216187,12.4666662216187,0.566666662693024,1653,179,87,21.7221260070801,523,301,301,485,1668.66540527344
"S03T10P12",3,10,"2/8/2024","ZAR + BRY","niphophila","Charlotte Pass/Perisher",148.4284512,-36.38276499,"5/3/2024","lisa","3","G12","cold",6.55416679382324,9.77499961853027,42.3160171508789,485.210632324219,19.5,-3.59999990463257,23.1000003814697,3.04999995231628,12.4666662216187,12.4666662216187,0.566666662693024,1653,179,87,21.7221260070801,523,301,301,485,1668.66540527344
"S03T10P14",3,10,"2/8/2024","ZAR + BRY","niphophila","Charlotte Pass/Perisher",148.4284512,-36.38276499,"5/3/2024","lisa","2","A10","cold",6.55416679382324,9.77499961853027,42.3160171508789,485.210632324219,19.5,-3.59999990463257,23.1000003814697,3.04999995231628,12.4666662216187,12.4666662216187,0.566666662693024,1653,179,87,21.7221260070801,523,301,301,485,1668.66540527344
"S03T11P01",3,11,"2/8/2024","ZAR + BRY","niphophila","Charlotte Pass/Perisher",148.4262394,-36.3766548,"5/8/2024","lisa","5","E8","cold",6.55416679382324,9.77499961853027,42.3160171508789,485.210632324219,19.5,-3.59999990463257,23.1000003814697,3.04999995231628,12.4666662216187,12.4666662216187,0.566666662693024,1653,179,87,21.7221260070801,523,301,301,485,1609.60437011719
"S04T01P01",4,1,"2/9/2024","ZAR + BRY","niphophila","Schlink's Pass",148.3929764,-36.30538332,"5/8/2024","lisa","5","B6","cold",5.73333311080933,9.38333320617676,40.0997161865234,506.989013671875,18.7999992370605,-4.59999990463257,23.3999996185303,2.03333330154419,11.8833332061768,11.8833332061768,-0.550000011920929,1785,201,90,25.0688381195068,586,308,308,539,1648.41784667969
"S04T01P03",4,1,"2/9/2024","ZAR + BRY","niphophila","Schlink's Pass",148.3929764,-36.30538332,"5/8/2024","lisa","4","G2","cold",5.73333311080933,9.38333320617676,40.0997161865234,506.989013671875,18.7999992370605,-4.59999990463257,23.3999996185303,2.03333330154419,11.8833332061768,11.8833332061768,-0.550000011920929,1785,201,90,25.0688381195068,586,308,308,539,1648.41784667969
"S04T01P06",4,1,"2/9/2024","ZAR + BRY","niphophila","Schlink's Pass",148.3929764,-36.30538332,"5/8/2024","lisa","2","A3","cold",5.73333311080933,9.38333320617676,40.0997161865234,506.989013671875,18.7999992370605,-4.59999990463257,23.3999996185303,2.03333330154419,11.8833332061768,11.8833332061768,-0.550000011920929,1785,201,90,25.0688381195068,586,308,308,539,1648.41784667969
"S04T01P08",4,1,"2/9/2024","ZAR + BRY","niphophila","Schlink's Pass",148.3929764,-36.30538332,"5/8/2024","lisa","1","F2","cold",5.73333311080933,9.38333320617676,40.0997161865234,506.989013671875,18.7999992370605,-4.59999990463257,23.3999996185303,2.03333330154419,11.8833332061768,11.8833332061768,-0.550000011920929,1785,201,90,25.0688381195068,586,308,308,539,1648.41784667969
"S04T01P09",4,1,"2/9/2024","ZAR + BRY","niphophila","Schlink's Pass",148.3929764,-36.30538332,"5/8/2024","lisa","3","D16","cold",5.73333311080933,9.38333320617676,40.0997161865234,506.989013671875,18.7999992370605,-4.59999990463257,23.3999996185303,2.03333330154419,11.8833332061768,11.8833332061768,-0.550000011920929,1785,201,90,25.0688381195068,586,308,308,539,1648.41784667969
"S04T02P01",4,2,"2/9/2024","ZAR + BRY","niphophila","Schlink's Pass",148.3974861,-36.31162772,"5/6/2024","lisa","2","D3","cold",6.42916679382324,9.42500019073486,40.625,503.404144287109,19.3999996185303,-3.79999995231628,23.1999988555908,2.83333325386047,12.5,12.5,0.183333322405815,1695,191,85,24.4095611572266,555,296,296,500,1605.39404296875
"S04T02P04",4,2,"2/9/2024","ZAR + BRY","niphophila","Schlink's Pass",148.3974861,-36.31162772,"5/6/2024","lisa","5","E13","cold",6.42916679382324,9.42500019073486,40.625,503.404144287109,19.3999996185303,-3.79999995231628,23.1999988555908,2.83333325386047,12.5,12.5,0.183333322405815,1695,191,85,24.4095611572266,555,296,296,500,1605.39404296875
"S04T02P05",4,2,"2/9/2024","ZAR + BRY","niphophila","Schlink's Pass",148.3974861,-36.31162772,"5/6/2024","lisa","3","A5","cold",6.42916679382324,9.42500019073486,40.625,503.404144287109,19.3999996185303,-3.79999995231628,23.1999988555908,2.83333325386047,12.5,12.5,0.183333322405815,1695,191,85,24.4095611572266,555,296,296,500,1605.39404296875
"S04T02P10",4,2,"2/9/2024","ZAR + BRY","niphophila","Schlink's Pass",148.3974861,-36.31162772,"5/6/2024","lisa","1","D9","cold",6.42916679382324,9.42500019073486,40.625,503.404144287109,19.3999996185303,-3.79999995231628,23.1999988555908,2.83333325386047,12.5,12.5,0.183333322405815,1695,191,85,24.4095611572266,555,296,296,500,1605.39404296875
"S04T02P12",4,2,"2/9/2024","ZAR + BRY","niphophila","Schlink's Pass",148.3974861,-36.31162772,"5/6/2024","lisa","4","C12","cold",6.42916679382324,9.42500019073486,40.625,503.404144287109,19.3999996185303,-3.79999995231628,23.1999988555908,2.83333325386047,12.5,12.5,0.183333322405815,1695,191,85,24.4095611572266,555,296,296,500,1605.39404296875
"S04T02P15",4,2,"2/9/2024","ZAR + BRY","niphophila","Schlink's Pass",148.3974861,-36.31162772,"5/6/2024","lisa","5","C7","cold",6.42916679382324,9.42500019073486,40.625,503.404144287109,19.3999996185303,-3.79999995231628,23.1999988555908,2.83333325386047,12.5,12.5,0.183333322405815,1695,191,85,24.4095611572266,555,296,296,500,1605.39404296875
"S04T02P21",4,2,"2/9/2024","ZAR + BRY","niphophila","Schlink's Pass",148.3974861,-36.31162772,"5/6/2024","lisa","1","G6","cold",6.42916679382324,9.42500019073486,40.625,503.404144287109,19.3999996185303,-3.79999995231628,23.1999988555908,2.83333325386047,12.5,12.5,0.183333322405815,1695,191,85,24.4095611572266,555,296,296,500,1605.39404296875
"S04T03P01",4,3,"2/9/2024","ZAR + BRY","niphophila","Schlink's Pass",148.4015212,-36.31983703,"5/2/2024","lisa","2","G10","cold",6.55833339691162,9.44999980926514,41.0869560241699,497.657379150391,19.5,-3.5,23,2.9833333492279,12.5833330154419,12.5833330154419,0.39999994635582,1659,182,85,23.0192356109619,536,296,296,483,1551.22131347656
"S04T03P02",4,5,"2/9/2024","ZAR + BRY","niphophila","Schlink's Pass",148.4006739,-36.33383018,"5/2/2024","lisa","4","D15","cold",6.94583320617676,9.65833282470703,41.9927558898926,491.322235107422,19.7999992370605,-3.20000004768372,23,3.46666669845581,12.8999996185303,12.8999996185303,0.866666674613953,1603,176,82,22.8018226623535,517,288,288,462,1540.8818359375
"S04T03P03",4,3,"2/9/2024","ZAR + BRY","niphophila","Schlink's Pass",148.4015212,-36.31983703,"5/2/2024","lisa","3","A1","cold",6.55833339691162,9.44999980926514,41.0869560241699,497.657379150391,19.5,-3.5,23,2.9833333492279,12.5833330154419,12.5833330154419,0.39999994635582,1659,182,85,23.0192356109619,536,296,296,483,1551.22131347656
"S04T03P04",4,3,"2/9/2024","ZAR + BRY","niphophila","Schlink's Pass",148.4015212,-36.31983703,"5/2/2024","lisa","1","A11","cold",6.55833339691162,9.44999980926514,41.0869560241699,497.657379150391,19.5,-3.5,23,2.9833333492279,12.5833330154419,12.5833330154419,0.39999994635582,1659,182,85,23.0192356109619,536,296,296,483,1551.22131347656
"S04T03P04",4,5,"2/9/2024","ZAR + BRY","niphophila","Schlink's Pass",148.4006739,-36.33383018,"5/2/2024","lisa","1","C12","cold",6.94583320617676,9.65833282470703,41.9927558898926,491.322235107422,19.7999992370605,-3.20000004768372,23,3.46666669845581,12.8999996185303,12.8999996185303,0.866666674613953,1603,176,82,22.8018226623535,517,288,288,462,1540.8818359375
"S04T03P06",4,3,"2/9/2024","ZAR + BRY","niphophila","Schlink's Pass",148.4015212,-36.31983703,"5/2/2024","lisa","4","E11","cold",6.55833339691162,9.44999980926514,41.0869560241699,497.657379150391,19.5,-3.5,23,2.9833333492279,12.5833330154419,12.5833330154419,0.39999994635582,1659,182,85,23.0192356109619,536,296,296,483,1551.22131347656
"S04T03P08",4,5,"2/9/2024","ZAR + BRY","niphophila","Schlink's Pass",148.4006739,-36.33383018,"5/2/2024","lisa","2","G13","cold",6.94583320617676,9.65833282470703,41.9927558898926,491.322235107422,19.7999992370605,-3.20000004768372,23,3.46666669845581,12.8999996185303,12.8999996185303,0.866666674613953,1603,176,82,22.8018226623535,517,288,288,462,1540.8818359375
"S04T03P08",4,3,"2/9/2024","ZAR + BRY","niphophila","Schlink's Pass",148.4015212,-36.31983703,"5/2/2024","lisa","5","B14","cold",6.55833339691162,9.44999980926514,41.0869560241699,497.657379150391,19.5,-3.5,23,2.9833333492279,12.5833330154419,12.5833330154419,0.39999994635582,1659,182,85,23.0192356109619,536,296,296,483,1551.22131347656
"S04T03P10",4,5,"2/9/2024","ZAR + BRY","niphophila","Schlink's Pass",148.4006739,-36.33383018,"5/2/2024","lisa","3","A2","cold",6.94583320617676,9.65833282470703,41.9927558898926,491.322235107422,19.7999992370605,-3.20000004768372,23,3.46666669845581,12.8999996185303,12.8999996185303,0.866666674613953,1603,176,82,22.8018226623535,517,288,288,462,1540.8818359375
"S04T04P01",4,4,"2/9/2024","ZAR + BRY","niphophila","Schlink's Pass",148.4006303,-36.32679822,"5/7/2024","lisa","3","G1","cold",6.81666660308838,9.56666660308838,41.5942039489746,495.045166015625,19.7000007629395,-3.29999995231628,23,3.29999995231628,12.8166666030884,12.8166666030884,0.699999988079071,1620,178,83,22.8812808990479,523,291,291,469,1511.62829589844
"S04T04P02",4,4,"2/9/2024","ZAR + BRY","niphophila","Schlink's Pass",148.4006303,-36.32679822,"5/7/2024","lisa","4","B7","cold",6.81666660308838,9.56666660308838,41.5942039489746,495.045166015625,19.7000007629395,-3.29999995231628,23,3.29999995231628,12.8166666030884,12.8166666030884,0.699999988079071,1620,178,83,22.8812808990479,523,291,291,469,1511.62829589844
"S04T04P05",4,4,"2/9/2024","ZAR + BRY","niphophila","Schlink's Pass",148.4006303,-36.32679822,"5/7/2024","lisa","5","F14","cold",6.81666660308838,9.56666660308838,41.5942039489746,495.045166015625,19.7000007629395,-3.29999995231628,23,3.29999995231628,12.8166666030884,12.8166666030884,0.699999988079071,1620,178,83,22.8812808990479,523,291,291,469,1511.62829589844
"S04T04P08",4,4,"2/9/2024","ZAR + BRY","niphophila","Schlink's Pass",148.4006303,-36.32679822,"5/7/2024","lisa","5","B1","cold",6.81666660308838,9.56666660308838,41.5942039489746,495.045166015625,19.7000007629395,-3.29999995231628,23,3.29999995231628,12.8166666030884,12.8166666030884,0.699999988079071,1620,178,83,22.8812808990479,523,291,291,469,1511.62829589844
"S04T04P09",4,4,"2/9/2024","ZAR + BRY","niphophila","Schlink's Pass",148.4006303,-36.32679822,"5/7/2024","lisa","2","B1","cold",6.81666660308838,9.56666660308838,41.5942039489746,495.045166015625,19.7000007629395,-3.29999995231628,23,3.29999995231628,12.8166666030884,12.8166666030884,0.699999988079071,1620,178,83,22.8812808990479,523,291,291,469,1511.62829589844
"S04T05P11",4,5,"2/9/2024","ZAR + BRY","niphophila","Schlink's Pass",148.4006739,-36.33383018,"5/2/2024","lisa","5","A9","cold",6.94583320617676,9.65833282470703,41.9927558898926,491.322235107422,19.7999992370605,-3.20000004768372,23,3.46666669845581,12.8999996185303,12.8999996185303,0.866666674613953,1603,176,82,22.8018226623535,517,288,288,462,1540.8818359375
"S04T06P02",4,6,"2/9/2024","ZAR + BRY","niphophila","Schlink's Pass",148.4024107,-36.34258966,"5/8/2024","lisa","3","G14","cold",6.82499980926514,9.63333320617676,41.8840560913086,490.646606445312,19.7000007629395,-3.29999995231628,23,3.31666660308838,12.7833337783813,12.7833337783813,0.76666659116745,1590,170,84,20.8897094726562,499,293,293,449,1564.28698730469
"S04T06P03",4,6,"2/9/2024","ZAR + BRY","niphophila","Schlink's Pass",148.4024107,-36.34258966,"5/8/2024","lisa","2","G2","cold",6.82499980926514,9.63333320617676,41.8840560913086,490.646606445312,19.7000007629395,-3.29999995231628,23,3.31666660308838,12.7833337783813,12.7833337783813,0.76666659116745,1590,170,84,20.8897094726562,499,293,293,449,1564.28698730469
"S04T06P05",4,6,"2/9/2024","ZAR + BRY","niphophila","Schlink's Pass",148.4024107,-36.34258966,"5/8/2024","lisa","1","E11","cold",6.82499980926514,9.63333320617676,41.8840560913086,490.646606445312,19.7000007629395,-3.29999995231628,23,3.31666660308838,12.7833337783813,12.7833337783813,0.76666659116745,1590,170,84,20.8897094726562,499,293,293,449,1564.28698730469
"S04T06P08",4,6,"2/9/2024","ZAR + BRY","niphophila","Schlink's Pass",148.4024107,-36.34258966,"5/8/2024","lisa","4","E5","cold",6.82499980926514,9.63333320617676,41.8840560913086,490.646606445312,19.7000007629395,-3.29999995231628,23,3.31666660308838,12.7833337783813,12.7833337783813,0.76666659116745,1590,170,84,20.8897094726562,499,293,293,449,1564.28698730469
"S01T01P09",1,1,"2/7/2024","ZAR + BRY","pauciflora","Alpine Way, Kosciuszko",148.2047204,-36.52938581,"5/2/2024","alive","4","E1","control",8.38749980926514,9.24166679382324,41.0740737915039,479.327789306641,20.6000003814697,-1.89999997615814,22.5,7.63333320617676,14.1833333969116,14.216667175293,2.45000004768372,1384,155,73,20.428596496582,432,262,264,363,1271.62048339844
"S01T01P17",1,1,"2/7/2024","ZAR + BRY","pauciflora","Alpine Way, Kosciuszko",148.2047204,-36.52938581,"5/2/2024","alive","3","C11","control",8.38749980926514,9.24166679382324,41.0740737915039,479.327789306641,20.6000003814697,-1.89999997615814,22.5,7.63333320617676,14.1833333969116,14.216667175293,2.45000004768372,1384,155,73,20.428596496582,432,262,264,363,1271.62048339844
"S01T02P01",1,2,"2/7/2024","ZAR + BRY","pauciflora","Alpine Way, Kosciuszko",148.2104012,-36.53110363,"5/7/2024","alive","4","G10","control",8.02916622161865,9.22499942779541,40.6387672424316,482.415588378906,20.2999992370605,-2.40000009536743,22.6999988555908,7.28333330154419,13.8666667938232,13.8833332061768,2.04999995231628,1458,165,77,20.8108692169189,456,273,277,381,1356.22192382812
"S01T02P04",1,2,"2/7/2024","ZAR + BRY","pauciflora","Alpine Way, Kosciuszko",148.2104012,-36.53110363,"5/7/2024","alive","3","G11","control",8.02916622161865,9.22499942779541,40.6387672424316,482.415588378906,20.2999992370605,-2.40000009536743,22.6999988555908,7.28333330154419,13.8666667938232,13.8833332061768,2.04999995231628,1458,165,77,20.8108692169189,456,273,277,381,1356.22192382812
"S01T03P03",1,3,"2/7/2024","ZAR + BRY","pauciflora","Alpine Way, Kosciuszko",148.2949717,-36.5124668,"5/8/2024","alive","4","D10","control",6.55833339691162,10.3333339691162,42.0054206848145,501.306640625,19.7000007629395,-4.90000009536743,24.6000003814697,3.04999995231628,12.6000003814697,12.6000003814697,0.333333373069763,1602,178,85,20.9753608703613,502,294,299,431,1461.98193359375
"S01T03P06",1,3,"2/7/2024","ZAR + BRY","pauciflora","Alpine Way, Kosciuszko",148.2949717,-36.5124668,"5/8/2024","alive","3","D9","control",6.55833339691162,10.3333339691162,42.0054206848145,501.306640625,19.7000007629395,-4.90000009536743,24.6000003814697,3.04999995231628,12.6000003814697,12.6000003814697,0.333333373069763,1602,178,85,20.9753608703613,502,294,299,431,1461.98193359375
"S01T04P06",1,4,"2/7/2024","ZAR + BRY","pauciflora","Alpine Way, Kosciuszko",148.3267893,-36.49526487,"5/1/2024","alive","4","C14","control",7.06666660308838,9.56666660308838,41.5942001342773,483.737030029297,19.7000007629395,-3.29999995231628,23,3.58333325386047,12.9333333969116,12.966667175293,1.11666667461395,1552,172,85,19.7041130065918,478,292,298,405,1397.05859375
"S01T07P03",1,7,"2/7/2024","ZAR + BRY","pauciflora","Alpine Way, Kosciuszko",148.3950978,-36.45384731,"5/14/2024","alive","3","B5","control",8.25833320617676,10.1000003814697,43.534481048584,483.480926513672,21.2000007629395,-2,23.2000007629395,7.59999990463257,14.1333332061768,14.1333332061768,2.28333330154419,1235,135,72,17.5411148071289,385,250,250,305,1225.20336914062
"S01T10P03",1,10,"2/7/2024","ZAR + BRY","pauciflora","Alpine Way, Kosciuszko",148.4627102,-36.45529443,"5/1/2024","alive","3","E14","control",8.65833377838135,10.3999996185303,44.2553176879883,478.163299560547,21.5,-2,23.5,8,14.4666662216187,14.466667175293,2.73333334922791,1149,126,70,16.2837295532227,356,242,246,274,1234.25964355469
"S01T10P08",1,10,"2/7/2024","ZAR + BRY","pauciflora","Alpine Way, Kosciuszko",148.4627102,-36.45529443,"5/1/2024","alive","4","C4","control",8.65833377838135,10.3999996185303,44.2553176879883,478.163299560547,21.5,-2,23.5,8,14.4666662216187,14.466667175293,2.73333334922791,1149,126,70,16.2837295532227,356,242,246,274,1234.25964355469
"S02T02P03",2,2,"2/8/2024","ZAR + BRY","pauciflora","Kosciuszko Road/Guthega Road",148.5649539,-36.3497391,"5/8/2024","alive","3","D5","control",9.05833339691162,10.5833339691162,43.9142456054688,490.782470703125,22.2000007629395,-1.89999997615814,24.1000003814697,8.36666679382324,15.0500001907349,15.0500001907349,2.9833333492279,1008,108,64,14.9487962722778,309,222,222,237,1201.35693359375
"S02T03P01",2,3,"2/8/2024","ZAR + BRY","pauciflora","Kosciuszko Road/Guthega Road",148.5533744,-36.35100274,"5/3/2024","alive","4","F12","control",8.84583282470703,10.4416666030884,43.6889801025391,488.697052001953,21.8999996185303,-2,23.8999996185303,8.14999961853027,14.8000001907349,14.8000001907349,2.79999995231628,1065,115,67,15.1743774414062,327,231,231,253,1258.76489257812
"S02T06P01",2,6,"2/8/2024","ZAR + BRY","pauciflora","Kosciuszko Road/Guthega Road",148.4888609,-36.34338786,"5/13/2024","alive","3","B8","control",7.40416669845581,9.65833377838135,42.1761283874512,483.229949951172,20.1000003814697,-2.79999995231628,22.8999996185303,3.96666669845581,13.2666664123535,13.2666664123535,1.43333339691162,1439,155,81,17.8683395385742,438,281,281,387,1458.2763671875
"S02T08P05",2,8,"2/8/2024","ZAR + BRY","pauciflora","Kosciuszko Road/Guthega Road",148.4850121,-36.32601107,"5/2/2024","alive","4","B6","control",7.91666650772095,9.76666641235352,42.4637680053711,485.561218261719,20.6000003814697,-2.40000009536743,23,7.16666650772095,13.8166666030884,13.8166666030884,1.91666662693024,1298,142,75,16.8447914123535,395,262,262,332,1297.93908691406
"S02T09P07",2,9,"2/8/2024","ZAR + BRY","pauciflora","Kosciuszko Road/Guthega Road",148.4881695,-36.31993038,"5/2/2024","alive","3","A15","control",8.6458330154419,10.2083339691162,43.4397163391113,488.250396728516,21.6000003814697,-1.89999997615814,23.5,7.96666669845581,14.5500001907349,14.5833330154419,2.59999990463257,1095,118,66,15.6483402252197,334,231,232,273,1189.18823242188
"S02T09P22",2,9,"2/8/2024","ZAR + BRY","pauciflora","Kosciuszko Road/Guthega Road",148.4881695,-36.31993038,"5/2/2024","alive","4","E10","control",8.6458330154419,10.2083339691162,43.4397163391113,488.250396728516,21.6000003814697,-1.89999997615814,23.5,7.96666669845581,14.5500001907349,14.5833330154419,2.59999990463257,1095,118,66,15.6483402252197,334,231,232,273,1189.18823242188
"S02T09P28",2,9,"2/8/2024","ZAR + BRY","pauciflora","Kosciuszko Road/Guthega Road",148.4881695,-36.31993038,"5/2/2024","alive","4","F14","control",8.6458330154419,10.2083339691162,43.4397163391113,488.250396728516,21.6000003814697,-1.89999997615814,23.5,7.96666669845581,14.5500001907349,14.5833330154419,2.59999990463257,1095,118,66,15.6483402252197,334,231,232,273,1189.18823242188
"S02T10P01",2,10,"2/8/2024","ZAR + BRY","pauciflora","Kosciuszko Road/Guthega Road",148.4948353,-36.31342632,"5/8/2024","alive","4","G13","control",8.84166622161865,10.3000001907349,43.6440696716309,487.651275634766,21.7999992370605,-1.79999995231628,23.5999984741211,8.19999980926514,12.7166662216187,14.7666664123535,2.79999995231628,1049,111,63,15.398175239563,318,220,224,265,1167.20776367188
"S02T10P03",2,10,"2/8/2024","ZAR + BRY","pauciflora","Kosciuszko Road/Guthega Road",148.4948353,-36.31342632,"5/8/2024","alive","3","C8","control",8.84166622161865,10.3000001907349,43.6440696716309,487.651275634766,21.7999992370605,-1.79999995231628,23.5999984741211,8.19999980926514,12.7166662216187,14.7666664123535,2.79999995231628,1049,111,63,15.398175239563,318,220,224,265,1167.20776367188
"S05T01P06",5,1,"2/9/2024","ZAR + BRY","lacrimans","Long Plain",148.5524946,-35.6802018,"5/7/2024","alive","4","F1","control",8.23750019073486,11.5749998092651,45.3921585083008,514.852661132812,22.2999992370605,-3.20000004768372,25.5,2.61666679382324,12.3333330154419,14.4833335876465,1.81666672229767,1211,140,63,23.1832885742188,386,216,238,379,1345.40161132812
"S05T01P11",5,1,"2/9/2024","ZAR + BRY","lacrimans","Long Plain",148.5524946,-35.6802018,"5/7/2024","alive","3","G4","control",8.23750019073486,11.5749998092651,45.3921585083008,514.852661132812,22.2999992370605,-3.20000004768372,25.5,2.61666679382324,12.3333330154419,14.4833335876465,1.81666672229767,1211,140,63,23.1832885742188,386,216,238,379,1345.40161132812
"S05T02P09",5,2,"2/9/2024","ZAR + BRY","lacrimans","Long Plain",148.5584052,-35.67097258,"5/2/2024","alive","4","A7","control",8.21666622161865,11.5833330154419,45.4248390197754,514.345703125,22.2999992370605,-3.20000004768372,25.5,2.59999990463257,12.283332824707,14.4833335876465,1.81666672229767,1198,140,63,22.9051036834717,380,216,235,373,1345.18884277344
"S05T02P21",5,2,"2/9/2024","ZAR + BRY","lacrimans","Long Plain",148.5584052,-35.67097258,"5/2/2024","alive","3","D12","control",8.21666622161865,11.5833330154419,45.4248390197754,514.345703125,22.2999992370605,-3.20000004768372,25.5,2.59999990463257,12.283332824707,14.4833335876465,1.81666672229767,1198,140,63,22.9051036834717,380,216,235,373,1345.18884277344
"S05T03P08",5,3,"2/9/2024","ZAR + BRY","lacrimans","Long Plain",148.5627147,-35.66286329,"5/1/2024","alive","4","A3","control",8.06666660308838,11.3833332061768,44.9934120178223,514.862426757812,22,-3.29999995231628,25.2999992370605,2.43333339691162,14.283332824707,14.3333330154419,1.66666662693024,1203,139,64,22.4791240692139,379,219,236,372,1374.47106933594
"S05T03P09",5,3,"2/9/2024","ZAR + BRY","lacrimans","Long Plain",148.5627147,-35.66286329,"5/1/2024","alive","3","B16","control",8.06666660308838,11.3833332061768,44.9934120178223,514.862426757812,22,-3.29999995231628,25.2999992370605,2.43333339691162,14.283332824707,14.3333330154419,1.66666662693024,1203,139,64,22.4791240692139,379,219,236,372,1374.47106933594
"S05T04P28",5,4,"2/9/2024","ZAR + BRY","lacrimans","Long Plain",148.5658463,-35.6554796,"5/2/2024","alive","3","F1","control",7.97916650772095,11.2083330154419,44.6547164916992,514.42578125,21.7999992370605,-3.29999995231628,25.0999984741211,2.36666655540466,14.1833333969116,14.25,1.58333337306976,1201,138,65,22.4105682373047,379,219,237,371,1375.84680175781
"S05T04P37",5,4,"2/9/2024","ZAR + BRY","lacrimans","Long Plain",148.5658463,-35.6554796,"5/7/2024","alive","4","A9","control",7.97916650772095,11.2083330154419,44.6547164916992,514.42578125,21.7999992370605,-3.29999995231628,25.0999984741211,2.36666655540466,14.1833333969116,14.25,1.58333337306976,1201,138,65,22.4105682373047,379,219,237,371,1375.84680175781
"S05T05P01",5,5,"2/9/2024","ZAR + BRY","lacrimans","Long Plain",148.5753374,-35.63213532,"5/1/2024","alive","4","B3","control",8.13333320617676,11.0166664123535,44.2436408996582,513.92578125,21.7999992370605,-3.09999990463257,24.8999996185303,2.5,12.2166662216187,14.3833332061768,1.73333323001862,1171,137,63,22.3808460235596,370,214,231,364,1366.77880859375
"S05T05P03",5,5,"2/9/2024","ZAR + BRY","lacrimans","Long Plain",148.5753374,-35.63213532,"5/1/2024","alive","3","C15","control",8.13333320617676,11.0166664123535,44.2436408996582,513.92578125,21.7999992370605,-3.09999990463257,24.8999996185303,2.5,12.2166662216187,14.3833332061768,1.73333323001862,1171,137,63,22.3808460235596,370,214,231,364,1366.77880859375
"S05T05P09",5,5,"2/9/2024","ZAR + BRY","lacrimans","Long Plain",148.5753374,-35.63213532,"5/1/2024","alive","3","A9","control",8.13333320617676,11.0166664123535,44.2436408996582,513.92578125,21.7999992370605,-3.09999990463257,24.8999996185303,2.5,12.2166662216187,14.3833332061768,1.73333323001862,1171,137,63,22.3808460235596,370,214,231,364,1366.77880859375
"S05T05P10",5,5,"2/9/2024","ZAR + BRY","lacrimans","Long Plain",148.5753374,-35.63213532,"5/1/2024","alive","4","F5","control",8.13333320617676,11.0166664123535,44.2436408996582,513.92578125,21.7999992370605,-3.09999990463257,24.8999996185303,2.5,12.2166662216187,14.3833332061768,1.73333323001862,1171,137,63,22.3808460235596,370,214,231,364,1366.77880859375
"S05T06P10",5,6,"2/9/2024","ZAR + BRY","lacrimans","Long Plain",148.5938028,-35.61784443,"5/2/2024","alive","3","F8","control",7.99583339691162,10.8583335876465,44.1395645141602,510.532073974609,21.6000003814697,-3,24.6000003814697,2.41666674613953,14.1333332061768,14.1999998092651,1.63333332538605,1148,132,64,21.1055374145508,357,214,230,349,1389.87512207031
"S05T06P11",5,6,"2/9/2024","ZAR + BRY","lacrimans","Long Plain",148.5938028,-35.61784443,"5/2/2024","alive","4","C10","control",7.99583339691162,10.8583335876465,44.1395645141602,510.532073974609,21.6000003814697,-3,24.6000003814697,2.41666674613953,14.1333332061768,14.1999998092651,1.63333332538605,1148,132,64,21.1055374145508,357,214,230,349,1389.87512207031
"S05T07P05",5,7,"0/05/2023","BRY","lacrimans","Long Plain",148.5911515,-35.62483876,"5/7/2024","alive","4","D8","control",8.125,10.9666662216187,44.2204322814941,512.411865234375,21.7999992370605,-3,24.7999992370605,2.51666665077209,14.2833337783813,14.3666667938232,1.75,1159,135,63,22.076099395752,364,213,230,358,1356.31176757812
"S05T07P21",5,7,"0/05/2023","BRY","lacrimans","Long Plain",148.5911515,-35.62483876,"5/7/2024","alive","3","E12","control",8.125,10.9666662216187,44.2204322814941,512.411865234375,21.7999992370605,-3,24.7999992370605,2.51666665077209,14.2833337783813,14.3666667938232,1.75,1159,135,63,22.076099395752,364,213,230,358,1356.31176757812
"S05T11P03",5,11,"0/05/2023","BRY","lacrimans","Long Plain",148.5865126,-35.62357238,"5/7/2024","alive","3","F6","control",8.125,10.9666662216187,44.2204322814941,512.411865234375,21.7999992370605,-3,24.7999992370605,2.51666665077209,14.2833337783813,14.3666667938232,1.75,1159,135,63,22.076099395752,364,213,230,358,1356.64794921875
"S05T15P07",5,15,"0/05/2023","BRY","lacrimans","Long Plain",148.5444786,-35.72491793,"5/7/2024","alive","3","F4","control",8.2708330154419,11.1416664123535,44.3891105651855,515.608459472656,22.2000007629395,-2.90000009536743,25.1000003814697,2.65000009536743,12.3666667938232,14.5500001907349,1.86666667461395,1226,144,63,23.8106899261475,393,216,240,385,1356.4150390625
"S05T15P20",5,15,"0/05/2023","BRY","lacrimans","Long Plain",148.5444786,-35.72491793,"5/7/2024","alive","4","F4","control",8.2708330154419,11.1416664123535,44.3891105651855,515.608459472656,22.2000007629395,-2.90000009536743,25.1000003814697,2.65000009536743,12.3666667938232,14.5500001907349,1.86666667461395,1226,144,63,23.8106899261475,393,216,240,385,1356.4150390625
"S06T01P01",6,1,"2/9/2024","ZAR + BRY","pauciflora","Long Plain",148.6428842,-35.60067096,"5/7/2024","alive","4","D11","control",8.42500019073486,11.6333332061768,45.4427070617676,515.917114257812,22.3999996185303,-3.20000004768372,25.6000003814697,2.81666660308838,12.5,14.6999998092651,2,1077,120,62,18.9415454864502,326,207,221,320,1378.4775390625
"S06T01P07",6,1,"2/9/2024","ZAR + BRY","pauciflora","Long Plain",148.6428842,-35.60067096,"5/7/2024","alive","3","F7","control",8.42500019073486,11.6333332061768,45.4427070617676,515.917114257812,22.3999996185303,-3.20000004768372,25.6000003814697,2.81666660308838,12.5,14.6999998092651,2,1077,120,62,18.9415454864502,326,207,221,320,1378.4775390625
"S06T02P17",6,2,"2/9/2024","ZAR + BRY","pauciflora","Long Plain",148.6445585,-35.60294304,"5/7/2024","alive","3","D8","control",8.42500019073486,11.6333332061768,45.4427070617676,515.917114257812,22.3999996185303,-3.20000004768372,25.6000003814697,2.81666660308838,12.5,14.6999998092651,2,1077,120,62,18.9415454864502,326,207,221,320,1313.17736816406
"S06T02P20",6,2,"2/9/2024","ZAR + BRY","pauciflora","Long Plain",148.6445585,-35.60294304,"5/7/2024","alive","4","E16","control",8.42500019073486,11.6333332061768,45.4427070617676,515.917114257812,22.3999996185303,-3.20000004768372,25.6000003814697,2.81666660308838,12.5,14.6999998092651,2,1077,120,62,18.9415454864502,326,207,221,320,1313.17736816406
"S06T03P09",6,3,"2/9/2024","ZAR + BRY","pauciflora","Long Plain",148.6627797,-35.60956426,"5/2/2024","alive","4","C9","control",8.3541669845581,11.3249998092651,44.7628440856934,515.996215820312,22.2000007629395,-3.09999990463257,25.3000011444092,4.94999980926514,12.4333333969116,14.6333332061768,1.93333327770233,1055,117,62,18.2573757171631,318,206,218,310,1311.03161621094
"S06T03P30",6,3,"2/9/2024","ZAR + BRY","pauciflora","Long Plain",148.6627797,-35.60956426,"5/2/2024","alive","3","F14","control",8.3541669845581,11.3249998092651,44.7628440856934,515.996215820312,22.2000007629395,-3.09999990463257,25.3000011444092,4.94999980926514,12.4333333969116,14.6333332061768,1.93333327770233,1055,117,62,18.2573757171631,318,206,218,310,1311.03161621094
"S06T05P14",6,5,"2/9/2024","ZAR + BRY","pauciflora","Long Plain",148.6387252,-35.5979197,"5/7/2024","alive","3","A13","control",8.01249980926514,11.2749996185303,44.7420654296875,514.548034667969,21.8999996185303,-3.29999995231628,25.1999988555908,2.41666650772095,14.2166662216187,14.283332824707,1.63333320617676,1101,124,64,19.380443572998,335,212,224,327,1424.67797851562
"S06T05P20",6,5,"2/9/2024","ZAR + BRY","pauciflora","Long Plain",148.6387252,-35.5979197,"5/7/2024","alive","4","C5","control",8.01249980926514,11.2749996185303,44.7420654296875,514.548034667969,21.8999996185303,-3.29999995231628,25.1999988555908,2.41666650772095,14.2166662216187,14.283332824707,1.63333320617676,1101,124,64,19.380443572998,335,212,224,327,1424.67797851562
"S07T01P09",7,1,"2/17/2024","ZAR + BRY","pauciflora","Namadgi, Mt Franklin Road",148.807368,-35.35601803,"5/7/2024","alive","3","A16","control",9.70416641235352,10.7416667938232,43.6653099060059,507.598876953125,23,-1.60000002384186,24.6000003814697,6.25,15.8999996185303,15.8999996185303,3.43333315849304,1031,111,63,16.2816963195801,300,208,208,294,1194.67761230469
"S07T01P20",7,1,"2/17/2024","ZAR + BRY","pauciflora","Namadgi, Mt Franklin Road",148.807368,-35.35601803,"5/7/2024","alive","4","E14","control",9.70416641235352,10.7416667938232,43.6653099060059,507.598876953125,23,-1.60000002384186,24.6000003814697,6.25,15.8999996185303,15.8999996185303,3.43333315849304,1031,111,63,16.2816963195801,300,208,208,294,1194.67761230469
"S07T02P12",7,2,"2/17/2024","ZAR + BRY","pauciflora","Namadgi, Mt Franklin Road",148.8003298,-35.35940543,"5/13/2024","alive","3","B4","control",9.46250057220459,10.6083335876465,43.2993202209473,507.445159912109,22.7000007629395,-1.79999995231628,24.5,5.98333311080933,15.6500005722046,15.6500005722046,3.18333339691162,1024,110,64,16.2637825012207,300,209,209,290,1248.51977539062
"S07T02P14",7,2,"2/17/2024","ZAR + BRY","pauciflora","Namadgi, Mt Franklin Road",148.8003298,-35.35940543,"5/13/2024","alive","4","G15","control",9.46250057220459,10.6083335876465,43.2993202209473,507.445159912109,22.7000007629395,-1.79999995231628,24.5,5.98333311080933,15.6500005722046,15.6500005722046,3.18333339691162,1024,110,64,16.2637825012207,300,209,209,290,1248.51977539062
"S07T02P15",7,2,"2/17/2024","ZAR + BRY","pauciflora","Namadgi, Mt Franklin Road",148.8003298,-35.35940543,"5/13/2024","alive","3","F15","control",9.46250057220459,10.6083335876465,43.2993202209473,507.445159912109,22.7000007629395,-1.79999995231628,24.5,5.98333311080933,15.6500005722046,15.6500005722046,3.18333339691162,1024,110,64,16.2637825012207,300,209,209,290,1248.51977539062
"S07T03P01",7,3,"2/17/2024","ZAR + BRY","pauciflora","Namadgi, Mt Franklin Road",148.8036235,-35.37069352,"5/13/2024","alive","3","G8","control",9.4791669845581,10.6416664123535,43.435375213623,506.173095703125,22.7000007629395,-1.79999995231628,24.5,6,15.6500005722046,15.6500005722046,3.2333333492279,1022,109,63,16.2085990905762,299,208,208,289,1272.49792480469
"S07T04P04",7,4,"2/17/2024","ZAR + BRY","pauciflora","Namadgi, Mt Franklin Road",148.8057254,-35.38062161,"5/13/2024","alive","4","A13","control",9.32916641235352,10.5249996185303,43.1352462768555,505.427185058594,22.5,-1.89999997615814,24.3999996185303,5.86666679382324,15.4166669845581,15.5,3.08333325386047,1020,108,64,15.2901048660278,298,211,212,285,1314.48132324219
"S07T05P06",7,5,"2/17/2024","ZAR + BRY","pauciflora","Namadgi, Mt Franklin Road",148.8051036,-35.38599523,"5/1/2024","alive","3","E7","control",9.19583320617676,10.4083337783813,43.0096435546875,504.463958740234,22.2999992370605,-1.89999997615814,24.1999988555908,5.71666669845581,15.283332824707,15.3500003814697,2.96666669845581,1010,107,64,15.2587127685547,294,210,211,282,1320.54113769531
"S07T05P09",7,5,"2/17/2024","ZAR + BRY","pauciflora","Namadgi, Mt Franklin Road",148.8051036,-35.38599523,"5/1/2024","alive","4","F15","control",9.19583320617676,10.4083337783813,43.0096435546875,504.463958740234,22.2999992370605,-1.89999997615814,24.1999988555908,5.71666669845581,15.283332824707,15.3500003814697,2.96666669845581,1010,107,64,15.2587127685547,294,210,211,282,1320.54113769531
"S07T07P09",7,7,"2/17/2024","ZAR + BRY","pauciflora","Namadgi, Mt Franklin Road",148.7958075,-35.40021858,"5/1/2024","alive","3","D10","control",9.54583358764648,10.6916666030884,43.4620628356934,506.581512451172,22.7999992370605,-1.79999995231628,24.5999984741211,6.08333349227905,15.6499996185303,15.716667175293,3.28333330154419,1015,108,63,15.8454093933105,297,210,210,285,1232.10192871094
"S07T07P12",7,7,"2/17/2024","ZAR + BRY","pauciflora","Namadgi, Mt Franklin Road",148.7958075,-35.40021858,"5/1/2024","alive","4","E7","control",9.54583358764648,10.6916666030884,43.4620628356934,506.581512451172,22.7999992370605,-1.79999995231628,24.5999984741211,6.08333349227905,15.6499996185303,15.716667175293,3.28333330154419,1015,108,63,15.8454093933105,297,210,210,285,1232.10192871094
"S07T08P03",7,8,"2/17/2024","ZAR + BRY","pauciflora","Namadgi, Mt Franklin Road",148.7965021,-35.40486114,"5/13/2024","alive","3","D4","control",9.54583358764648,10.6916666030884,43.4620628356934,506.581512451172,22.7999992370605,-1.79999995231628,24.5999984741211,6.08333349227905,15.6499996185303,15.716667175293,3.28333330154419,1015,108,63,15.8454093933105,297,210,210,285,1265.83581542969
"S07T09P05",7,9,"2/17/2024","ZAR + BRY","pauciflora","Namadgi, Mt Franklin Road",148.7854164,-35.41904123,"5/8/2024","alive","4","C15","control",9.00416660308838,10.3416662216187,42.7341575622559,506.015899658203,22.1000003814697,-2.09999990463257,24.2000007629395,5.5,15.1166667938232,15.1666669845581,2.76666665077209,1010,107,64,15.422116279602,296,210,211,281,1297.65063476562
"S07T10P06",7,10,"2/17/2024","ZAR + BRY","pauciflora","Namadgi, Mt Franklin Road",148.7894564,-35.40937525,"5/8/2024","alive","4","G4","control",9.46249961853027,10.6583337783813,43.5033988952637,506.454376220703,22.7000007629395,-1.79999995231628,24.5,6,15.5666666030884,15.6500005722046,3.21666669845581,1015,109,63,15.9857807159424,298,209,210,286,1245.45874023438
"S08T02P02",8,2,"2/17/2024","ZAR + BRY","debeuzevillei","Namadgi, Mt Franklin Road",148.7723667,-35.53009341,"5/14/2024","alive","3","F10","control",6.83333349227905,9.05000019073486,39.6929817199707,502.124267578125,19.3999996185303,-3.40000009536743,22.7999992370605,3.25,12.9166660308838,12.9333333969116,0.650000035762787,1104,116,73,15.4534292221069,327,228,235,304,1755.38928222656
"S08T04P04",8,4,"2/17/2024","ZAR + BRY","debeuzevillei","Namadgi, Mt Franklin Road",148.7744314,-35.53567387,"5/3/2024","alive","4","F13","control",7.01666688919067,9.13333320617676,39.8835525512695,502.205749511719,19.6000003814697,-3.29999995231628,22.8999996185303,3.46666669845581,13.1000003814697,13.1166667938232,0.816666662693024,1060,110,70,15.239236831665,313,221,228,288,1619.29418945312
"S08T04P13",8,4,"2/17/2024","ZAR + BRY","debeuzevillei","Namadgi, Mt Franklin Road",148.7744314,-35.53567387,"5/6/2024","alive","3","B9","control",7.01666688919067,9.13333320617676,39.8835525512695,502.205749511719,19.6000003814697,-3.29999995231628,22.8999996185303,3.46666669845581,13.1000003814697,13.1166667938232,0.816666662693024,1060,110,70,15.239236831665,313,221,228,288,1619.29418945312
"S08T06P04",8,6,"2/17/2024","ZAR + BRY","debeuzevillei","Namadgi, Mt Franklin Road",148.7720945,-35.53224822,"5/8/2024","alive","4","D2","control",6.83333349227905,9.05000019073486,39.6929817199707,502.124267578125,19.3999996185303,-3.40000009536743,22.7999992370605,3.25,12.9166660308838,12.9333333969116,0.650000035762787,1104,116,73,15.4534292221069,327,228,235,304,1733.13525390625
"S09T01P05",9,1,"0/05/2023","BRY","acerina","Baw Baw Plateau",146.345269,-37.88025918,"5/7/2024","alive","4","F9","control",7.38333320617676,6.7000002861023,36.6120223999023,429.822021484375,18.1000003814697,-0.200000002980232,18.3000011444092,2.41666674613953,12.9000005722046,12.9000005722046,2.34999990463257,1441,153,65,23.7971000671387,448,241,241,435,1412.02014160156
"S09T01P10",9,1,"0/05/2023","BRY","acerina","Baw Baw Plateau",146.345269,-37.88025918,"5/7/2024","alive","3","G2","control",7.38333320617676,6.7000002861023,36.6120223999023,429.822021484375,18.1000003814697,-0.200000002980232,18.3000011444092,2.41666674613953,12.9000005722046,12.9000005722046,2.34999990463257,1441,153,65,23.7971000671387,448,241,241,435,1412.02014160156
"S09T02P012",9,2,"0/05/2023","BRY","acerina","Baw Baw Plateau",146.3437721,-37.87613875,"5/8/2024","alive","3","C13","control",7.38333320617676,6.7000002861023,36.6120223999023,429.822021484375,18.1000003814697,-0.200000002980232,18.3000011444092,2.41666674613953,12.9000005722046,12.9000005722046,2.34999990463257,1441,153,65,23.7971000671387,448,241,241,435,1499.62536621094
"S09T02P02",9,2,"0/05/2023","BRY","acerina","Baw Baw Plateau",146.3437721,-37.87613875,"5/8/2024","alive","4","C16","control",7.38333320617676,6.7000002861023,36.6120223999023,429.822021484375,18.1000003814697,-0.200000002980232,18.3000011444092,2.41666674613953,12.9000005722046,12.9000005722046,2.34999990463257,1441,153,65,23.7971000671387,448,241,241,435,1499.62536621094
"S09T06P02",9,6,"0/05/2023","BRY","acerina","Baw Baw Plateau",146.328103,-37.83555978,"2/13/2024","alive","3","E5","control",7.40000009536743,7.06666660308838,37.3897705078125,437.061462402344,18.3999996185303,-0.5,18.8999996185303,2.36666655540466,12.9666662216187,12.9666662216187,2.18333339691162,1417,157,63,24.8477172851562,453,236,236,435,1353.13391113281
"S09T06P13",9,6,"0/05/2023","BRY","acerina","Baw Baw Plateau",146.328103,-37.83555978,"2/13/2024","alive","4","C11","control",7.40000009536743,7.06666660308838,37.3897705078125,437.061462402344,18.3999996185303,-0.5,18.8999996185303,2.36666655540466,12.9666662216187,12.9666662216187,2.18333339691162,1417,157,63,24.8477172851562,453,236,236,435,1353.13391113281
"S09T07P02",9,7,"0/05/2023","BRY","acerina","Baw Baw Plateau",146.3252066,-37.83214933,"5/6/2024","alive","4","A10","control",7.65000009536743,7.23333358764648,37.8708572387695,435.879486083984,18.7999992370605,-0.300000011920929,19.0999984741211,2.65000009536743,13.1999998092651,13.1999998092651,2.45000004768372,1361,147,62,23.5064353942871,427,231,231,410,1397.79711914062
"S09T08T02",9,8,"0/05/2023","BRY","acerina","Baw Baw Plateau",146.3203746,-37.83450343,"5/8/2024","alive","3","D6","control",7.03749990463257,6.94166660308838,36.9237594604492,440.026458740234,18,-0.800000011920929,18.7999992370605,1.98333334922791,12.6499996185303,12.6499996185303,1.79999995231628,1477,167,64,26.3092250823975,480,239,239,461,1449.89587402344
"S09T08T04",9,8,"0/05/2023","BRY","acerina","Baw Baw Plateau",146.3203746,-37.83450343,"5/8/2024","alive","3","F12","control",7.03749990463257,6.94166660308838,36.9237594604492,440.026458740234,18,-0.800000011920929,18.7999992370605,1.98333334922791,12.6499996185303,12.6499996185303,1.79999995231628,1477,167,64,26.3092250823975,480,239,239,461,1449.89587402344
"S10T03P05",10,3,"0/05/2024","BRY","hedraia","Falls Creek/Bogong",147.3045634,-36.72356214,"5/8/2024","alive","3","C14","control",7.05416679382324,8.125,37.2706413269043,499.497283935547,19.3999996185303,-2.40000009536743,21.7999992370605,1.03333330154419,13.2666664123535,13.2666664123535,1.03333330154419,1582,179,74,25.5976619720459,506,267,267,506,1734.21838378906
"S10T03P10",10,3,"0/05/2024","BRY","hedraia","Falls Creek/Bogong",147.3045634,-36.72356214,"5/8/2024","alive","4","B11","control",7.05416679382324,8.125,37.2706413269043,499.497283935547,19.3999996185303,-2.40000009536743,21.7999992370605,1.03333330154419,13.2666664123535,13.2666664123535,1.03333330154419,1582,179,74,25.5976619720459,506,267,267,506,1734.21838378906
"S10T04P03",10,4,"0/05/2025","BRY","hedraia","Falls Creek/Bogong",147.2925612,-36.7751921,"5/13/2024","alive","4","G6","control",7.94583320617676,9.00833320617676,39.6842880249023,499.538238525391,20.7000007629395,-2,22.7000007629395,1.83333337306976,14.0833330154419,14.0833330154419,1.83333337306976,1355,152,64,25.3412494659424,433,235,235,433,1391.82019042969
"S10T05P03",10,5,"0/05/2026","BRY","hedraia","Falls Creek/Bogong",147.291878,-36.77394442,"5/8/2024","alive","4","C7","control",7.82499980926514,8.73333358764648,38.988094329834,499.365509033203,20.3999996185303,-2,22.3999996185303,1.71666669845581,13.9833335876465,13.9833335876465,1.71666669845581,1377,156,65,25.3785762786865,441,238,238,441,1414.52368164062
"S10T06P01",10,6,"0/05/2023","BRY","hedraia","Falls Creek/Bogong",147.2842634,-36.77229158,"5/8/2024","alive","3","A10","control",7.32499980926514,8.26666641235352,37.575756072998,501.450164794922,19.7000007629395,-2.29999995231628,22,1.23333334922791,13.533332824707,13.533332824707,1.23333334922791,1470,173,70,25.3304977416992,470,254,254,470,1416.79943847656
"S10T07P02",10,7,"0/05/2023","BRY","hedraia","Falls Creek/Bogong",147.284648,-36.77091069,"5/7/2024","alive","3","G3","control",7.32499980926514,8.26666641235352,37.575756072998,501.450164794922,19.7000007629395,-2.29999995231628,22,1.23333334922791,13.533332824707,13.533332824707,1.23333334922791,1470,173,70,25.3304977416992,470,254,254,470,1467.08923339844
"S10T08P07",10,8,"0/05/2023","BRY","hedraia","Falls Creek/Bogong",147.2913688,-36.76286481,"5/7/2024","alive","3","G15","control",7.38333320617676,8.18333339691162,37.3668174743652,501.07763671875,19.7000007629395,-2.20000004768372,21.9000015258789,1.28333330154419,13.5833330154419,13.5833330154419,1.28333330154419,1467,172,70,25.4845294952393,470,252,252,470,1538.8203125
"S10T08P08",10,8,"0/05/2023","BRY","hedraia","Falls Creek/Bogong",147.2913688,-36.76286481,"5/7/2024","alive","4","B13","control",7.38333320617676,8.18333339691162,37.3668174743652,501.07763671875,19.7000007629395,-2.20000004768372,21.9000015258789,1.28333330154419,13.5833330154419,13.5833330154419,1.28333330154419,1467,172,70,25.4845294952393,470,252,252,470,1538.8203125
"S10T09P01",10,9,"0/05/2023","BRY","hedraia","Falls Creek/Bogong",147.2916716,-36.76091585,"5/13/2024","alive","3","D2","control",7.36666679382324,8.25,37.6712303161621,500.283264160156,19.7000007629395,-2.20000004768372,21.9000015258789,1.26666665077209,13.5500001907349,13.5500001907349,1.26666665077209,1454,170,70,25.1735324859619,464,251,251,464,1539.9228515625
"S10T09P06",10,9,"0/05/2023","BRY","hedraia","Falls Creek/Bogong",147.2916716,-36.76091585,"5/13/2024","alive","4","D4","control",7.36666679382324,8.25,37.6712303161621,500.283264160156,19.7000007629395,-2.20000004768372,21.9000015258789,1.26666665077209,13.5500001907349,13.5500001907349,1.26666665077209,1454,170,70,25.1735324859619,464,251,251,464,1539.9228515625
"S10T10P02",10,10,"0/05/2023","BRY","hedraia","Falls Creek/Bogong",147.2955856,-36.87176213,"5/14/2024","alive","4","G12","control",6.34166669845581,8.60000038146973,38.5650215148926,507.094360351562,19,-3.29999995231628,22.2999992370605,0.149999976158142,12.5833330154419,12.5833330154419,0.149999976158142,1623,194,77,26.7793922424316,531,277,277,531,1591.98254394531
"S10T12P05",10,12,"0/05/2023","BRY","niphophila","Falls Creek/Bogong",147.2890632,-36.75422488,"5/8/2024","alive","3","C1","control",6.53749990463257,7.70833349227905,36.1893577575684,499.268218994141,18.6000003814697,-2.70000004768372,21.3000011444092,0.51666659116745,12.75,12.75,0.51666659116745,1604,179,77,24.5638637542725,502,273,273,502,1713.84887695312
"S10T14P03",10,14,"0/05/2023","BRY","niphophila","Falls Creek/Bogong",147.3044367,-36.92865616,"5/8/2024","alive","3","G7","control",6.48750019073486,8.15833377838135,37.9457397460938,496.401245117188,18.7999992370605,-2.70000004768372,21.5,0.450000017881393,12.6499996185303,12.6499996185303,0.450000017881393,1608,191,78,25.5333423614502,519,279,279,519,1624.8662109375
"S10T15P02",10,15,"0/05/2023","BRY","niphophila","Falls Creek/Bogong",147.2816119,-36.92711515,"5/13/2024","alive","4","E9","control",5.90416669845581,8.22499942779541,38.2558135986328,498.317413330078,18.2999992370605,-3.20000004768372,21.5,-0.150000020861626,12.0833330154419,12.0833330154419,-0.150000020861626,1669,182,81,24.4452114105225,527,284,284,527,1820.32019042969
"S10T16P02",10,16,"0/05/2023","BRY","niphophila","Falls Creek/Bogong",147.2884346,-36.76779888,"5/13/2024","alive","4","A1","control",7.32499980926514,8.26666641235352,37.575756072998,501.450164794922,19.7000007629395,-2.29999995231628,22,1.23333334922791,13.533332824707,13.533332824707,1.23333334922791,1470,173,70,25.3304977416992,470,254,254,470,1511.43395996094
"S10T18P03",10,18,"0/05/2023","BRY","niphophila","Falls Creek/Bogong",147.3193627,-36.94187033,"5/6/2024","alive","3","G13","control",6.82499980926514,8.19999980926514,38.317756652832,489.696105957031,19,-2.40000009536743,21.3999996185303,0.866666615009308,12.8999996185303,12.8999996185303,0.866666615009308,1499,183,76,22.973669052124,467,274,274,467,1589.35681152344
"S11T01P01",11,1,"0/05/2023","BRY","pauciflora","Falls Creek/Bogong",147.297255,-36.71530832,"5/1/2024","alive","3","E11","control",8.06666660308838,8.65000057220459,38.7892379760742,495.866271972656,20.6000003814697,-1.70000004768372,22.3000011444092,2.06666660308838,14.216667175293,14.216667175293,2.06666660308838,1436,161,66,26.7405071258545,466,241,241,466,1442.45153808594
"S11T01P04",11,1,"0/05/2023","BRY","pauciflora","Falls Creek/Bogong",147.297255,-36.71530832,"5/1/2024","alive","4","G1","control",8.06666660308838,8.65000057220459,38.7892379760742,495.866271972656,20.6000003814697,-1.70000004768372,22.3000011444092,2.06666660308838,14.216667175293,14.216667175293,2.06666660308838,1436,161,66,26.7405071258545,466,241,241,466,1442.45153808594
"S11T01P07",11,1,"0/05/2023","BRY","pauciflora","Falls Creek/Bogong",147.297255,-36.71530832,"5/1/2024","alive","4","F2","control",8.06666660308838,8.65000057220459,38.7892379760742,495.866271972656,20.6000003814697,-1.70000004768372,22.3000011444092,2.06666660308838,14.216667175293,14.216667175293,2.06666660308838,1436,161,66,26.7405071258545,466,241,241,466,1442.45153808594
"S11T02P01",11,2,"0/05/2023","BRY","pauciflora","Falls Creek/Bogong",147.2949949,-36.71321879,"5/1/2024","alive","4","D7","control",8.06666660308838,8.65000057220459,38.7892379760742,495.866271972656,20.6000003814697,-1.70000004768372,22.3000011444092,2.06666660308838,14.216667175293,14.216667175293,2.06666660308838,1436,161,66,26.7405071258545,466,241,241,466,1436.73229980469
"S11T02P04",11,2,"0/05/2023","BRY","pauciflora","Falls Creek/Bogong",147.2949949,-36.71321879,"5/1/2024","alive","3","D13","control",8.06666660308838,8.65000057220459,38.7892379760742,495.866271972656,20.6000003814697,-1.70000004768372,22.3000011444092,2.06666660308838,14.216667175293,14.216667175293,2.06666660308838,1436,161,66,26.7405071258545,466,241,241,466,1436.73229980469
"S11T03P03",11,3,"0/05/2023","BRY","pauciflora","Falls Creek/Bogong",147.2869775,-36.76922593,"5/8/2024","alive","4","E2","control",7.32499980926514,8.26666641235352,37.575756072998,501.450164794922,19.7000007629395,-2.29999995231628,22,1.23333334922791,13.533332824707,13.533332824707,1.23333334922791,1470,173,70,25.3304977416992,470,254,254,470,1518.2587890625
"S11T03P09",11,3,"0/05/2023","BRY","pauciflora","Falls Creek/Bogong",147.2869775,-36.76922593,"5/8/2024","alive","3","F5","control",7.32499980926514,8.26666641235352,37.575756072998,501.450164794922,19.7000007629395,-2.29999995231628,22,1.23333334922791,13.533332824707,13.533332824707,1.23333334922791,1470,173,70,25.3304977416992,470,254,254,470,1518.2587890625
"S11T04P14",11,4,"0/05/2023","BRY","pauciflora","Falls Creek/Bogong",147.3110202,-36.71336842,"5/7/2024","alive","3","D1","control",7.59583330154419,8.2083330154419,37.652904510498,495.701782226562,19.8999996185303,-1.89999997615814,21.7999992370605,1.61666667461395,13.7666664123535,13.7666664123535,1.61666667461395,1515,171,71,25.3477573394775,483,259,259,483,1489.41674804688
"S11T04P15",11,4,"0/05/2023","BRY","pauciflora","Falls Creek/Bogong",147.3110202,-36.71336842,"5/7/2024","alive","4","E15","control",7.59583330154419,8.2083330154419,37.652904510498,495.701782226562,19.8999996185303,-1.89999997615814,21.7999992370605,1.61666667461395,13.7666664123535,13.7666664123535,1.61666667461395,1515,171,71,25.3477573394775,483,259,259,483,1489.41674804688
"S11T05P01",11,5,"0/05/2023","BRY","pauciflora","Falls Creek/Bogong",147.2884346,-36.76779888,"5/8/2024","alive","3","F9","control",7.32499980926514,8.26666641235352,37.575756072998,501.450164794922,19.7000007629395,-2.29999995231628,22,1.23333334922791,13.533332824707,13.533332824707,1.23333334922791,1470,173,70,25.3304977416992,470,254,254,470,1511.43395996094
"S12T02P03",12,2,"5/29/2020","MON","pauciflora","Armidale",151.7505972,-30.34999098,"5/8/2024","alive","4","D6","control",12.283332824707,11.5500001907349,47.3360633850098,483.050598144531,24.7000007629395,0.300000011920929,24.4000015258789,18.0166664123535,6.06666660308838,18.0166664123535,6.06666660308838,845,119,41,36.8704605102539,321,135,321,135,1229.76293945312
"S12T03P05",12,3,"5/29/2020","MON","pauciflora","Armidale",151.7523055,-30.18836987,"5/6/2024","alive","3","F3","control",11.8249998092651,11.8500003814697,48.5655708312988,478.351806640625,24.2000007629395,-0.200000002980232,24.4000015258789,17.5,5.68333339691162,17.5,5.68333339691162,921,131,47,35.875316619873,348,151,348,151,1324.30590820312
"S12T03P06",12,3,"5/29/2020","MON","pauciflora","Armidale",151.7523055,-30.18836987,"5/6/2024","alive","4","F6","control",11.8249998092651,11.8500003814697,48.5655708312988,478.351806640625,24.2000007629395,-0.200000002980232,24.4000015258789,17.5,5.68333339691162,17.5,5.68333339691162,921,131,47,35.875316619873,348,151,348,151,1324.30590820312
"S12T04P04",12,4,"5/29/2020","MON","pauciflora","Armidale",151.798809,-30.17882736,"5/8/2024","alive","3","G5","control",11.5249996185303,11.1166667938232,46.9057655334473,472.894866943359,23.6000003814697,-0.100000001490116,23.7000007629395,17.1333332061768,5.44999980926514,17.1333332061768,5.44999980926514,940,136,47,37.1730575561523,361,152,361,152,1354.50354003906
"S12T05P01",12,5,"5/29/2020","MON","pauciflora","Armidale",151.8763137,-30.13955858,"5/13/2024","alive","4","F16","control",11.7624998092651,10.6416664123535,46.4701614379883,461.770935058594,23.2999992370605,0.400000005960464,22.8999996185303,17.2333335876465,5.81666660308838,17.2333335876465,5.81666660308838,954,143,43,40.359203338623,377,141,377,141,1324.46252441406
"S12T05P06",12,5,"5/29/2020","MON","pauciflora","Armidale",151.8763137,-30.13955858,"5/13/2024","alive","3","D3","control",11.7624998092651,10.6416664123535,46.4701614379883,461.770935058594,23.2999992370605,0.400000005960464,22.8999996185303,17.2333335876465,5.81666660308838,17.2333335876465,5.81666660308838,954,143,43,40.359203338623,377,141,377,141,1324.46252441406
"S12T06P11",12,6,"5/30/2020","MON","pauciflora","Armidale",151.9918547,-30.51419373,"5/6/2024","alive","4","D3","control",13.4499998092651,12.0333337783813,48.7179489135742,468.493713378906,25.7000007629395,1,24.7000007629395,19.0166664123535,7.38333320617676,19.0166664123535,7.38333320617676,842,126,30,42.833927154541,335,114,335,114,996.149841308594
"S12T06P12",12,6,"5/30/2020","MON","pauciflora","Armidale",151.9918547,-30.51419373,"5/6/2024","alive","3","F11","control",13.4499998092651,12.0333337783813,48.7179489135742,468.493713378906,25.7000007629395,1,24.7000007629395,19.0166664123535,7.38333320617676,19.0166664123535,7.38333320617676,842,126,30,42.833927154541,335,114,335,114,996.149841308594
"S12T07P02",12,7,"5/30/2020","MON","pauciflora","Armidale",151.5484831,-30.67975987,"5/7/2024","alive","4","A2","control",13.0958337783813,13.3083333969116,50.2201271057129,500.724304199219,26.3999996185303,-0.100000001490116,26.5,17.9500007629395,10.25,19.0666675567627,6.66666650772095,797,112,44,33.2248725891113,291,141,290,141,1041.24426269531
"S12T09P01",12,9,"5/31/2020","MON","pauciflora","Armidale",151.5323479,-30.55632952,"5/8/2024","alive","3","C16","control",13.3625001907349,13.0416669845581,49.4002532958984,503.474884033203,26.6000003814697,0.200000002980232,26.3999996185303,18.216667175293,10.5166664123535,19.3333339691162,6.88333320617676,779,108,43,33.665454864502,288,135,284,139,1033.09948730469
"S12T10P04",12,10,"6/2/2020","MON","pauciflora","Armidale",151.5809935,-30.96356189,"5/13/2024","alive","4","A5","control",12.7208337783813,13.5249996185303,51.0377349853516,495.724700927734,26.1000003814697,-0.400000005960464,26.5,18.6499996185303,6.36666679382324,18.6499996185303,6.36666679382324,825,118,45,33.4566078186035,301,147,301,147,1078.83056640625
"S12T10P16",12,10,"6/2/2020","MON","pauciflora","Armidale",151.5809935,-30.96356189,"5/13/2024","alive","3","F16","control",12.7208337783813,13.5249996185303,51.0377349853516,495.724700927734,26.1000003814697,-0.400000005960464,26.5,18.6499996185303,6.36666679382324,18.6499996185303,6.36666679382324,825,118,45,33.4566078186035,301,147,301,147,1078.83056640625
"S13T01P01",13,1,"7/1/2020","MON","pauciflora","Goulburn",149.2904396,-34.49597904,"5/8/2024","alive","4","E4","control",12.2708330154419,12.4916667938232,46.6106986999512,529.345458984375,26.7999992370605,0,26.7999992370605,8.78333377838135,16.3666667938232,18.8500003814697,5.76666641235352,778,81,47,18.1336269378662,237,150,176,218,851.911804199219
"S13T02P02",13,2,"7/1/2020","MON","pauciflora","Goulburn",149.335594,-34.37183799,"5/8/2024","alive","3","A6","control",12.7041664123535,12.7416667938232,47.5435333251953,522.804748535156,27,0.200000002980232,26.7999992370605,9.30000019073486,16.783332824707,19.1666660308838,6.26666641235352,765,78,49,16.8811836242676,229,151,181,209,760.426147460938
"S13T03P03",13,3,"7/1/2020","MON","pauciflora","Goulburn",149.3682872,-34.44282635,"5/13/2024","alive","3","A12","control",11.9708337783813,12.4083337783813,47.0012626647949,519.140258789062,26.2000007629395,-0.200000002980232,26.4000015258789,8.5833330154419,16.033332824707,18.3833332061768,5.58333349227905,784,81,49,17.3719024658203,237,153,180,218,885.347961425781
"S13T04P02",13,4,"7/2/2020","MON","pauciflora","Goulburn",149.4033473,-34.51707128,"5/13/2024","alive","4","A4","control",11.7666664123535,12.2833337783813,46.7046890258789,518.245849609375,26,-0.300000011920929,26.2999992370605,8.38333320617676,15.783332824707,18.216667175293,5.41666698455811,778,80,48,17.20774269104,235,153,179,216,917.8173828125
"S13T05P14",13,5,"7/2/2020","MON","pauciflora","Goulburn",149.5035819,-34.43456833,"5/3/2024","alive","4","A11","control",11.5583333969116,12.2833337783813,47.0625801086426,513.804138183594,25.7000007629395,-0.400000005960464,26.1000003814697,8.25,15.5,17.9333343505859,5.21666669845581,808,80,55,14.1103601455688,234,168,193,218,934.766418457031
"S13T05P17",13,5,"7/2/2020","MON","pauciflora","Goulburn",149.5035819,-34.43456833,"5/3/2024","alive","3","F13","control",11.5583333969116,12.2833337783813,47.0625801086426,513.804138183594,25.7000007629395,-0.400000005960464,26.1000003814697,8.25,15.5,17.9333343505859,5.21666669845581,808,80,55,14.1103601455688,234,168,193,218,934.766418457031
"S13T06P01",13,6,"7/2/2020","MON","pauciflora","Goulburn",149.5468598,-34.36981226,"5/2/2024","alive","3","B6","control",12,12.7166662216187,47.9874229431152,512.498352050781,26.2999992370605,-0.200000002980232,26.5,8.73333358764648,15.8999996185303,18.3666667938232,5.68333339691162,776,79,55,13.6103963851929,220,165,192,199,861.792175292969
"S13T06P06",13,6,"7/2/2020","MON","pauciflora","Goulburn",149.5468598,-34.36981226,"5/2/2024","alive","4","B5","control",12,12.7166662216187,47.9874229431152,512.498352050781,26.2999992370605,-0.200000002980232,26.5,8.73333358764648,15.8999996185303,18.3666667938232,5.68333339691162,776,79,55,13.6103963851929,220,165,192,199,861.792175292969
"S13T06P12",13,6,"7/2/2020","MON","pauciflora","Goulburn",149.5468598,-34.36981226,"5/3/2024","alive","4","G14","control",12,12.7166662216187,47.9874229431152,512.498352050781,26.2999992370605,-0.200000002980232,26.5,8.73333358764648,15.8999996185303,18.3666667938232,5.68333339691162,776,79,55,13.6103963851929,220,165,192,199,861.792175292969
"S13T08P02",13,8,"7/2/2020","MON","pauciflora","Goulburn",149.7442948,-34.34887261,"5/13/2024","alive","3","F2","control",11.6833333969116,12.216667175293,47.5356674194336,501.168334960938,25.5,-0.200000002980232,25.7000007629395,17.5833339691162,8.86666679382324,17.8500003814697,5.4500002861023,868,90,65,9.73541831970215,234,201,225,207,925.079406738281
"S13T08P03",13,8,"7/2/2020","MON","pauciflora","Goulburn",149.7442948,-34.34887261,"5/13/2024","alive","4","F8","control",11.6833333969116,12.216667175293,47.5356674194336,501.168334960938,25.5,-0.200000002980232,25.7000007629395,17.5833339691162,8.86666679382324,17.8500003814697,5.4500002861023,868,90,65,9.73541831970215,234,201,225,207,925.079406738281
"S13T09P06",13,9,"7/2/2020","MON","pauciflora","Goulburn",149.7970744,-34.38220076,"5/14/2024","alive","3","C7","control",11.8999996185303,12.25,47.8515625,495.112487792969,25.6000003814697,0,25.6000003814697,17.7000007629395,6.63333320617676,18,5.73333311080933,864,89,65,9.50864696502686,236,199,225,207,859.400085449219
"S13T09P09",13,9,"7/2/2020","MON","pauciflora","Goulburn",149.7970744,-34.38220076,"5/14/2024","alive","4","B1","control",11.8999996185303,12.25,47.8515625,495.112487792969,25.6000003814697,0,25.6000003814697,17.7000007629395,6.63333320617676,18,5.73333311080933,864,89,65,9.50864696502686,236,199,225,207,859.400085449219
"S13T10P05",13,10,"7/2/2020","MON","pauciflora","Goulburn",149.8065881,-34.45721939,"5/7/2024","alive","3","B14","control",11.9166669845581,12.1333332061768,47.5816955566406,492.984130859375,25.7000007629395,0.200000002980232,25.5,17.6833343505859,6.69999980926514,18,5.78333330154419,851,87,61,9.91168880462646,233,194,219,198,882.066650390625
"S13T10P06",13,10,"7/2/2020","MON","pauciflora","Goulburn",149.8065881,-34.45721939,"5/7/2024","alive","4","F10","control",11.9166669845581,12.1333332061768,47.5816955566406,492.984130859375,25.7000007629395,0.200000002980232,25.5,17.6833343505859,6.69999980926514,18,5.78333330154419,851,87,61,9.91168880462646,233,194,219,198,882.066650390625
"S14T01P02",14,1,"2/13/2021","MON","pauciflora","Kosciuszko",148.659136,-36.195428,"5/2/2024","alive","4","C2","control",9.35000038146973,12.3999996185303,46.6165428161621,508.044372558594,23.8999996185303,-2.70000004768372,26.6000003814697,8.71666622161865,13.283332824707,15.5833330154419,3.05000019073486,858,89,58,13.3275671005249,257,194,198,203,1208.89929199219
"S14T01P04",14,1,"2/13/2021","MON","pauciflora","Kosciuszko",148.659136,-36.195428,"5/2/2024","alive","3","E9","control",9.35000038146973,12.3999996185303,46.6165428161621,508.044372558594,23.8999996185303,-2.70000004768372,26.6000003814697,8.71666622161865,13.283332824707,15.5833330154419,3.05000019073486,858,89,58,13.3275671005249,257,194,198,203,1208.89929199219
"S14T02P01",14,2,"2/13/2021","MON","pauciflora","Kosciuszko",148.645476,-36.187429,"5/8/2024","alive","3","B7","control",9.56666660308838,12.5500001907349,47.1804504394531,508.126403808594,24.1000003814697,-2.5,26.6000003814697,8.93333339691162,4.34999990463257,15.8000001907349,3.28333330154419,814,84,56,13.6400537490845,244,180,192,191,1144.85620117188
"S14T02P11",14,2,"2/13/2021","MON","pauciflora","Kosciuszko",148.645476,-36.187429,"5/8/2024","alive","4","D14","control",9.56666660308838,12.5500001907349,47.1804504394531,508.126403808594,24.1000003814697,-2.5,26.6000003814697,8.93333339691162,4.34999990463257,15.8000001907349,3.28333330154419,814,84,56,13.6400537490845,244,180,192,191,1144.85620117188
"S14T02P15",14,2,"2/13/2021","MON","pauciflora","Kosciuszko",148.645476,-36.187429,"5/8/2024","alive","3","G10","control",9.56666660308838,12.5500001907349,47.1804504394531,508.126403808594,24.1000003814697,-2.5,26.6000003814697,8.93333339691162,4.34999990463257,15.8000001907349,3.28333330154419,814,84,56,13.6400537490845,244,180,192,191,1144.85620117188
"S14T03P01",14,3,"2/14/2021","MON","pauciflora","Kosciuszko",148.607773,-36.196721,"5/8/2024","alive","3","D7","control",8.75,10.966667175293,44.2204322814941,501.479644775391,22.2999992370605,-2.5,24.7999992370605,8.0833330154419,14.8166666030884,14.8666667938232,2.54999995231628,1064,112,66,13.8179807662964,316,228,230,269,1317.79016113281
"S14T03P05",14,3,"2/14/2021","MON","pauciflora","Kosciuszko",148.607773,-36.196721,"5/8/2024","alive","4","E13","control",8.75,10.966667175293,44.2204322814941,501.479644775391,22.2999992370605,-2.5,24.7999992370605,8.0833330154419,14.8166666030884,14.8666667938232,2.54999995231628,1064,112,66,13.8179807662964,316,228,230,269,1317.79016113281
"S14T04P03",14,4,"2/14/2021","MON","pauciflora","Kosciuszko",148.614017,-36.190743,"5/7/2024","alive","3","C10","control",9.20416641235352,11.625,45.5882339477539,503.277709960938,23.1000003814697,-2.40000009536743,25.5,8.56666660308838,13.1499996185303,15.3500003814697,2.96666669845581,926,96,60,13.2931938171387,276,203,210,226,1268.56896972656
"S14T04P04",14,4,"2/14/2021","MON","pauciflora","Kosciuszko",148.614017,-36.190743,"5/7/2024","alive","4","A14","control",9.20416641235352,11.625,45.5882339477539,503.277709960938,23.1000003814697,-2.40000009536743,25.5,8.56666660308838,13.1499996185303,15.3500003814697,2.96666669845581,926,96,60,13.2931938171387,276,203,210,226,1268.56896972656
"S14T05P02",14,5,"2/14/2021","MON","pauciflora","Kosciuszko",148.616095,-36.185657,"5/7/2024","alive","3","E16","control",9.20416641235352,11.625,45.5882339477539,503.277709960938,23.1000003814697,-2.40000009536743,25.5,8.56666660308838,13.1499996185303,15.3500003814697,2.96666669845581,926,96,60,13.2931938171387,276,203,210,226,1211.25463867188
"S14T05P11",14,5,"2/14/2021","MON","pauciflora","Kosciuszko",148.616095,-36.185657,"5/7/2024","alive","4","F11","control",9.20416641235352,11.625,45.5882339477539,503.277709960938,23.1000003814697,-2.40000009536743,25.5,8.56666660308838,13.1499996185303,15.3500003814697,2.96666669845581,926,96,60,13.2931938171387,276,203,210,226,1211.25463867188
"S14T06P01",14,6,"2/14/2021","MON","pauciflora","Kosciuszko",148.627967,-36.182347,"5/8/2024","alive","3","B13","control",9.76666641235352,12.4833335876465,47.2853507995605,505.745758056641,24.1000003814697,-2.29999995231628,26.3999996185303,9.18333339691162,7,15.966667175293,3.50000023841858,774,81,53,14.0304050445557,232,170,184,182,1100.05798339844
"S14T06P03",14,6,"2/14/2021","MON","pauciflora","Kosciuszko",148.627967,-36.182347,"5/8/2024","alive","4","C3","control",9.76666641235352,12.4833335876465,47.2853507995605,505.745758056641,24.1000003814697,-2.29999995231628,26.3999996185303,9.18333339691162,7,15.966667175293,3.50000023841858,774,81,53,14.0304050445557,232,170,184,182,1100.05798339844
"S14T07P03",14,7,"2/14/2021","MON","pauciflora","Kosciuszko",148.628114,-36.182397,"5/8/2024","alive","4","G7","control",9.76666641235352,12.4833335876465,47.2853507995605,505.745758056641,24.1000003814697,-2.29999995231628,26.3999996185303,9.18333339691162,7,15.966667175293,3.50000023841858,774,81,53,14.0304050445557,232,170,184,182,1101.10754394531
"S14T07P13",14,7,"2/14/2021","MON","pauciflora","Kosciuszko",148.628114,-36.182397,"5/8/2024","alive","3","A11","control",9.76666641235352,12.4833335876465,47.2853507995605,505.745758056641,24.1000003814697,-2.29999995231628,26.3999996185303,9.18333339691162,7,15.966667175293,3.50000023841858,774,81,53,14.0304050445557,232,170,184,182,1101.10754394531
"S14T09P03",14,9,"2/14/2021","MON","pauciflora","Kosciuszko",148.63928,-36.182961,"5/7/2024","alive","4","G3","control",9.88333320617676,12.716667175293,47.6279678344727,507.750518798828,24.3999996185303,-2.29999995231628,26.6999988555908,9.30000019073486,4.63333320617676,16.1000003814697,3.58333349227905,748,79,52,14.0957622528076,223,162,181,174,1067.81628417969
"S14T09P07",14,9,"2/14/2021","MON","pauciflora","Kosciuszko",148.63928,-36.182961,"5/7/2024","alive","3","C3","control",9.88333320617676,12.716667175293,47.6279678344727,507.750518798828,24.3999996185303,-2.29999995231628,26.6999988555908,9.30000019073486,4.63333320617676,16.1000003814697,3.58333349227905,748,79,52,14.0957622528076,223,162,181,174,1067.81628417969
"S14T10P05",14,10,"2/14/2021","MON","pauciflora","Kosciuszko",148.644344,-36.184533,"5/8/2024","alive","4","E3","control",9.56666660308838,12.5500001907349,47.1804504394531,508.126403808594,24.1000003814697,-2.5,26.6000003814697,8.93333339691162,4.34999990463257,15.8000001907349,3.28333330154419,814,84,56,13.6400537490845,244,180,192,191,1114.88977050781
"S14T10P06",14,10,"2/14/2021","MON","pauciflora","Kosciuszko",148.644344,-36.184533,"5/8/2024","alive","4","A12","control",9.56666660308838,12.5500001907349,47.1804504394531,508.126403808594,24.1000003814697,-2.5,26.6000003814697,8.93333339691162,4.34999990463257,15.8000001907349,3.28333330154419,814,84,56,13.6400537490845,244,180,192,191,1114.88977050781
"S01T01P01",1,1,"2/7/2024","ZAR + BRY","pauciflora","Alpine Way, Kosciuszko",148.2047204,-36.52938581,"5/2/2024","dead/resprout","2","G3","control",8.38749980926514,9.24166679382324,41.0740737915039,479.327789306641,20.6000003814697,-1.89999997615814,22.5,7.63333320617676,14.1833333969116,14.216667175293,2.45000004768372,1384,155,73,20.428596496582,432,262,264,363,1271.62048339844
"S01T01P02",1,1,"2/7/2024","ZAR + BRY","pauciflora","Alpine Way, Kosciuszko",148.2047204,-36.52938581,"5/2/2024","dead/resprout","1","D4","control",8.38749980926514,9.24166679382324,41.0740737915039,479.327789306641,20.6000003814697,-1.89999997615814,22.5,7.63333320617676,14.1833333969116,14.216667175293,2.45000004768372,1384,155,73,20.428596496582,432,262,264,363,1271.62048339844
"S01T01P10",1,1,"2/7/2024","ZAR + BRY","pauciflora","Alpine Way, Kosciuszko",148.2047204,-36.52938581,"5/2/2024","dead/resprout","5","F12","control",8.38749980926514,9.24166679382324,41.0740737915039,479.327789306641,20.6000003814697,-1.89999997615814,22.5,7.63333320617676,14.1833333969116,14.216667175293,2.45000004768372,1384,155,73,20.428596496582,432,262,264,363,1271.62048339844
"S01T01P14",1,1,"2/7/2024","ZAR + BRY","pauciflora","Alpine Way, Kosciuszko",148.2047204,-36.52938581,"5/2/2024","dead/resprout","5","B11","control",8.38749980926514,9.24166679382324,41.0740737915039,479.327789306641,20.6000003814697,-1.89999997615814,22.5,7.63333320617676,14.1833333969116,14.216667175293,2.45000004768372,1384,155,73,20.428596496582,432,262,264,363,1271.62048339844
"S01T02P02",1,2,"2/7/2024","ZAR + BRY","pauciflora","Alpine Way, Kosciuszko",148.2104012,-36.53110363,"5/7/2024","dead/resprout","1","A9","control",8.02916622161865,9.22499942779541,40.6387672424316,482.415588378906,20.2999992370605,-2.40000009536743,22.6999988555908,7.28333330154419,13.8666667938232,13.8833332061768,2.04999995231628,1458,165,77,20.8108692169189,456,273,277,381,1356.22192382812
"S01T02P11",1,2,"2/7/2024","ZAR + BRY","pauciflora","Alpine Way, Kosciuszko",148.2104012,-36.53110363,"5/7/2024","dead/resprout","5","E1","control",8.02916622161865,9.22499942779541,40.6387672424316,482.415588378906,20.2999992370605,-2.40000009536743,22.6999988555908,7.28333330154419,13.8666667938232,13.8833332061768,2.04999995231628,1458,165,77,20.8108692169189,456,273,277,381,1356.22192382812
"S01T02P12",1,2,"2/7/2024","ZAR + BRY","pauciflora","Alpine Way, Kosciuszko",148.2104012,-36.53110363,"5/7/2024","dead/resprout","2","A6","control",8.02916622161865,9.22499942779541,40.6387672424316,482.415588378906,20.2999992370605,-2.40000009536743,22.6999988555908,7.28333330154419,13.8666667938232,13.8833332061768,2.04999995231628,1458,165,77,20.8108692169189,456,273,277,381,1356.22192382812
"S01T03P01",1,3,"2/7/2024","ZAR + BRY","pauciflora","Alpine Way, Kosciuszko",148.2949717,-36.5124668,"5/8/2024","dead/resprout","1","C4","control",6.55833339691162,10.3333339691162,42.0054206848145,501.306640625,19.7000007629395,-4.90000009536743,24.6000003814697,3.04999995231628,12.6000003814697,12.6000003814697,0.333333373069763,1602,178,85,20.9753608703613,502,294,299,431,1461.98193359375
"S01T03P04",1,3,"2/7/2024","ZAR + BRY","pauciflora","Alpine Way, Kosciuszko",148.2949717,-36.5124668,"5/8/2024","dead/resprout","5","F1","control",6.55833339691162,10.3333339691162,42.0054206848145,501.306640625,19.7000007629395,-4.90000009536743,24.6000003814697,3.04999995231628,12.6000003814697,12.6000003814697,0.333333373069763,1602,178,85,20.9753608703613,502,294,299,431,1461.98193359375
"S01T03P09",1,3,"2/7/2024","ZAR + BRY","pauciflora","Alpine Way, Kosciuszko",148.2949717,-36.5124668,"5/8/2024","dead/resprout","2","G4","control",6.55833339691162,10.3333339691162,42.0054206848145,501.306640625,19.7000007629395,-4.90000009536743,24.6000003814697,3.04999995231628,12.6000003814697,12.6000003814697,0.333333373069763,1602,178,85,20.9753608703613,502,294,299,431,1461.98193359375
"S01T04P01",1,4,"2/7/2024","ZAR + BRY","pauciflora","Alpine Way, Kosciuszko",148.3267893,-36.49526487,"5/1/2024","dead/resprout","2","E2","control",7.06666660308838,9.56666660308838,41.5942001342773,483.737030029297,19.7000007629395,-3.29999995231628,23,3.58333325386047,12.9333333969116,12.966667175293,1.11666667461395,1552,172,85,19.7041130065918,478,292,298,405,1397.05859375
"S01T04P05",1,4,"2/7/2024","ZAR + BRY","pauciflora","Alpine Way, Kosciuszko",148.3267893,-36.49526487,"5/1/2024","dead/resprout","5","B3","control",7.06666660308838,9.56666660308838,41.5942001342773,483.737030029297,19.7000007629395,-3.29999995231628,23,3.58333325386047,12.9333333969116,12.966667175293,1.11666667461395,1552,172,85,19.7041130065918,478,292,298,405,1397.05859375
"S01T07P02",1,7,"2/7/2024","ZAR + BRY","pauciflora","Alpine Way, Kosciuszko",148.3950978,-36.45384731,"5/14/2024","dead/resprout","1","E1","control",8.25833320617676,10.1000003814697,43.534481048584,483.480926513672,21.2000007629395,-2,23.2000007629395,7.59999990463257,14.1333332061768,14.1333332061768,2.28333330154419,1235,135,72,17.5411148071289,385,250,250,305,1225.20336914062
"S01T08P01",1,8,"2/7/2024","ZAR + BRY","pauciflora","Alpine Way, Kosciuszko",148.4113253,-36.44994221,"5/7/2024","dead/resprout","5","A15","control",8.61250019073486,10.3916664123535,44.4088325500488,482.964935302734,21.6000003814697,-1.79999995231628,23.3999996185303,8,14.5,14.5,2.63333320617676,1126,121,67,16.5927982330322,349,235,235,277,1188.01538085938
"S01T10P01",1,10,"2/7/2024","ZAR + BRY","pauciflora","Alpine Way, Kosciuszko",148.4627102,-36.45529443,"5/1/2024","dead/resprout","1","E6","control",8.65833377838135,10.3999996185303,44.2553176879883,478.163299560547,21.5,-2,23.5,8,14.4666662216187,14.466667175293,2.73333334922791,1149,126,70,16.2837295532227,356,242,246,274,1234.25964355469
"S01T10P05",1,10,"2/7/2024","ZAR + BRY","pauciflora","Alpine Way, Kosciuszko",148.4627102,-36.45529443,"5/1/2024","dead/resprout","2","E1","control",8.65833377838135,10.3999996185303,44.2553176879883,478.163299560547,21.5,-2,23.5,8,14.4666662216187,14.466667175293,2.73333334922791,1149,126,70,16.2837295532227,356,242,246,274,1234.25964355469
"S02T02P01",2,2,"2/8/2024","ZAR + BRY","pauciflora","Kosciuszko Road/Guthega Road",148.5649539,-36.3497391,"5/8/2024","dead/resprout","1","F1","control",9.05833339691162,10.5833339691162,43.9142456054688,490.782470703125,22.2000007629395,-1.89999997615814,24.1000003814697,8.36666679382324,15.0500001907349,15.0500001907349,2.9833333492279,1008,108,64,14.9487962722778,309,222,222,237,1201.35693359375
"S02T02P06",2,2,"2/8/2024","ZAR + BRY","pauciflora","Kosciuszko Road/Guthega Road",148.5649539,-36.3497391,"5/8/2024","dead/resprout","5","G8","control",9.05833339691162,10.5833339691162,43.9142456054688,490.782470703125,22.2000007629395,-1.89999997615814,24.1000003814697,8.36666679382324,15.0500001907349,15.0500001907349,2.9833333492279,1008,108,64,14.9487962722778,309,222,222,237,1201.35693359375
"S02T03P05",2,3,"2/8/2024","ZAR + BRY","pauciflora","Kosciuszko Road/Guthega Road",148.5533744,-36.35100274,"5/3/2024","dead/resprout","2","A13","control",8.84583282470703,10.4416666030884,43.6889801025391,488.697052001953,21.8999996185303,-2,23.8999996185303,8.14999961853027,14.8000001907349,14.8000001907349,2.79999995231628,1065,115,67,15.1743774414062,327,231,231,253,1258.76489257812
"S02T04P01",2,4,"2/8/2024","ZAR + BRY","pauciflora","Kosciuszko Road/Guthega Road",148.537354,-36.34441486,"5/13/2024","dead/resprout","1","C15","control",8.09583282470703,9.85833263397217,42.3104438781738,487.351165771484,20.8999996185303,-2.40000009536743,23.2999992370605,7.33333349227905,14.0166664123535,14.0166664123535,2.08333325386047,1264,138,76,15.7280340194702,384,261,264,313,1394.40539550781
"S02T04P02",2,4,"2/8/2024","ZAR + BRY","pauciflora","Kosciuszko Road/Guthega Road",148.537354,-36.34441486,"5/13/2024","dead/resprout","2","D15","control",8.09583282470703,9.85833263397217,42.3104438781738,487.351165771484,20.8999996185303,-2.40000009536743,23.2999992370605,7.33333349227905,14.0166664123535,14.0166664123535,2.08333325386047,1264,138,76,15.7280340194702,384,261,264,313,1394.40539550781
"S02T04P05",2,4,"2/8/2024","ZAR + BRY","pauciflora","Kosciuszko Road/Guthega Road",148.537354,-36.34441486,"5/13/2024","dead/resprout","1","C1","control",8.09583282470703,9.85833263397217,42.3104438781738,487.351165771484,20.8999996185303,-2.40000009536743,23.2999992370605,7.33333349227905,14.0166664123535,14.0166664123535,2.08333325386047,1264,138,76,15.7280340194702,384,261,264,313,1394.40539550781
"S02T05P02",2,5,"2/8/2024","ZAR + BRY","pauciflora","Kosciuszko Road/Guthega Road",148.5217716,-36.35052059,"5/13/2024","dead/resprout","2","A12","control",7.44583320617676,9.52499961853027,41.5938873291016,485.458831787109,20.1000003814697,-2.79999995231628,22.8999996185303,3.96666669845581,13.3500003814697,13.3500003814697,1.45000004768372,1417,152,82,16.7928943634033,426,282,282,373,1471.1923828125
"S02T07P01",2,7,"2/8/2024","ZAR + BRY","pauciflora","Kosciuszko Road/Guthega Road",148.4901129,-36.33513426,"5/7/2024","dead/resprout","5","E2","control",7.51666688919067,9.63333320617676,42.0669555664062,485.631439208984,20.2000007629395,-2.70000004768372,22.9000015258789,6.73333311080933,13.4166669845581,13.4166669845581,1.51666665077209,1400,152,80,17.414400100708,423,277,277,367,1389.83325195312
"S02T08P02",2,8,"2/8/2024","ZAR + BRY","pauciflora","Kosciuszko Road/Guthega Road",148.4850121,-36.32601107,"5/2/2024","dead/resprout","5","B8","control",7.91666650772095,9.76666641235352,42.4637680053711,485.561218261719,20.6000003814697,-2.40000009536743,23,7.16666650772095,13.8166666030884,13.8166666030884,1.91666662693024,1298,142,75,16.8447914123535,395,262,262,332,1297.93908691406
"S02T08P06",2,8,"2/8/2024","ZAR + BRY","pauciflora","Kosciuszko Road/Guthega Road",148.4850121,-36.32601107,"5/2/2024","dead/resprout","1","F14","control",7.91666650772095,9.76666641235352,42.4637680053711,485.561218261719,20.6000003814697,-2.40000009536743,23,7.16666650772095,13.8166666030884,13.8166666030884,1.91666662693024,1298,142,75,16.8447914123535,395,262,262,332,1297.93908691406
"S02T09P10",2,9,"2/8/2024","ZAR + BRY","pauciflora","Kosciuszko Road/Guthega Road",148.4881695,-36.31993038,"5/2/2024","dead/resprout","5","E12","control",8.6458330154419,10.2083339691162,43.4397163391113,488.250396728516,21.6000003814697,-1.89999997615814,23.5,7.96666669845581,14.5500001907349,14.5833330154419,2.59999990463257,1095,118,66,15.6483402252197,334,231,232,273,1189.18823242188
"S02T09P17",2,9,"2/8/2024","ZAR + BRY","pauciflora","Kosciuszko Road/Guthega Road",148.4881695,-36.31993038,"5/2/2024","dead/resprout","1","B11","control",8.6458330154419,10.2083339691162,43.4397163391113,488.250396728516,21.6000003814697,-1.89999997615814,23.5,7.96666669845581,14.5500001907349,14.5833330154419,2.59999990463257,1095,118,66,15.6483402252197,334,231,232,273,1189.18823242188
"S02T09P18",2,9,"2/8/2024","ZAR + BRY","pauciflora","Kosciuszko Road/Guthega Road",148.4881695,-36.31993038,"5/2/2024","dead/resprout","2","E12","control",8.6458330154419,10.2083339691162,43.4397163391113,488.250396728516,21.6000003814697,-1.89999997615814,23.5,7.96666669845581,14.5500001907349,14.5833330154419,2.59999990463257,1095,118,66,15.6483402252197,334,231,232,273,1189.18823242188
"S02T09P20",2,9,"2/8/2024","ZAR + BRY","pauciflora","Kosciuszko Road/Guthega Road",148.4881695,-36.31993038,"5/2/2024","dead/resprout","2","G12","control",8.6458330154419,10.2083339691162,43.4397163391113,488.250396728516,21.6000003814697,-1.89999997615814,23.5,7.96666669845581,14.5500001907349,14.5833330154419,2.59999990463257,1095,118,66,15.6483402252197,334,231,232,273,1189.18823242188
"S02T09P25",2,9,"2/8/2024","ZAR + BRY","pauciflora","Kosciuszko Road/Guthega Road",148.4881695,-36.31993038,"5/2/2024","dead/resprout","1","E14","control",8.6458330154419,10.2083339691162,43.4397163391113,488.250396728516,21.6000003814697,-1.89999997615814,23.5,7.96666669845581,14.5500001907349,14.5833330154419,2.59999990463257,1095,118,66,15.6483402252197,334,231,232,273,1189.18823242188
"S02T10P05",2,10,"2/8/2024","ZAR + BRY","pauciflora","Kosciuszko Road/Guthega Road",148.4948353,-36.31342632,"5/8/2024","dead/resprout","5","G1","control",8.84166622161865,10.3000001907349,43.6440696716309,487.651275634766,21.7999992370605,-1.79999995231628,23.5999984741211,8.19999980926514,12.7166662216187,14.7666664123535,2.79999995231628,1049,111,63,15.398175239563,318,220,224,265,1167.20776367188
"S03T02P02",3,2,"2/8/2024","ZAR + BRY","niphophila","Charlotte Pass/Perisher",148.4299115,-36.39437037,"5/2/2024","dead/resprout","1","F12","control",6.27500009536743,9.81666660308838,42.4963912963867,486.889465332031,19.2999992370605,-3.79999995231628,23.0999984741211,2.71666669845581,12.1999998092651,12.1999998092651,0.266666620969772,1681,182,89,21.8288478851318,533,306,306,493,1657.20471191406
"S03T02P05",3,2,"2/8/2024","ZAR + BRY","niphophila","Charlotte Pass/Perisher",148.4299115,-36.39437037,"5/2/2024","dead/resprout","2","D14","control",6.27500009536743,9.81666660308838,42.4963912963867,486.889465332031,19.2999992370605,-3.79999995231628,23.0999984741211,2.71666669845581,12.1999998092651,12.1999998092651,0.266666620969772,1681,182,89,21.8288478851318,533,306,306,493,1657.20471191406
"S03T02P10",3,2,"2/8/2024","ZAR + BRY","niphophila","Charlotte Pass/Perisher",148.4299115,-36.39437037,"5/2/2024","dead/resprout","1","B12","control",6.27500009536743,9.81666660308838,42.4963912963867,486.889465332031,19.2999992370605,-3.79999995231628,23.0999984741211,2.71666669845581,12.1999998092651,12.1999998092651,0.266666620969772,1681,182,89,21.8288478851318,533,306,306,493,1657.20471191406
"S03T02P15",3,2,"2/8/2024","ZAR + BRY","niphophila","Charlotte Pass/Perisher",148.4299115,-36.39437037,"5/2/2024","dead/resprout","5","B2","control",6.27500009536743,9.81666660308838,42.4963912963867,486.889465332031,19.2999992370605,-3.79999995231628,23.0999984741211,2.71666669845581,12.1999998092651,12.1999998092651,0.266666620969772,1681,182,89,21.8288478851318,533,306,306,493,1657.20471191406
"S03T03P01",3,3,"2/8/2024","ZAR + BRY","niphophila","Charlotte Pass/Perisher",148.4035483,-36.41116025,"5/2/2024","dead/resprout","1","B16","control",5.80000019073486,9.63333320617676,41.8840599060059,487.791870117188,18.7999992370605,-4.19999980926514,23,2.16666650772095,11.75,11.75,-0.183333352208138,1787,202,92,24.0595474243164,584,316,316,527,1754.00439453125
"S03T05P03",3,5,"2/8/2024","ZAR + BRY","niphophila","Charlotte Pass/Perisher",148.3723448,-36.42774657,"5/2/2024","dead/resprout","5","C9","control",5.72916650772095,9.40833377838135,40.7287139892578,491.021484375,18.7000007629395,-4.40000009536743,23.1000003814697,2.04999995231628,11.6333332061768,11.716667175293,-0.283333331346512,1795,203,92,24.1547069549561,586,316,317,531,1765.31860351562
"S03T05P07",3,5,"2/8/2024","ZAR + BRY","niphophila","Charlotte Pass/Perisher",148.3723448,-36.42774657,"5/2/2024","dead/resprout","1","A2","control",5.72916650772095,9.40833377838135,40.7287139892578,491.021484375,18.7000007629395,-4.40000009536743,23.1000003814697,2.04999995231628,11.6333332061768,11.716667175293,-0.283333331346512,1795,203,92,24.1547069549561,586,316,317,531,1765.31860351562
"S03T05P08",3,5,"2/8/2024","ZAR + BRY","niphophila","Charlotte Pass/Perisher",148.3723448,-36.42774657,"5/2/2024","dead/resprout","2","B3","control",5.72916650772095,9.40833377838135,40.7287139892578,491.021484375,18.7000007629395,-4.40000009536743,23.1000003814697,2.04999995231628,11.6333332061768,11.716667175293,-0.283333331346512,1795,203,92,24.1547069549561,586,316,317,531,1765.31860351562
"S03T09P04",3,9,"2/8/2024","ZAR + BRY","niphophila","Charlotte Pass/Perisher",148.4289906,-36.38862793,"5/2/2024","dead/resprout","2","F4","control",6.21666669845581,9.76666641235352,42.2799415588379,486.757995605469,19.2000007629395,-3.90000009536743,23.1000003814697,2.63333320617676,12.0833330154419,12.1499996185303,0.233333230018616,1705,187,89,22.6476345062256,545,306,307,505,1719.64599609375
"S03T09P08",3,9,"2/8/2024","ZAR + BRY","niphophila","Charlotte Pass/Perisher",148.4289906,-36.38862793,"5/2/2024","dead/resprout","5","D1","control",6.21666669845581,9.76666641235352,42.2799415588379,486.757995605469,19.2000007629395,-3.90000009536743,23.1000003814697,2.63333320617676,12.0833330154419,12.1499996185303,0.233333230018616,1705,187,89,22.6476345062256,545,306,307,505,1719.64599609375
"S03T10P02",3,10,"2/8/2024","ZAR + BRY","niphophila","Charlotte Pass/Perisher",148.4284512,-36.38276499,"5/3/2024","dead/resprout","2","A10","control",6.55416679382324,9.77499961853027,42.3160171508789,485.210632324219,19.5,-3.59999990463257,23.1000003814697,3.04999995231628,12.4666662216187,12.4666662216187,0.566666662693024,1653,179,87,21.7221260070801,523,301,301,485,1668.66540527344
"S03T10P05",3,10,"2/8/2024","ZAR + BRY","niphophila","Charlotte Pass/Perisher",148.4284512,-36.38276499,"5/3/2024","dead/resprout","5","C10","control",6.55416679382324,9.77499961853027,42.3160171508789,485.210632324219,19.5,-3.59999990463257,23.1000003814697,3.04999995231628,12.4666662216187,12.4666662216187,0.566666662693024,1653,179,87,21.7221260070801,523,301,301,485,1668.66540527344
"S03T10P10",3,10,"2/8/2024","ZAR + BRY","niphophila","Charlotte Pass/Perisher",148.4284512,-36.38276499,"5/3/2024","dead/resprout","5","A1","control",6.55416679382324,9.77499961853027,42.3160171508789,485.210632324219,19.5,-3.59999990463257,23.1000003814697,3.04999995231628,12.4666662216187,12.4666662216187,0.566666662693024,1653,179,87,21.7221260070801,523,301,301,485,1668.66540527344
"S03T10P11",3,10,"2/8/2024","ZAR + BRY","niphophila","Charlotte Pass/Perisher",148.4284512,-36.38276499,"5/3/2024","dead/resprout","1","B10","control",6.55416679382324,9.77499961853027,42.3160171508789,485.210632324219,19.5,-3.59999990463257,23.1000003814697,3.04999995231628,12.4666662216187,12.4666662216187,0.566666662693024,1653,179,87,21.7221260070801,523,301,301,485,1668.66540527344
"S03T10P16",3,10,"2/8/2024","ZAR + BRY","niphophila","Charlotte Pass/Perisher",148.4284512,-36.38276499,"5/3/2024","dead/resprout","2","C12","control",6.55416679382324,9.77499961853027,42.3160171508789,485.210632324219,19.5,-3.59999990463257,23.1000003814697,3.04999995231628,12.4666662216187,12.4666662216187,0.566666662693024,1653,179,87,21.7221260070801,523,301,301,485,1668.66540527344
"S03T12P01",3,12,"2/8/2024","ZAR + BRY","niphophila","Charlotte Pass/Perisher",148.4199025,-36.3814216,"5/13/2024","dead/resprout","2","A7","control",6.40416669845581,9.7916669845581,42.3881683349609,485.936096191406,19.3999996185303,-3.70000004768372,23.1000003814697,2.84999990463257,12.3333330154419,12.3333330154419,0.416666656732559,1688,184,88,22.3814067840576,539,305,305,498,1701.23876953125
"S04T01P02",4,1,"2/9/2024","ZAR + BRY","niphophila","Schlink's Pass",148.3929764,-36.30538332,"5/8/2024","dead/resprout","1","F2","control",5.73333311080933,9.38333320617676,40.0997161865234,506.989013671875,18.7999992370605,-4.59999990463257,23.3999996185303,2.03333330154419,11.8833332061768,11.8833332061768,-0.550000011920929,1785,201,90,25.0688381195068,586,308,308,539,1648.41784667969
"S04T01P05",4,1,"2/9/2024","ZAR + BRY","niphophila","Schlink's Pass",148.3929764,-36.30538332,"5/8/2024","dead/resprout","5","B6","control",5.73333311080933,9.38333320617676,40.0997161865234,506.989013671875,18.7999992370605,-4.59999990463257,23.3999996185303,2.03333330154419,11.8833332061768,11.8833332061768,-0.550000011920929,1785,201,90,25.0688381195068,586,308,308,539,1648.41784667969
"S04T01P07",4,1,"2/9/2024","ZAR + BRY","niphophila","Schlink's Pass",148.3929764,-36.30538332,"5/8/2024","dead/resprout","2","A3","control",5.73333311080933,9.38333320617676,40.0997161865234,506.989013671875,18.7999992370605,-4.59999990463257,23.3999996185303,2.03333330154419,11.8833332061768,11.8833332061768,-0.550000011920929,1785,201,90,25.0688381195068,586,308,308,539,1648.41784667969
"S04T02P03",4,2,"2/9/2024","ZAR + BRY","niphophila","Schlink's Pass",148.3974861,-36.31162772,"5/6/2024","dead/resprout","5","E13","control",6.42916679382324,9.42500019073486,40.625,503.404144287109,19.3999996185303,-3.79999995231628,23.1999988555908,2.83333325386047,12.5,12.5,0.183333322405815,1695,191,85,24.4095611572266,555,296,296,500,1605.39404296875
"S04T02P06",4,2,"2/9/2024","ZAR + BRY","niphophila","Schlink's Pass",148.3974861,-36.31162772,"5/6/2024","dead/resprout","1","D9","control",6.42916679382324,9.42500019073486,40.625,503.404144287109,19.3999996185303,-3.79999995231628,23.1999988555908,2.83333325386047,12.5,12.5,0.183333322405815,1695,191,85,24.4095611572266,555,296,296,500,1605.39404296875
"S04T02P14",4,2,"2/9/2024","ZAR + BRY","niphophila","Schlink's Pass",148.3974861,-36.31162772,"5/6/2024","dead/resprout","5","C7","control",6.42916679382324,9.42500019073486,40.625,503.404144287109,19.3999996185303,-3.79999995231628,23.1999988555908,2.83333325386047,12.5,12.5,0.183333322405815,1695,191,85,24.4095611572266,555,296,296,500,1605.39404296875
"S04T02P24",4,2,"2/9/2024","ZAR + BRY","niphophila","Schlink's Pass",148.3974861,-36.31162772,"5/6/2024","dead/resprout","1","G6","control",6.42916679382324,9.42500019073486,40.625,503.404144287109,19.3999996185303,-3.79999995231628,23.1999988555908,2.83333325386047,12.5,12.5,0.183333322405815,1695,191,85,24.4095611572266,555,296,296,500,1605.39404296875
"S04T02P25",4,2,"2/9/2024","ZAR + BRY","niphophila","Schlink's Pass",148.3974861,-36.31162772,"5/6/2024","dead/resprout","2","D3","control",6.42916679382324,9.42500019073486,40.625,503.404144287109,19.3999996185303,-3.79999995231628,23.1999988555908,2.83333325386047,12.5,12.5,0.183333322405815,1695,191,85,24.4095611572266,555,296,296,500,1605.39404296875
"S04T03P07",4,3,"2/9/2024","ZAR + BRY","niphophila","Schlink's Pass",148.4015212,-36.31983703,"5/2/2024","dead/resprout","1","A11","control",6.55833339691162,9.44999980926514,41.0869560241699,497.657379150391,19.5,-3.5,23,2.9833333492279,12.5833330154419,12.5833330154419,0.39999994635582,1659,182,85,23.0192356109619,536,296,296,483,1551.22131347656
"S04T03P07",4,5,"2/9/2024","ZAR + BRY","niphophila","Schlink's Pass",148.4006739,-36.33383018,"5/2/2024","dead/resprout","1","C12","control",6.94583320617676,9.65833282470703,41.9927558898926,491.322235107422,19.7999992370605,-3.20000004768372,23,3.46666669845581,12.8999996185303,12.8999996185303,0.866666674613953,1603,176,82,22.8018226623535,517,288,288,462,1540.8818359375
"S04T03P09",4,3,"2/9/2024","ZAR + BRY","niphophila","Schlink's Pass",148.4015212,-36.31983703,"5/2/2024","dead/resprout","2","G10","control",6.55833339691162,9.44999980926514,41.0869560241699,497.657379150391,19.5,-3.5,23,2.9833333492279,12.5833330154419,12.5833330154419,0.39999994635582,1659,182,85,23.0192356109619,536,296,296,483,1551.22131347656
"S04T03P10",4,3,"2/9/2024","ZAR + BRY","niphophila","Schlink's Pass",148.4015212,-36.31983703,"5/2/2024","dead/resprout","5","B14","control",6.55833339691162,9.44999980926514,41.0869560241699,497.657379150391,19.5,-3.5,23,2.9833333492279,12.5833330154419,12.5833330154419,0.39999994635582,1659,182,85,23.0192356109619,536,296,296,483,1551.22131347656
"S04T04P03",4,4,"2/9/2024","ZAR + BRY","niphophila","Schlink's Pass",148.4006303,-36.32679822,"5/7/2024","dead/resprout","5","F14","control",6.81666660308838,9.56666660308838,41.5942039489746,495.045166015625,19.7000007629395,-3.29999995231628,23,3.29999995231628,12.8166666030884,12.8166666030884,0.699999988079071,1620,178,83,22.8812808990479,523,291,291,469,1511.62829589844
"S04T04P07",4,4,"2/9/2024","ZAR + BRY","niphophila","Schlink's Pass",148.4006303,-36.32679822,"5/7/2024","dead/resprout","2","B1","control",6.81666660308838,9.56666660308838,41.5942039489746,495.045166015625,19.7000007629395,-3.29999995231628,23,3.29999995231628,12.8166666030884,12.8166666030884,0.699999988079071,1620,178,83,22.8812808990479,523,291,291,469,1511.62829589844
"S04T05P12",4,5,"2/9/2024","ZAR + BRY","niphophila","Schlink's Pass",148.4006739,-36.33383018,"5/2/2024","dead/resprout","5","A9","control",6.94583320617676,9.65833282470703,41.9927558898926,491.322235107422,19.7999992370605,-3.20000004768372,23,3.46666669845581,12.8999996185303,12.8999996185303,0.866666674613953,1603,176,82,22.8018226623535,517,288,288,462,1540.8818359375
"S04T05P13",4,5,"2/9/2024","ZAR + BRY","niphophila","Schlink's Pass",148.4006739,-36.33383018,"5/2/2024","dead/resprout","2","G13","control",6.94583320617676,9.65833282470703,41.9927558898926,491.322235107422,19.7999992370605,-3.20000004768372,23,3.46666669845581,12.8999996185303,12.8999996185303,0.866666674613953,1603,176,82,22.8018226623535,517,288,288,462,1540.8818359375
"S04T06P01",4,6,"2/9/2024","ZAR + BRY","niphophila","Schlink's Pass",148.4024107,-36.34258966,"5/8/2024","dead/resprout","1","E11","control",6.82499980926514,9.63333320617676,41.8840560913086,490.646606445312,19.7000007629395,-3.29999995231628,23,3.31666660308838,12.7833337783813,12.7833337783813,0.76666659116745,1590,170,84,20.8897094726562,499,293,293,449,1564.28698730469
"S04T06P04",4,6,"2/9/2024","ZAR + BRY","niphophila","Schlink's Pass",148.4024107,-36.34258966,"5/8/2024","dead/resprout","2","G2","control",6.82499980926514,9.63333320617676,41.8840560913086,490.646606445312,19.7000007629395,-3.29999995231628,23,3.31666660308838,12.7833337783813,12.7833337783813,0.76666659116745,1590,170,84,20.8897094726562,499,293,293,449,1564.28698730469
"S05T01P04",5,1,"2/9/2024","ZAR + BRY","lacrimans","Long Plain",148.5524946,-35.6802018,"5/7/2024","dead/resprout","1","B7","control",8.23750019073486,11.5749998092651,45.3921585083008,514.852661132812,22.2999992370605,-3.20000004768372,25.5,2.61666679382324,12.3333330154419,14.4833335876465,1.81666672229767,1211,140,63,23.1832885742188,386,216,238,379,1345.40161132812
"S05T01P05",5,1,"2/9/2024","ZAR + BRY","lacrimans","Long Plain",148.5524946,-35.6802018,"5/7/2024","dead/resprout","5","G2","control",8.23750019073486,11.5749998092651,45.3921585083008,514.852661132812,22.2999992370605,-3.20000004768372,25.5,2.61666679382324,12.3333330154419,14.4833335876465,1.81666672229767,1211,140,63,23.1832885742188,386,216,238,379,1345.40161132812
"S05T01P10",5,1,"2/9/2024","ZAR + BRY","lacrimans","Long Plain",148.5524946,-35.6802018,"5/7/2024","dead/resprout","2","A8","control",8.23750019073486,11.5749998092651,45.3921585083008,514.852661132812,22.2999992370605,-3.20000004768372,25.5,2.61666679382324,12.3333330154419,14.4833335876465,1.81666672229767,1211,140,63,23.1832885742188,386,216,238,379,1345.40161132812
"S05T02P11",5,2,"2/9/2024","ZAR + BRY","lacrimans","Long Plain",148.5584052,-35.67097258,"5/2/2024","dead/resprout","5","E7","control",8.21666622161865,11.5833330154419,45.4248390197754,514.345703125,22.2999992370605,-3.20000004768372,25.5,2.59999990463257,12.283332824707,14.4833335876465,1.81666672229767,1198,140,63,22.9051036834717,380,216,235,373,1345.18884277344
"S05T02P18",5,2,"2/9/2024","ZAR + BRY","lacrimans","Long Plain",148.5584052,-35.67097258,"5/2/2024","dead/resprout","2","C10","control",8.21666622161865,11.5833330154419,45.4248390197754,514.345703125,22.2999992370605,-3.20000004768372,25.5,2.59999990463257,12.283332824707,14.4833335876465,1.81666672229767,1198,140,63,22.9051036834717,380,216,235,373,1345.18884277344
"S05T02P19",5,2,"2/9/2024","ZAR + BRY","lacrimans","Long Plain",148.5584052,-35.67097258,"5/2/2024","dead/resprout","1","E3","control",8.21666622161865,11.5833330154419,45.4248390197754,514.345703125,22.2999992370605,-3.20000004768372,25.5,2.59999990463257,12.283332824707,14.4833335876465,1.81666672229767,1198,140,63,22.9051036834717,380,216,235,373,1345.18884277344
"S05T03P12",5,3,"2/9/2024","ZAR + BRY","lacrimans","Long Plain",148.5627147,-35.66286329,"5/1/2024","dead/resprout","5","E10","control",8.06666660308838,11.3833332061768,44.9934120178223,514.862426757812,22,-3.29999995231628,25.2999992370605,2.43333339691162,14.283332824707,14.3333330154419,1.66666662693024,1203,139,64,22.4791240692139,379,219,236,372,1374.47106933594
"S05T03P18",5,3,"2/9/2024","ZAR + BRY","lacrimans","Long Plain",148.5627147,-35.66286329,"5/1/2024","dead/resprout","2","D8","control",8.06666660308838,11.3833332061768,44.9934120178223,514.862426757812,22,-3.29999995231628,25.2999992370605,2.43333339691162,14.283332824707,14.3333330154419,1.66666662693024,1203,139,64,22.4791240692139,379,219,236,372,1374.47106933594
"S05T03P19",5,3,"2/9/2024","ZAR + BRY","lacrimans","Long Plain",148.5627147,-35.66286329,"5/1/2024","dead/resprout","1","E16","control",8.06666660308838,11.3833332061768,44.9934120178223,514.862426757812,22,-3.29999995231628,25.2999992370605,2.43333339691162,14.283332824707,14.3333330154419,1.66666662693024,1203,139,64,22.4791240692139,379,219,236,372,1374.47106933594
"S05T04P13",5,4,"2/9/2024","ZAR + BRY","lacrimans","Long Plain",148.5658463,-35.6554796,"5/2/2024","dead/resprout","5","C2","control",7.97916650772095,11.2083330154419,44.6547164916992,514.42578125,21.7999992370605,-3.29999995231628,25.0999984741211,2.36666655540466,14.1833333969116,14.25,1.58333337306976,1201,138,65,22.4105682373047,379,219,237,371,1375.84680175781
"S05T04P32",5,4,"2/9/2024","ZAR + BRY","lacrimans","Long Plain",148.5658463,-35.6554796,"5/7/2024","dead/resprout","1","E13","control",7.97916650772095,11.2083330154419,44.6547164916992,514.42578125,21.7999992370605,-3.29999995231628,25.0999984741211,2.36666655540466,14.1833333969116,14.25,1.58333337306976,1201,138,65,22.4105682373047,379,219,237,371,1375.84680175781
"S05T04P50",5,4,"2/9/2024","ZAR + BRY","lacrimans","Long Plain",148.5658463,-35.6554796,"5/7/2024","dead/resprout","2","A4","control",7.97916650772095,11.2083330154419,44.6547164916992,514.42578125,21.7999992370605,-3.29999995231628,25.0999984741211,2.36666655540466,14.1833333969116,14.25,1.58333337306976,1201,138,65,22.4105682373047,379,219,237,371,1375.84680175781
"S05T05P06",5,5,"2/9/2024","ZAR + BRY","lacrimans","Long Plain",148.5753374,-35.63213532,"5/1/2024","dead/resprout","2","C16","control",8.13333320617676,11.0166664123535,44.2436408996582,513.92578125,21.7999992370605,-3.09999990463257,24.8999996185303,2.5,12.2166662216187,14.3833332061768,1.73333323001862,1171,137,63,22.3808460235596,370,214,231,364,1366.77880859375
"S05T05P07",5,5,"2/9/2024","ZAR + BRY","lacrimans","Long Plain",148.5753374,-35.63213532,"5/1/2024","dead/resprout","5","A8","control",8.13333320617676,11.0166664123535,44.2436408996582,513.92578125,21.7999992370605,-3.09999990463257,24.8999996185303,2.5,12.2166662216187,14.3833332061768,1.73333323001862,1171,137,63,22.3808460235596,370,214,231,364,1366.77880859375
"S05T05P16",5,5,"2/9/2024","ZAR + BRY","lacrimans","Long Plain",148.5753374,-35.63213532,"5/1/2024","dead/resprout","1","C13","control",8.13333320617676,11.0166664123535,44.2436408996582,513.92578125,21.7999992370605,-3.09999990463257,24.8999996185303,2.5,12.2166662216187,14.3833332061768,1.73333323001862,1171,137,63,22.3808460235596,370,214,231,364,1366.77880859375
"S05T05P17",5,5,"2/9/2024","ZAR + BRY","lacrimans","Long Plain",148.5753374,-35.63213532,"5/1/2024","dead/resprout","1","C2","control",8.13333320617676,11.0166664123535,44.2436408996582,513.92578125,21.7999992370605,-3.09999990463257,24.8999996185303,2.5,12.2166662216187,14.3833332061768,1.73333323001862,1171,137,63,22.3808460235596,370,214,231,364,1366.77880859375
"S05T05P19",5,5,"2/9/2024","ZAR + BRY","lacrimans","Long Plain",148.5753374,-35.63213532,"5/1/2024","dead/resprout","2","G11","control",8.13333320617676,11.0166664123535,44.2436408996582,513.92578125,21.7999992370605,-3.09999990463257,24.8999996185303,2.5,12.2166662216187,14.3833332061768,1.73333323001862,1171,137,63,22.3808460235596,370,214,231,364,1366.77880859375
"S05T06P02",5,6,"2/9/2024","ZAR + BRY","lacrimans","Long Plain",148.5938028,-35.61784443,"5/2/2024","dead/resprout","2","B13","control",7.99583339691162,10.8583335876465,44.1395645141602,510.532073974609,21.6000003814697,-3,24.6000003814697,2.41666674613953,14.1333332061768,14.1999998092651,1.63333332538605,1148,132,64,21.1055374145508,357,214,230,349,1389.87512207031
"S05T06P05",5,6,"2/9/2024","ZAR + BRY","lacrimans","Long Plain",148.5938028,-35.61784443,"5/2/2024","dead/resprout","5","D7","control",7.99583339691162,10.8583335876465,44.1395645141602,510.532073974609,21.6000003814697,-3,24.6000003814697,2.41666674613953,14.1333332061768,14.1999998092651,1.63333332538605,1148,132,64,21.1055374145508,357,214,230,349,1389.87512207031
"S05T06P06",5,6,"2/9/2024","ZAR + BRY","lacrimans","Long Plain",148.5938028,-35.61784443,"5/2/2024","dead/resprout","1","A7","control",7.99583339691162,10.8583335876465,44.1395645141602,510.532073974609,21.6000003814697,-3,24.6000003814697,2.41666674613953,14.1333332061768,14.1999998092651,1.63333332538605,1148,132,64,21.1055374145508,357,214,230,349,1389.87512207031
"S05T07P14",5,7,"0/05/2023","BRY","lacrimans","Long Plain",148.5911515,-35.62483876,"5/7/2024","dead/resprout","1","E15","control",8.125,10.9666662216187,44.2204322814941,512.411865234375,21.7999992370605,-3,24.7999992370605,2.51666665077209,14.2833337783813,14.3666667938232,1.75,1159,135,63,22.076099395752,364,213,230,358,1356.31176757812
"S05T07P20",5,7,"0/05/2023","BRY","lacrimans","Long Plain",148.5911515,-35.62483876,"5/7/2024","dead/resprout","2","G1","control",8.125,10.9666662216187,44.2204322814941,512.411865234375,21.7999992370605,-3,24.7999992370605,2.51666665077209,14.2833337783813,14.3666667938232,1.75,1159,135,63,22.076099395752,364,213,230,358,1356.31176757812
"S05T07P23",5,7,"0/05/2023","BRY","lacrimans","Long Plain",148.5911515,-35.62483876,"5/7/2024","dead/resprout","5","D13","control",8.125,10.9666662216187,44.2204322814941,512.411865234375,21.7999992370605,-3,24.7999992370605,2.51666665077209,14.2833337783813,14.3666667938232,1.75,1159,135,63,22.076099395752,364,213,230,358,1356.31176757812
"S05T11P02",5,11,"0/05/2023","BRY","lacrimans","Long Plain",148.5865126,-35.62357238,"5/7/2024","dead/resprout","5","G12","control",8.125,10.9666662216187,44.2204322814941,512.411865234375,21.7999992370605,-3,24.7999992370605,2.51666665077209,14.2833337783813,14.3666667938232,1.75,1159,135,63,22.076099395752,364,213,230,358,1356.64794921875
"S05T15P14",5,15,"0/05/2023","BRY","lacrimans","Long Plain",148.5444786,-35.72491793,"5/7/2024","dead/resprout","1","A6","control",8.2708330154419,11.1416664123535,44.3891105651855,515.608459472656,22.2000007629395,-2.90000009536743,25.1000003814697,2.65000009536743,12.3666667938232,14.5500001907349,1.86666667461395,1226,144,63,23.8106899261475,393,216,240,385,1356.4150390625
"S05T15P15",5,15,"0/05/2023","BRY","lacrimans","Long Plain",148.5444786,-35.72491793,"5/7/2024","dead/resprout","2","E8","control",8.2708330154419,11.1416664123535,44.3891105651855,515.608459472656,22.2000007629395,-2.90000009536743,25.1000003814697,2.65000009536743,12.3666667938232,14.5500001907349,1.86666667461395,1226,144,63,23.8106899261475,393,216,240,385,1356.4150390625
"S05T15P21",5,15,"0/05/2023","BRY","lacrimans","Long Plain",148.5444786,-35.72491793,"5/7/2024","dead/resprout","5","B13","control",8.2708330154419,11.1416664123535,44.3891105651855,515.608459472656,22.2000007629395,-2.90000009536743,25.1000003814697,2.65000009536743,12.3666667938232,14.5500001907349,1.86666667461395,1226,144,63,23.8106899261475,393,216,240,385,1356.4150390625
"S06T01P02",6,1,"2/9/2024","ZAR + BRY","pauciflora","Long Plain",148.6428842,-35.60067096,"5/7/2024","dead/resprout","5","A6","control",8.42500019073486,11.6333332061768,45.4427070617676,515.917114257812,22.3999996185303,-3.20000004768372,25.6000003814697,2.81666660308838,12.5,14.6999998092651,2,1077,120,62,18.9415454864502,326,207,221,320,1378.4775390625
"S06T01P08",6,1,"2/9/2024","ZAR + BRY","pauciflora","Long Plain",148.6428842,-35.60067096,"5/7/2024","dead/resprout","1","A5","control",8.42500019073486,11.6333332061768,45.4427070617676,515.917114257812,22.3999996185303,-3.20000004768372,25.6000003814697,2.81666660308838,12.5,14.6999998092651,2,1077,120,62,18.9415454864502,326,207,221,320,1378.4775390625
"S06T02P01",6,2,"2/9/2024","ZAR + BRY","pauciflora","Long Plain",148.6445585,-35.60294304,"5/7/2024","dead/resprout","1","F10","control",8.42500019073486,11.6333332061768,45.4427070617676,515.917114257812,22.3999996185303,-3.20000004768372,25.6000003814697,2.81666660308838,12.5,14.6999998092651,2,1077,120,62,18.9415454864502,326,207,221,320,1313.17736816406
"S06T02P11",6,2,"2/9/2024","ZAR + BRY","pauciflora","Long Plain",148.6445585,-35.60294304,"5/7/2024","dead/resprout","2","G14","control",8.42500019073486,11.6333332061768,45.4427070617676,515.917114257812,22.3999996185303,-3.20000004768372,25.6000003814697,2.81666660308838,12.5,14.6999998092651,2,1077,120,62,18.9415454864502,326,207,221,320,1313.17736816406
"S06T02P12",6,2,"2/9/2024","ZAR + BRY","pauciflora","Long Plain",148.6445585,-35.60294304,"5/7/2024","dead/resprout","5","G3","control",8.42500019073486,11.6333332061768,45.4427070617676,515.917114257812,22.3999996185303,-3.20000004768372,25.6000003814697,2.81666660308838,12.5,14.6999998092651,2,1077,120,62,18.9415454864502,326,207,221,320,1313.17736816406
"S06T02P16",6,2,"2/9/2024","ZAR + BRY","pauciflora","Long Plain",148.6445585,-35.60294304,"5/7/2024","dead/resprout","2","B4","control",8.42500019073486,11.6333332061768,45.4427070617676,515.917114257812,22.3999996185303,-3.20000004768372,25.6000003814697,2.81666660308838,12.5,14.6999998092651,2,1077,120,62,18.9415454864502,326,207,221,320,1313.17736816406
"S06T03P16",6,3,"2/9/2024","ZAR + BRY","pauciflora","Long Plain",148.6627797,-35.60956426,"5/2/2024","dead/resprout","5","E14","control",8.3541669845581,11.3249998092651,44.7628440856934,515.996215820312,22.2000007629395,-3.09999990463257,25.3000011444092,4.94999980926514,12.4333333969116,14.6333332061768,1.93333327770233,1055,117,62,18.2573757171631,318,206,218,310,1311.03161621094
"S06T03P17",6,3,"2/9/2024","ZAR + BRY","pauciflora","Long Plain",148.6627797,-35.60956426,"5/2/2024","dead/resprout","1","A16","control",8.3541669845581,11.3249998092651,44.7628440856934,515.996215820312,22.2000007629395,-3.09999990463257,25.3000011444092,4.94999980926514,12.4333333969116,14.6333332061768,1.93333327770233,1055,117,62,18.2573757171631,318,206,218,310,1311.03161621094
"S06T03P24",6,3,"2/9/2024","ZAR + BRY","pauciflora","Long Plain",148.6627797,-35.60956426,"5/2/2024","dead/resprout","2","B12","control",8.3541669845581,11.3249998092651,44.7628440856934,515.996215820312,22.2000007629395,-3.09999990463257,25.3000011444092,4.94999980926514,12.4333333969116,14.6333332061768,1.93333327770233,1055,117,62,18.2573757171631,318,206,218,310,1311.03161621094
"S06T05P10",6,5,"2/9/2024","ZAR + BRY","pauciflora","Long Plain",148.6387252,-35.5979197,"5/7/2024","dead/resprout","2","D6","control",8.01249980926514,11.2749996185303,44.7420654296875,514.548034667969,21.8999996185303,-3.29999995231628,25.1999988555908,2.41666650772095,14.2166662216187,14.283332824707,1.63333320617676,1101,124,64,19.380443572998,335,212,224,327,1424.67797851562
"S06T05P21",6,5,"2/9/2024","ZAR + BRY","pauciflora","Long Plain",148.6387252,-35.5979197,"5/7/2024","dead/resprout","5","F15","control",8.01249980926514,11.2749996185303,44.7420654296875,514.548034667969,21.8999996185303,-3.29999995231628,25.1999988555908,2.41666650772095,14.2166662216187,14.283332824707,1.63333320617676,1101,124,64,19.380443572998,335,212,224,327,1424.67797851562
"S06T05P31",6,5,"2/9/2024","ZAR + BRY","pauciflora","Long Plain",148.6387252,-35.5979197,"5/7/2024","dead/resprout","1","D11","control",8.01249980926514,11.2749996185303,44.7420654296875,514.548034667969,21.8999996185303,-3.29999995231628,25.1999988555908,2.41666650772095,14.2166662216187,14.283332824707,1.63333320617676,1101,124,64,19.380443572998,335,212,224,327,1424.67797851562
"S07T01P08",7,1,"2/17/2024","ZAR + BRY","pauciflora","Namadgi, Mt Franklin Road",148.807368,-35.35601803,"5/7/2024","dead/resprout","1","F8","control",9.70416641235352,10.7416667938232,43.6653099060059,507.598876953125,23,-1.60000002384186,24.6000003814697,6.25,15.8999996185303,15.8999996185303,3.43333315849304,1031,111,63,16.2816963195801,300,208,208,294,1194.67761230469
"S07T01P18",7,1,"2/17/2024","ZAR + BRY","pauciflora","Namadgi, Mt Franklin Road",148.807368,-35.35601803,"5/7/2024","dead/resprout","2","B5","control",9.70416641235352,10.7416667938232,43.6653099060059,507.598876953125,23,-1.60000002384186,24.6000003814697,6.25,15.8999996185303,15.8999996185303,3.43333315849304,1031,111,63,16.2816963195801,300,208,208,294,1194.67761230469
"S07T01P21",7,1,"2/17/2024","ZAR + BRY","pauciflora","Namadgi, Mt Franklin Road",148.807368,-35.35601803,"5/7/2024","dead/resprout","5","B12","control",9.70416641235352,10.7416667938232,43.6653099060059,507.598876953125,23,-1.60000002384186,24.6000003814697,6.25,15.8999996185303,15.8999996185303,3.43333315849304,1031,111,63,16.2816963195801,300,208,208,294,1194.67761230469
"S07T02P05",7,2,"2/17/2024","ZAR + BRY","pauciflora","Namadgi, Mt Franklin Road",148.8003298,-35.35940543,"5/13/2024","dead/resprout","1","A3","control",9.46250057220459,10.6083335876465,43.2993202209473,507.445159912109,22.7000007629395,-1.79999995231628,24.5,5.98333311080933,15.6500005722046,15.6500005722046,3.18333339691162,1024,110,64,16.2637825012207,300,209,209,290,1248.51977539062
"S07T02P06",7,2,"2/17/2024","ZAR + BRY","pauciflora","Namadgi, Mt Franklin Road",148.8003298,-35.35940543,"5/13/2024","dead/resprout","2","C2","control",9.46250057220459,10.6083335876465,43.2993202209473,507.445159912109,22.7000007629395,-1.79999995231628,24.5,5.98333311080933,15.6500005722046,15.6500005722046,3.18333339691162,1024,110,64,16.2637825012207,300,209,209,290,1248.51977539062
"S07T02P07",7,2,"2/17/2024","ZAR + BRY","pauciflora","Namadgi, Mt Franklin Road",148.8003298,-35.35940543,"5/13/2024","dead/resprout","1","C7","control",9.46250057220459,10.6083335876465,43.2993202209473,507.445159912109,22.7000007629395,-1.79999995231628,24.5,5.98333311080933,15.6500005722046,15.6500005722046,3.18333339691162,1024,110,64,16.2637825012207,300,209,209,290,1248.51977539062
"S07T02P11",7,2,"2/17/2024","ZAR + BRY","pauciflora","Namadgi, Mt Franklin Road",148.8003298,-35.35940543,"5/13/2024","dead/resprout","2","G15","control",9.46250057220459,10.6083335876465,43.2993202209473,507.445159912109,22.7000007629395,-1.79999995231628,24.5,5.98333311080933,15.6500005722046,15.6500005722046,3.18333339691162,1024,110,64,16.2637825012207,300,209,209,290,1248.51977539062
"S07T02P18",7,2,"2/17/2024","ZAR + BRY","pauciflora","Namadgi, Mt Franklin Road",148.8003298,-35.35940543,"5/13/2024","dead/resprout","5","C8","control",9.46250057220459,10.6083335876465,43.2993202209473,507.445159912109,22.7000007629395,-1.79999995231628,24.5,5.98333311080933,15.6500005722046,15.6500005722046,3.18333339691162,1024,110,64,16.2637825012207,300,209,209,290,1248.51977539062
"S07T04P05",7,4,"2/17/2024","ZAR + BRY","pauciflora","Namadgi, Mt Franklin Road",148.8057254,-35.38062161,"5/13/2024","dead/resprout","5","B16","control",9.32916641235352,10.5249996185303,43.1352462768555,505.427185058594,22.5,-1.89999997615814,24.3999996185303,5.86666679382324,15.4166669845581,15.5,3.08333325386047,1020,108,64,15.2901048660278,298,211,212,285,1314.48132324219
"S07T04P06",7,4,"2/17/2024","ZAR + BRY","pauciflora","Namadgi, Mt Franklin Road",148.8057254,-35.38062161,"5/13/2024","dead/resprout","1","C9","control",9.32916641235352,10.5249996185303,43.1352462768555,505.427185058594,22.5,-1.89999997615814,24.3999996185303,5.86666679382324,15.4166669845581,15.5,3.08333325386047,1020,108,64,15.2901048660278,298,211,212,285,1314.48132324219
"S07T05P05",7,5,"2/17/2024","ZAR + BRY","pauciflora","Namadgi, Mt Franklin Road",148.8051036,-35.38599523,"5/1/2024","dead/resprout","5","E15","control",9.19583320617676,10.4083337783813,43.0096435546875,504.463958740234,22.2999992370605,-1.89999997615814,24.1999988555908,5.71666669845581,15.283332824707,15.3500003814697,2.96666669845581,1010,107,64,15.2587127685547,294,210,211,282,1320.54113769531
"S07T05P07",7,5,"2/17/2024","ZAR + BRY","pauciflora","Namadgi, Mt Franklin Road",148.8051036,-35.38599523,"5/1/2024","dead/resprout","2","E10","control",9.19583320617676,10.4083337783813,43.0096435546875,504.463958740234,22.2999992370605,-1.89999997615814,24.1999988555908,5.71666669845581,15.283332824707,15.3500003814697,2.96666669845581,1010,107,64,15.2587127685547,294,210,211,282,1320.54113769531
"S07T05P08",7,5,"2/17/2024","ZAR + BRY","pauciflora","Namadgi, Mt Franklin Road",148.8051036,-35.38599523,"5/1/2024","dead/resprout","1","D8","control",9.19583320617676,10.4083337783813,43.0096435546875,504.463958740234,22.2999992370605,-1.89999997615814,24.1999988555908,5.71666669845581,15.283332824707,15.3500003814697,2.96666669845581,1010,107,64,15.2587127685547,294,210,211,282,1320.54113769531
"S07T07P02",7,7,"2/17/2024","ZAR + BRY","pauciflora","Namadgi, Mt Franklin Road",148.7958075,-35.40021858,"5/1/2024","dead/resprout","2","E15","control",9.54583358764648,10.6916666030884,43.4620628356934,506.581512451172,22.7999992370605,-1.79999995231628,24.5999984741211,6.08333349227905,15.6499996185303,15.716667175293,3.28333330154419,1015,108,63,15.8454093933105,297,210,210,285,1232.10192871094
"S07T07P05",7,7,"2/17/2024","ZAR + BRY","pauciflora","Namadgi, Mt Franklin Road",148.7958075,-35.40021858,"5/1/2024","dead/resprout","5","D15","control",9.54583358764648,10.6916666030884,43.4620628356934,506.581512451172,22.7999992370605,-1.79999995231628,24.5999984741211,6.08333349227905,15.6499996185303,15.716667175293,3.28333330154419,1015,108,63,15.8454093933105,297,210,210,285,1232.10192871094
"S07T07P15",7,7,"2/17/2024","ZAR + BRY","pauciflora","Namadgi, Mt Franklin Road",148.7958075,-35.40021858,"5/1/2024","dead/resprout","1","F7","control",9.54583358764648,10.6916666030884,43.4620628356934,506.581512451172,22.7999992370605,-1.79999995231628,24.5999984741211,6.08333349227905,15.6499996185303,15.716667175293,3.28333330154419,1015,108,63,15.8454093933105,297,210,210,285,1232.10192871094
"S07T08P01",7,8,"2/17/2024","ZAR + BRY","pauciflora","Namadgi, Mt Franklin Road",148.7965021,-35.40486114,"5/13/2024","dead/resprout","1","C14","control",9.54583358764648,10.6916666030884,43.4620628356934,506.581512451172,22.7999992370605,-1.79999995231628,24.5999984741211,6.08333349227905,15.6499996185303,15.716667175293,3.28333330154419,1015,108,63,15.8454093933105,297,210,210,285,1265.83581542969
"S07T09P01",7,9,"2/17/2024","ZAR + BRY","pauciflora","Namadgi, Mt Franklin Road",148.7854164,-35.41904123,"5/8/2024","dead/resprout","1","D12","control",9.00416660308838,10.3416662216187,42.7341575622559,506.015899658203,22.1000003814697,-2.09999990463257,24.2000007629395,5.5,15.1166667938232,15.1666669845581,2.76666665077209,1010,107,64,15.422116279602,296,210,211,281,1297.65063476562
"S07T09P04",7,9,"2/17/2024","ZAR + BRY","pauciflora","Namadgi, Mt Franklin Road",148.7854164,-35.41904123,"5/8/2024","dead/resprout","5","G13","control",9.00416660308838,10.3416662216187,42.7341575622559,506.015899658203,22.1000003814697,-2.09999990463257,24.2000007629395,5.5,15.1166667938232,15.1666669845581,2.76666665077209,1010,107,64,15.422116279602,296,210,211,281,1297.65063476562
"S07T10P02",7,10,"2/17/2024","ZAR + BRY","pauciflora","Namadgi, Mt Franklin Road",148.7894564,-35.40937525,"5/8/2024","dead/resprout","5","B10","control",9.46249961853027,10.6583337783813,43.5033988952637,506.454376220703,22.7000007629395,-1.79999995231628,24.5,6,15.5666666030884,15.6500005722046,3.21666669845581,1015,109,63,15.9857807159424,298,209,210,286,1245.45874023438
"S07T10P05",7,10,"2/17/2024","ZAR + BRY","pauciflora","Namadgi, Mt Franklin Road",148.7894564,-35.40937525,"5/8/2024","dead/resprout","2","E13","control",9.46249961853027,10.6583337783813,43.5033988952637,506.454376220703,22.7000007629395,-1.79999995231628,24.5,6,15.5666666030884,15.6500005722046,3.21666669845581,1015,109,63,15.9857807159424,298,209,210,286,1245.45874023438
"S08T03P02",8,3,"2/17/2024","ZAR + BRY","debeuzevillei","Namadgi, Mt Franklin Road",35.526389,148.778889,"5/8/2024","dead/resprout","2","E4","control",NA,NA,NA,NA,NA,NA,NA,NA,NA,NA,NA,NA,NA,NA,NA,NA,NA,NA,NA,NA
"S08T03P04",8,3,"2/17/2024","ZAR + BRY","debeuzevillei","Namadgi, Mt Franklin Road",35.526389,148.778889,"5/8/2024","dead/resprout","5","D10","control",NA,NA,NA,NA,NA,NA,NA,NA,NA,NA,NA,NA,NA,NA,NA,NA,NA,NA,NA,NA
"S08T03P05",8,3,"2/17/2024","ZAR + BRY","debeuzevillei","Namadgi, Mt Franklin Road",35.526389,148.778889,"5/8/2024","dead/resprout","1","E8","control",NA,NA,NA,NA,NA,NA,NA,NA,NA,NA,NA,NA,NA,NA,NA,NA,NA,NA,NA,NA
"S08T04P06",8,4,"2/17/2024","ZAR + BRY","debeuzevillei","Namadgi, Mt Franklin Road",148.7744314,-35.53567387,"5/3/2024","dead/resprout","5","G6","control",7.01666688919067,9.13333320617676,39.8835525512695,502.205749511719,19.6000003814697,-3.29999995231628,22.8999996185303,3.46666669845581,13.1000003814697,13.1166667938232,0.816666662693024,1060,110,70,15.239236831665,313,221,228,288,1619.29418945312
"S08T04P07",8,4,"2/17/2024","ZAR + BRY","debeuzevillei","Namadgi, Mt Franklin Road",148.7744314,-35.53567387,"5/3/2024","dead/resprout","1","A14","control",7.01666688919067,9.13333320617676,39.8835525512695,502.205749511719,19.6000003814697,-3.29999995231628,22.8999996185303,3.46666669845581,13.1000003814697,13.1166667938232,0.816666662693024,1060,110,70,15.239236831665,313,221,228,288,1619.29418945312
"S08T04P09",8,4,"2/17/2024","ZAR + BRY","debeuzevillei","Namadgi, Mt Franklin Road",148.7744314,-35.53567387,"5/6/2024","dead/resprout","2","F2","control",7.01666688919067,9.13333320617676,39.8835525512695,502.205749511719,19.6000003814697,-3.29999995231628,22.8999996185303,3.46666669845581,13.1000003814697,13.1166667938232,0.816666662693024,1060,110,70,15.239236831665,313,221,228,288,1619.29418945312
"S08T05P03",8,5,"2/17/2024","ZAR + BRY","debeuzevillei","Namadgi, Mt Franklin Road",148.7731672,-35.54270223,"5/7/2024","dead/resprout","1","D5","control",7.29583311080933,9.32499980926514,40.1939659118652,503.467346191406,20,-3.20000004768372,23.2000007629395,3.7666666507721,13.3666667938232,13.4166669845581,1.06666672229767,1000,104,67,14.6220779418945,294,212,219,270,1591.07348632812
"S08T05P04",8,5,"2/17/2024","ZAR + BRY","debeuzevillei","Namadgi, Mt Franklin Road",148.7731672,-35.54270223,"5/7/2024","dead/resprout","5","B5","control",7.29583311080933,9.32499980926514,40.1939659118652,503.467346191406,20,-3.20000004768372,23.2000007629395,3.7666666507721,13.3666667938232,13.4166669845581,1.06666672229767,1000,104,67,14.6220779418945,294,212,219,270,1591.07348632812
"S08T06P02",8,6,"2/17/2024","ZAR + BRY","debeuzevillei","Namadgi, Mt Franklin Road",148.7720945,-35.53224822,"5/8/2024","dead/resprout","1","A1","control",6.83333349227905,9.05000019073486,39.6929817199707,502.124267578125,19.3999996185303,-3.40000009536743,22.7999992370605,3.25,12.9166660308838,12.9333333969116,0.650000035762787,1104,116,73,15.4534292221069,327,228,235,304,1733.13525390625
"S09T01P07",9,1,"0/05/2023","BRY","acerina","Baw Baw Plateau",146.345269,-37.88025918,"5/7/2024","dead/resprout","5","G4","control",7.38333320617676,6.7000002861023,36.6120223999023,429.822021484375,18.1000003814697,-0.200000002980232,18.3000011444092,2.41666674613953,12.9000005722046,12.9000005722046,2.34999990463257,1441,153,65,23.7971000671387,448,241,241,435,1412.02014160156
"S09T01P11",9,1,"0/05/2023","BRY","acerina","Baw Baw Plateau",146.345269,-37.88025918,"5/7/2024","dead/resprout","2","D5","control",7.38333320617676,6.7000002861023,36.6120223999023,429.822021484375,18.1000003814697,-0.200000002980232,18.3000011444092,2.41666674613953,12.9000005722046,12.9000005722046,2.34999990463257,1441,153,65,23.7971000671387,448,241,241,435,1412.02014160156
"S09T02P013",9,2,"0/05/2023","BRY","acerina","Baw Baw Plateau",146.3437721,-37.87613875,"5/8/2024","dead/resprout","5","D6","control",7.38333320617676,6.7000002861023,36.6120223999023,429.822021484375,18.1000003814697,-0.200000002980232,18.3000011444092,2.41666674613953,12.9000005722046,12.9000005722046,2.34999990463257,1441,153,65,23.7971000671387,448,241,241,435,1499.62536621094
"S09T02P03",9,2,"0/05/2023","BRY","acerina","Baw Baw Plateau",146.3437721,-37.87613875,"5/8/2024","dead/resprout","2","A1","control",7.38333320617676,6.7000002861023,36.6120223999023,429.822021484375,18.1000003814697,-0.200000002980232,18.3000011444092,2.41666674613953,12.9000005722046,12.9000005722046,2.34999990463257,1441,153,65,23.7971000671387,448,241,241,435,1499.62536621094
"S09T02P09",9,2,"0/05/2023","BRY","acerina","Baw Baw Plateau",146.3437721,-37.87613875,"5/8/2024","dead/resprout","1","G14","control",7.38333320617676,6.7000002861023,36.6120223999023,429.822021484375,18.1000003814697,-0.200000002980232,18.3000011444092,2.41666674613953,12.9000005722046,12.9000005722046,2.34999990463257,1441,153,65,23.7971000671387,448,241,241,435,1499.62536621094
"S09T04P01",9,4,"0/05/2023","BRY","acerina","Baw Baw Plateau",146.3161268,-37.84674974,"5/8/2024","dead/resprout","5","F4","control",6.78333330154419,6.81666660308838,36.4527626037598,441.146942138672,17.7000007629395,-1,18.7000007629395,1.71666669845581,12.4166669845581,12.4166669845581,1.53333330154419,1492,165,65,25.8659534454346,478,241,241,461,1440.8095703125
"S09T05P01",9,5,"0/05/2023","BRY","acerina","Baw Baw Plateau",146.3108803,-37.83274204,"5/8/2024","dead/resprout","1","A12","control",6.82916641235352,6.90833330154419,36.7464561462402,442.243530273438,17.7999992370605,-1,18.7999992370605,1.73333334922791,12.4666662216187,12.4666662216187,1.56666660308838,1515,173,65,27.1176776885986,498,243,243,479,1498.89697265625
"S09T06P04",9,6,"0/05/2023","BRY","acerina","Baw Baw Plateau",146.328103,-37.83555978,"2/13/2024","dead/resprout","1","D1","control",7.40000009536743,7.06666660308838,37.3897705078125,437.061462402344,18.3999996185303,-0.5,18.8999996185303,2.36666655540466,12.9666662216187,12.9666662216187,2.18333339691162,1417,157,63,24.8477172851562,453,236,236,435,1353.13391113281
"S09T06P05",9,6,"0/05/2023","BRY","acerina","Baw Baw Plateau",146.328103,-37.83555978,"2/13/2024","dead/resprout","5","G11","control",7.40000009536743,7.06666660308838,37.3897705078125,437.061462402344,18.3999996185303,-0.5,18.8999996185303,2.36666655540466,12.9666662216187,12.9666662216187,2.18333339691162,1417,157,63,24.8477172851562,453,236,236,435,1353.13391113281
"S09T06P10",9,6,"0/05/2023","BRY","acerina","Baw Baw Plateau",146.328103,-37.83555978,"2/13/2024","dead/resprout","2","C14","control",7.40000009536743,7.06666660308838,37.3897705078125,437.061462402344,18.3999996185303,-0.5,18.8999996185303,2.36666655540466,12.9666662216187,12.9666662216187,2.18333339691162,1417,157,63,24.8477172851562,453,236,236,435,1353.13391113281
"S09T07P04",9,7,"0/05/2023","BRY","acerina","Baw Baw Plateau",146.3252066,-37.83214933,"5/6/2024","dead/resprout","2","A15","control",7.65000009536743,7.23333358764648,37.8708572387695,435.879486083984,18.7999992370605,-0.300000011920929,19.0999984741211,2.65000009536743,13.1999998092651,13.1999998092651,2.45000004768372,1361,147,62,23.5064353942871,427,231,231,410,1397.79711914062
"S09T08T03",9,8,"0/05/2023","BRY","acerina","Baw Baw Plateau",146.3203746,-37.83450343,"5/8/2024","dead/resprout","5","G15","control",7.03749990463257,6.94166660308838,36.9237594604492,440.026458740234,18,-0.800000011920929,18.7999992370605,1.98333334922791,12.6499996185303,12.6499996185303,1.79999995231628,1477,167,64,26.3092250823975,480,239,239,461,1449.89587402344
"S10T01P03",10,1,"0/05/2023","BRY","hedraia","Falls Creek/Bogong",147.3004725,-36.71987474,"5/8/2024","dead/resprout","5","E3","control",7.05416679382324,8.125,37.2706413269043,499.497283935547,19.3999996185303,-2.40000009536743,21.7999992370605,1.03333330154419,13.2666664123535,13.2666664123535,1.03333330154419,1582,179,74,25.5976619720459,506,267,267,506,1583.98620605469
"S10T01P04",10,1,"0/05/2023","BRY","hedraia","Falls Creek/Bogong",147.3004725,-36.71987474,"5/8/2024","dead/resprout","1","D7","control",7.05416679382324,8.125,37.2706413269043,499.497283935547,19.3999996185303,-2.40000009536743,21.7999992370605,1.03333330154419,13.2666664123535,13.2666664123535,1.03333330154419,1582,179,74,25.5976619720459,506,267,267,506,1583.98620605469
"S10T02P01",10,2,"0/05/2023","BRY","hedraia","Falls Creek/Bogong",147.295,-36.7132,"5/6/2024","dead/resprout","2","B15","control",8.06666660308838,8.65000057220459,38.7892379760742,495.866271972656,20.6000003814697,-1.70000004768372,22.3000011444092,2.06666660308838,14.216667175293,14.216667175293,2.06666660308838,1436,161,66,26.7405071258545,466,241,241,466,1436.73229980469
"S10T02P08",10,2,"0/05/2023","BRY","hedraia","Falls Creek/Bogong",147.295,-36.7132,"5/6/2024","dead/resprout","1","G4","control",8.06666660308838,8.65000057220459,38.7892379760742,495.866271972656,20.6000003814697,-1.70000004768372,22.3000011444092,2.06666660308838,14.216667175293,14.216667175293,2.06666660308838,1436,161,66,26.7405071258545,466,241,241,466,1436.73229980469
"S10T02P09",10,2,"0/05/2023","BRY","hedraia","Falls Creek/Bogong",147.295,-36.7132,"5/6/2024","dead/resprout","5","F5","control",8.06666660308838,8.65000057220459,38.7892379760742,495.866271972656,20.6000003814697,-1.70000004768372,22.3000011444092,2.06666660308838,14.216667175293,14.216667175293,2.06666660308838,1436,161,66,26.7405071258545,466,241,241,466,1436.73229980469
"S10T03P01",10,3,"0/05/2024","BRY","hedraia","Falls Creek/Bogong",147.3045634,-36.72356214,"5/8/2024","dead/resprout","2","G7","control",7.05416679382324,8.125,37.2706413269043,499.497283935547,19.3999996185303,-2.40000009536743,21.7999992370605,1.03333330154419,13.2666664123535,13.2666664123535,1.03333330154419,1582,179,74,25.5976619720459,506,267,267,506,1734.21838378906
"S10T03P02",10,3,"0/05/2024","BRY","hedraia","Falls Creek/Bogong",147.3045634,-36.72356214,"5/8/2024","dead/resprout","5","D8","control",7.05416679382324,8.125,37.2706413269043,499.497283935547,19.3999996185303,-2.40000009536743,21.7999992370605,1.03333330154419,13.2666664123535,13.2666664123535,1.03333330154419,1582,179,74,25.5976619720459,506,267,267,506,1734.21838378906
"S10T03P03",10,3,"0/05/2024","BRY","hedraia","Falls Creek/Bogong",147.3045634,-36.72356214,"5/8/2024","dead/resprout","1","G2","control",7.05416679382324,8.125,37.2706413269043,499.497283935547,19.3999996185303,-2.40000009536743,21.7999992370605,1.03333330154419,13.2666664123535,13.2666664123535,1.03333330154419,1582,179,74,25.5976619720459,506,267,267,506,1734.21838378906
"S10T04P02",10,4,"0/05/2025","BRY","hedraia","Falls Creek/Bogong",147.2925612,-36.7751921,"5/13/2024","dead/resprout","1","A4","control",7.94583320617676,9.00833320617676,39.6842880249023,499.538238525391,20.7000007629395,-2,22.7000007629395,1.83333337306976,14.0833330154419,14.0833330154419,1.83333337306976,1355,152,64,25.3412494659424,433,235,235,433,1391.82019042969
"S10T07P03",10,7,"0/05/2023","BRY","hedraia","Falls Creek/Bogong",147.284648,-36.77091069,"5/7/2024","dead/resprout","5","B9","control",7.32499980926514,8.26666641235352,37.575756072998,501.450164794922,19.7000007629395,-2.29999995231628,22,1.23333334922791,13.533332824707,13.533332824707,1.23333334922791,1470,173,70,25.3304977416992,470,254,254,470,1467.08923339844
"S10T07P06",10,7,"0/05/2023","BRY","hedraia","Falls Creek/Bogong",147.284648,-36.77091069,"5/8/2024","dead/resprout","2","G6","control",7.32499980926514,8.26666641235352,37.575756072998,501.450164794922,19.7000007629395,-2.29999995231628,22,1.23333334922791,13.533332824707,13.533332824707,1.23333334922791,1470,173,70,25.3304977416992,470,254,254,470,1467.08923339844
"S10T08P03",10,8,"0/05/2023","BRY","hedraia","Falls Creek/Bogong",147.2913688,-36.76286481,"5/7/2024","dead/resprout","5","D12","control",7.38333320617676,8.18333339691162,37.3668174743652,501.07763671875,19.7000007629395,-2.20000004768372,21.9000015258789,1.28333330154419,13.5833330154419,13.5833330154419,1.28333330154419,1467,172,70,25.4845294952393,470,252,252,470,1538.8203125
"S10T08P11",10,8,"0/05/2023","BRY","hedraia","Falls Creek/Bogong",147.2913688,-36.76286481,"5/7/2024","dead/resprout","1","G11","control",7.38333320617676,8.18333339691162,37.3668174743652,501.07763671875,19.7000007629395,-2.20000004768372,21.9000015258789,1.28333330154419,13.5833330154419,13.5833330154419,1.28333330154419,1467,172,70,25.4845294952393,470,252,252,470,1538.8203125
"S10T08P13",10,8,"0/05/2023","BRY","hedraia","Falls Creek/Bogong",147.2913688,-36.76286481,"5/7/2024","dead/resprout","2","F8","control",7.38333320617676,8.18333339691162,37.3668174743652,501.07763671875,19.7000007629395,-2.20000004768372,21.9000015258789,1.28333330154419,13.5833330154419,13.5833330154419,1.28333330154419,1467,172,70,25.4845294952393,470,252,252,470,1538.8203125
"S10T09P05",10,9,"0/05/2023","BRY","hedraia","Falls Creek/Bogong",147.2916716,-36.76091585,"5/13/2024","dead/resprout","2","C9","control",7.36666679382324,8.25,37.6712303161621,500.283264160156,19.7000007629395,-2.20000004768372,21.9000015258789,1.26666665077209,13.5500001907349,13.5500001907349,1.26666665077209,1454,170,70,25.1735324859619,464,251,251,464,1539.9228515625
"S10T12P01",10,12,"0/05/2023","BRY","niphophila","Falls Creek/Bogong",147.2890632,-36.75422488,"5/8/2024","dead/resprout","5","G5","control",6.53749990463257,7.70833349227905,36.1893577575684,499.268218994141,18.6000003814697,-2.70000004768372,21.3000011444092,0.51666659116745,12.75,12.75,0.51666659116745,1604,179,77,24.5638637542725,502,273,273,502,1713.84887695312
"S10T12P03",10,12,"0/05/2023","BRY","niphophila","Falls Creek/Bogong",147.2890632,-36.75422488,"5/8/2024","dead/resprout","1","D6","control",6.53749990463257,7.70833349227905,36.1893577575684,499.268218994141,18.6000003814697,-2.70000004768372,21.3000011444092,0.51666659116745,12.75,12.75,0.51666659116745,1604,179,77,24.5638637542725,502,273,273,502,1713.84887695312
"S10T13P02",10,13,"0/05/2023","BRY","niphophila","Falls Creek/Bogong",147.3146806,-36.72492102,"5/8/2024","dead/resprout","2","A16","control",6.92916679382324,7.92500019073486,36.860466003418,498.353912353516,19.1000003814697,-2.40000009536743,21.5,0.933333396911621,13.1499996185303,13.1499996185303,0.933333396911621,1622,181,76,25.566722869873,517,273,273,517,1741.44458007812
"S10T13P04",10,13,"0/05/2023","BRY","niphophila","Falls Creek/Bogong",147.3146806,-36.72492102,"5/8/2024","dead/resprout","1","F15","control",6.92916679382324,7.92500019073486,36.860466003418,498.353912353516,19.1000003814697,-2.40000009536743,21.5,0.933333396911621,13.1499996185303,13.1499996185303,0.933333396911621,1622,181,76,25.566722869873,517,273,273,517,1741.44458007812
"S10T15P03",10,15,"0/05/2023","BRY","niphophila","Falls Creek/Bogong",147.2816119,-36.92711515,"5/13/2024","dead/resprout","2","F6","control",5.90416669845581,8.22499942779541,38.2558135986328,498.317413330078,18.2999992370605,-3.20000004768372,21.5,-0.150000020861626,12.0833330154419,12.0833330154419,-0.150000020861626,1669,182,81,24.4452114105225,527,284,284,527,1820.32019042969
"S10T15P04",10,15,"0/05/2023","BRY","niphophila","Falls Creek/Bogong",147.2816119,-36.92711515,"5/13/2024","dead/resprout","1","G8","control",5.90416669845581,8.22499942779541,38.2558135986328,498.317413330078,18.2999992370605,-3.20000004768372,21.5,-0.150000020861626,12.0833330154419,12.0833330154419,-0.150000020861626,1669,182,81,24.4452114105225,527,284,284,527,1820.32019042969
"S10T16P03",10,16,"0/05/2023","BRY","niphophila","Falls Creek/Bogong",147.2884346,-36.76779888,"5/13/2024","dead/resprout","2","B6","control",7.32499980926514,8.26666641235352,37.575756072998,501.450164794922,19.7000007629395,-2.29999995231628,22,1.23333334922791,13.533332824707,13.533332824707,1.23333334922791,1470,173,70,25.3304977416992,470,254,254,470,1511.43395996094
"S10T18P02",10,18,"0/05/2023","BRY","niphophila","Falls Creek/Bogong",147.3193627,-36.94187033,"5/6/2024","dead/resprout","5","A14","control",6.82499980926514,8.19999980926514,38.317756652832,489.696105957031,19,-2.40000009536743,21.3999996185303,0.866666615009308,12.8999996185303,12.8999996185303,0.866666615009308,1499,183,76,22.973669052124,467,274,274,467,1589.35681152344
"S11T01P15",11,1,"0/05/2023","BRY","pauciflora","Falls Creek/Bogong",147.297255,-36.71530832,"5/1/2024","dead/resprout","1","B15","control",8.06666660308838,8.65000057220459,38.7892379760742,495.866271972656,20.6000003814697,-1.70000004768372,22.3000011444092,2.06666660308838,14.216667175293,14.216667175293,2.06666660308838,1436,161,66,26.7405071258545,466,241,241,466,1442.45153808594
"S11T01P16",11,1,"0/05/2023","BRY","pauciflora","Falls Creek/Bogong",147.297255,-36.71530832,"5/1/2024","dead/resprout","1","G1","control",8.06666660308838,8.65000057220459,38.7892379760742,495.866271972656,20.6000003814697,-1.70000004768372,22.3000011444092,2.06666660308838,14.216667175293,14.216667175293,2.06666660308838,1436,161,66,26.7405071258545,466,241,241,466,1442.45153808594
"S11T01P23",11,1,"0/05/2023","BRY","pauciflora","Falls Creek/Bogong",147.297255,-36.71530832,"5/1/2024","dead/resprout","5","A2","control",8.06666660308838,8.65000057220459,38.7892379760742,495.866271972656,20.6000003814697,-1.70000004768372,22.3000011444092,2.06666660308838,14.216667175293,14.216667175293,2.06666660308838,1436,161,66,26.7405071258545,466,241,241,466,1442.45153808594
"S11T01P25",11,1,"0/05/2023","BRY","pauciflora","Falls Creek/Bogong",147.297255,-36.71530832,"5/1/2024","dead/resprout","2","D13","control",8.06666660308838,8.65000057220459,38.7892379760742,495.866271972656,20.6000003814697,-1.70000004768372,22.3000011444092,2.06666660308838,14.216667175293,14.216667175293,2.06666660308838,1436,161,66,26.7405071258545,466,241,241,466,1442.45153808594
"S11T02P03",11,2,"0/05/2023","BRY","pauciflora","Falls Creek/Bogong",147.2949949,-36.71321879,"5/1/2024","dead/resprout","2","C3","control",8.06666660308838,8.65000057220459,38.7892379760742,495.866271972656,20.6000003814697,-1.70000004768372,22.3000011444092,2.06666660308838,14.216667175293,14.216667175293,2.06666660308838,1436,161,66,26.7405071258545,466,241,241,466,1436.73229980469
"S11T02P08",11,2,"0/05/2023","BRY","pauciflora","Falls Creek/Bogong",147.2949949,-36.71321879,"5/1/2024","dead/resprout","5","A12","control",8.06666660308838,8.65000057220459,38.7892379760742,495.866271972656,20.6000003814697,-1.70000004768372,22.3000011444092,2.06666660308838,14.216667175293,14.216667175293,2.06666660308838,1436,161,66,26.7405071258545,466,241,241,466,1436.73229980469
"S11T02P11",11,2,"0/05/2023","BRY","pauciflora","Falls Creek/Bogong",147.2949949,-36.71321879,"5/1/2024","dead/resprout","1","C16","control",8.06666660308838,8.65000057220459,38.7892379760742,495.866271972656,20.6000003814697,-1.70000004768372,22.3000011444092,2.06666660308838,14.216667175293,14.216667175293,2.06666660308838,1436,161,66,26.7405071258545,466,241,241,466,1436.73229980469
"S11T02P13",11,2,"0/05/2023","BRY","pauciflora","Falls Creek/Bogong",147.2949949,-36.71321879,"5/1/2024","dead/resprout","5","B7","control",8.06666660308838,8.65000057220459,38.7892379760742,495.866271972656,20.6000003814697,-1.70000004768372,22.3000011444092,2.06666660308838,14.216667175293,14.216667175293,2.06666660308838,1436,161,66,26.7405071258545,466,241,241,466,1436.73229980469
"S11T03P02",11,3,"0/05/2023","BRY","pauciflora","Falls Creek/Bogong",147.2869775,-36.76922593,"5/8/2024","dead/resprout","1","G13","control",7.32499980926514,8.26666641235352,37.575756072998,501.450164794922,19.7000007629395,-2.29999995231628,22,1.23333334922791,13.533332824707,13.533332824707,1.23333334922791,1470,173,70,25.3304977416992,470,254,254,470,1518.2587890625
"S11T03P08",11,3,"0/05/2023","BRY","pauciflora","Falls Creek/Bogong",147.2869775,-36.76922593,"5/8/2024","dead/resprout","2","E14","control",7.32499980926514,8.26666641235352,37.575756072998,501.450164794922,19.7000007629395,-2.29999995231628,22,1.23333334922791,13.533332824707,13.533332824707,1.23333334922791,1470,173,70,25.3304977416992,470,254,254,470,1518.2587890625
"S11T03P10",11,3,"0/05/2023","BRY","pauciflora","Falls Creek/Bogong",147.2869775,-36.76922593,"5/8/2024","dead/resprout","5","B4","control",7.32499980926514,8.26666641235352,37.575756072998,501.450164794922,19.7000007629395,-2.29999995231628,22,1.23333334922791,13.533332824707,13.533332824707,1.23333334922791,1470,173,70,25.3304977416992,470,254,254,470,1518.2587890625
"S11T04P11",11,4,"0/05/2023","BRY","pauciflora","Falls Creek/Bogong",147.3110202,-36.71336842,"5/7/2024","dead/resprout","5","A13","control",7.59583330154419,8.2083330154419,37.652904510498,495.701782226562,19.8999996185303,-1.89999997615814,21.7999992370605,1.61666667461395,13.7666664123535,13.7666664123535,1.61666667461395,1515,171,71,25.3477573394775,483,259,259,483,1489.41674804688
"S11T04P16",11,4,"0/05/2023","BRY","pauciflora","Falls Creek/Bogong",147.3110202,-36.71336842,"5/7/2024","dead/resprout","2","B8","control",7.59583330154419,8.2083330154419,37.652904510498,495.701782226562,19.8999996185303,-1.89999997615814,21.7999992370605,1.61666667461395,13.7666664123535,13.7666664123535,1.61666667461395,1515,171,71,25.3477573394775,483,259,259,483,1489.41674804688
"S11T04P20",11,4,"0/05/2023","BRY","pauciflora","Falls Creek/Bogong",147.3110202,-36.71336842,"5/7/2024","dead/resprout","1","F9","control",7.59583330154419,8.2083330154419,37.652904510498,495.701782226562,19.8999996185303,-1.89999997615814,21.7999992370605,1.61666667461395,13.7666664123535,13.7666664123535,1.61666667461395,1515,171,71,25.3477573394775,483,259,259,483,1489.41674804688
"S11T05P02",11,5,"0/05/2023","BRY","pauciflora","Falls Creek/Bogong",147.2884346,-36.76779888,"5/8/2024","dead/resprout","2","D11","control",7.32499980926514,8.26666641235352,37.575756072998,501.450164794922,19.7000007629395,-2.29999995231628,22,1.23333334922791,13.533332824707,13.533332824707,1.23333334922791,1470,173,70,25.3304977416992,470,254,254,470,1511.43395996094
"S12T02P02",12,2,"5/29/2020","MON","pauciflora","Armidale",151.7505972,-30.34999098,"5/8/2024","dead/resprout","1","F13","control",12.283332824707,11.5500001907349,47.3360633850098,483.050598144531,24.7000007629395,0.300000011920929,24.4000015258789,18.0166664123535,6.06666660308838,18.0166664123535,6.06666660308838,845,119,41,36.8704605102539,321,135,321,135,1229.76293945312
"S12T03P03",12,3,"5/29/2020","MON","pauciflora","Armidale",151.7523055,-30.18836987,"5/6/2024","dead/resprout","2","B16","control",11.8249998092651,11.8500003814697,48.5655708312988,478.351806640625,24.2000007629395,-0.200000002980232,24.4000015258789,17.5,5.68333339691162,17.5,5.68333339691162,921,131,47,35.875316619873,348,151,348,151,1324.30590820312
"S12T04P01",12,4,"5/29/2020","MON","pauciflora","Armidale",151.798809,-30.17882736,"5/8/2024","dead/resprout","2","F14","control",11.5249996185303,11.1166667938232,46.9057655334473,472.894866943359,23.6000003814697,-0.100000001490116,23.7000007629395,17.1333332061768,5.44999980926514,17.1333332061768,5.44999980926514,940,136,47,37.1730575561523,361,152,361,152,1354.50354003906
"S12T04P06",12,4,"5/29/2020","MON","pauciflora","Armidale",151.798809,-30.17882736,"5/8/2024","dead/resprout","1","G7","control",11.5249996185303,11.1166667938232,46.9057655334473,472.894866943359,23.6000003814697,-0.100000001490116,23.7000007629395,17.1333332061768,5.44999980926514,17.1333332061768,5.44999980926514,940,136,47,37.1730575561523,361,152,361,152,1354.50354003906
"S12T04P07",12,4,"5/29/2020","MON","pauciflora","Armidale",151.798809,-30.17882736,"5/8/2024","dead/resprout","5","F9","control",11.5249996185303,11.1166667938232,46.9057655334473,472.894866943359,23.6000003814697,-0.100000001490116,23.7000007629395,17.1333332061768,5.44999980926514,17.1333332061768,5.44999980926514,940,136,47,37.1730575561523,361,152,361,152,1354.50354003906
"S12T05P05",12,5,"5/29/2020","MON","pauciflora","Armidale",151.8763137,-30.13955858,"5/13/2024","dead/resprout","5","C11","control",11.7624998092651,10.6416664123535,46.4701614379883,461.770935058594,23.2999992370605,0.400000005960464,22.8999996185303,17.2333335876465,5.81666660308838,17.2333335876465,5.81666660308838,954,143,43,40.359203338623,377,141,377,141,1324.46252441406
"S12T05P07",12,5,"5/29/2020","MON","pauciflora","Armidale",151.8763137,-30.13955858,"5/13/2024","dead/resprout","1","F4","control",11.7624998092651,10.6416664123535,46.4701614379883,461.770935058594,23.2999992370605,0.400000005960464,22.8999996185303,17.2333335876465,5.81666660308838,17.2333335876465,5.81666660308838,954,143,43,40.359203338623,377,141,377,141,1324.46252441406
"S12T05P08",12,5,"5/29/2020","MON","pauciflora","Armidale",151.8763137,-30.13955858,"5/13/2024","dead/resprout","2","E6","control",11.7624998092651,10.6416664123535,46.4701614379883,461.770935058594,23.2999992370605,0.400000005960464,22.8999996185303,17.2333335876465,5.81666660308838,17.2333335876465,5.81666660308838,954,143,43,40.359203338623,377,141,377,141,1324.46252441406
"S12T06P03",12,6,"5/30/2020","MON","pauciflora","Armidale",151.9918547,-30.51419373,"5/6/2024","dead/resprout","2","A9","control",13.4499998092651,12.0333337783813,48.7179489135742,468.493713378906,25.7000007629395,1,24.7000007629395,19.0166664123535,7.38333320617676,19.0166664123535,7.38333320617676,842,126,30,42.833927154541,335,114,335,114,996.149841308594
"S12T06P06",12,6,"5/30/2020","MON","pauciflora","Armidale",151.9918547,-30.51419373,"5/6/2024","dead/resprout","1","B8","control",13.4499998092651,12.0333337783813,48.7179489135742,468.493713378906,25.7000007629395,1,24.7000007629395,19.0166664123535,7.38333320617676,19.0166664123535,7.38333320617676,842,126,30,42.833927154541,335,114,335,114,996.149841308594
"S12T06P07",12,6,"5/30/2020","MON","pauciflora","Armidale",151.9918547,-30.51419373,"5/6/2024","dead/resprout","5","F13","control",13.4499998092651,12.0333337783813,48.7179489135742,468.493713378906,25.7000007629395,1,24.7000007629395,19.0166664123535,7.38333320617676,19.0166664123535,7.38333320617676,842,126,30,42.833927154541,335,114,335,114,996.149841308594
"S12T08P01",12,8,"5/30/2020","MON","pauciflora","Armidale",152.3083337,-30.41768867,"5/8/2024","dead/resprout","5","A16","control",11.5541667938232,9.80833339691162,45.1996955871582,445.637725830078,22.3999996185303,0.699999988079071,21.6999988555908,16.8166675567627,6.65000009536743,16.8166675567627,5.81666660308838,1139,164,35,41.956714630127,439,144,439,160,1281.62426757812
"S12T08P05",12,8,"5/30/2020","MON","pauciflora","Armidale",152.3083337,-30.41768867,"5/8/2024","dead/resprout","1","C10","control",11.5541667938232,9.80833339691162,45.1996955871582,445.637725830078,22.3999996185303,0.699999988079071,21.6999988555908,16.8166675567627,6.65000009536743,16.8166675567627,5.81666660308838,1139,164,35,41.956714630127,439,144,439,160,1281.62426757812
"S12T09P03",12,9,"5/31/2020","MON","pauciflora","Armidale",151.5323479,-30.55632952,"5/8/2024","dead/resprout","5","G7","control",13.3625001907349,13.0416669845581,49.4002532958984,503.474884033203,26.6000003814697,0.200000002980232,26.3999996185303,18.216667175293,10.5166664123535,19.3333339691162,6.88333320617676,779,108,43,33.665454864502,288,135,284,139,1033.09948730469
"S12T09P06",12,9,"5/31/2020","MON","pauciflora","Armidale",151.5323479,-30.55632952,"5/8/2024","dead/resprout","2","D7","control",13.3625001907349,13.0416669845581,49.4002532958984,503.474884033203,26.6000003814697,0.200000002980232,26.3999996185303,18.216667175293,10.5166664123535,19.3333339691162,6.88333320617676,779,108,43,33.665454864502,288,135,284,139,1033.09948730469
"S12T10P06",12,10,"6/2/2020","MON","pauciflora","Armidale",151.5809935,-30.96356189,"5/13/2024","dead/resprout","1","B6","control",12.7208337783813,13.5249996185303,51.0377349853516,495.724700927734,26.1000003814697,-0.400000005960464,26.5,18.6499996185303,6.36666679382324,18.6499996185303,6.36666679382324,825,118,45,33.4566078186035,301,147,301,147,1078.83056640625
"S12T10P07",12,10,"6/2/2020","MON","pauciflora","Armidale",151.5809935,-30.96356189,"5/13/2024","dead/resprout","5","F2","control",12.7208337783813,13.5249996185303,51.0377349853516,495.724700927734,26.1000003814697,-0.400000005960464,26.5,18.6499996185303,6.36666679382324,18.6499996185303,6.36666679382324,825,118,45,33.4566078186035,301,147,301,147,1078.83056640625
"S12T10P08",12,10,"6/2/2020","MON","pauciflora","Armidale",151.5809935,-30.96356189,"5/13/2024","dead/resprout","1","D14","control",12.7208337783813,13.5249996185303,51.0377349853516,495.724700927734,26.1000003814697,-0.400000005960464,26.5,18.6499996185303,6.36666679382324,18.6499996185303,6.36666679382324,825,118,45,33.4566078186035,301,147,301,147,1078.83056640625
"S12T10P11",12,10,"6/2/2020","MON","pauciflora","Armidale",151.5809935,-30.96356189,"5/13/2024","dead/resprout","2","D1","control",12.7208337783813,13.5249996185303,51.0377349853516,495.724700927734,26.1000003814697,-0.400000005960464,26.5,18.6499996185303,6.36666679382324,18.6499996185303,6.36666679382324,825,118,45,33.4566078186035,301,147,301,147,1078.83056640625
"S13T01P03",13,1,"7/1/2020","MON","pauciflora","Goulburn",149.2904396,-34.49597904,"5/8/2024","dead/resprout","1","B5","control",12.2708330154419,12.4916667938232,46.6106986999512,529.345458984375,26.7999992370605,0,26.7999992370605,8.78333377838135,16.3666667938232,18.8500003814697,5.76666641235352,778,81,47,18.1336269378662,237,150,176,218,851.911804199219
"S13T02P01",13,2,"7/1/2020","MON","pauciflora","Goulburn",149.335594,-34.37183799,"5/8/2024","dead/resprout","1","E10","control",12.7041664123535,12.7416667938232,47.5435333251953,522.804748535156,27,0.200000002980232,26.7999992370605,9.30000019073486,16.783332824707,19.1666660308838,6.26666641235352,765,78,49,16.8811836242676,229,151,181,209,760.426147460938
"S13T02P04",13,2,"7/1/2020","MON","pauciflora","Goulburn",149.335594,-34.37183799,"5/8/2024","dead/resprout","2","D10","control",12.7041664123535,12.7416667938232,47.5435333251953,522.804748535156,27,0.200000002980232,26.7999992370605,9.30000019073486,16.783332824707,19.1666660308838,6.26666641235352,765,78,49,16.8811836242676,229,151,181,209,760.426147460938
"S13T03P01",13,3,"7/1/2020","MON","pauciflora","Goulburn",149.3682872,-34.44282635,"5/13/2024","dead/resprout","2","C11","control",11.9708337783813,12.4083337783813,47.0012626647949,519.140258789062,26.2000007629395,-0.200000002980232,26.4000015258789,8.5833330154419,16.033332824707,18.3833332061768,5.58333349227905,784,81,49,17.3719024658203,237,153,180,218,885.347961425781
"S13T03P02",13,3,"7/1/2020","MON","pauciflora","Goulburn",149.3682872,-34.44282635,"5/13/2024","dead/resprout","1","G16","control",11.9708337783813,12.4083337783813,47.0012626647949,519.140258789062,26.2000007629395,-0.200000002980232,26.4000015258789,8.5833330154419,16.033332824707,18.3833332061768,5.58333349227905,784,81,49,17.3719024658203,237,153,180,218,885.347961425781
"S13T04P01",13,4,"7/2/2020","MON","pauciflora","Goulburn",149.4033473,-34.51707128,"5/13/2024","dead/resprout","5","F11","control",11.7666664123535,12.2833337783813,46.7046890258789,518.245849609375,26,-0.300000011920929,26.2999992370605,8.38333320617676,15.783332824707,18.216667175293,5.41666698455811,778,80,48,17.20774269104,235,153,179,216,917.8173828125
"S13T04P07",13,4,"7/2/2020","MON","pauciflora","Goulburn",149.4033473,-34.51707128,"5/13/2024","dead/resprout","2","F7","control",11.7666664123535,12.2833337783813,46.7046890258789,518.245849609375,26,-0.300000011920929,26.2999992370605,8.38333320617676,15.783332824707,18.216667175293,5.41666698455811,778,80,48,17.20774269104,235,153,179,216,917.8173828125
"S13T05P02",13,5,"7/2/2020","MON","pauciflora","Goulburn",149.5035819,-34.43456833,"5/3/2024","dead/resprout","5","C15","control",11.5583333969116,12.2833337783813,47.0625801086426,513.804138183594,25.7000007629395,-0.400000005960464,26.1000003814697,8.25,15.5,17.9333343505859,5.21666669845581,808,80,55,14.1103601455688,234,168,193,218,934.766418457031
"S13T05P04",13,5,"7/2/2020","MON","pauciflora","Goulburn",149.5035819,-34.43456833,"5/3/2024","dead/resprout","2","C8","control",11.5583333969116,12.2833337783813,47.0625801086426,513.804138183594,25.7000007629395,-0.400000005960464,26.1000003814697,8.25,15.5,17.9333343505859,5.21666669845581,808,80,55,14.1103601455688,234,168,193,218,934.766418457031
"S13T05P06",13,5,"7/2/2020","MON","pauciflora","Goulburn",149.5035819,-34.43456833,"5/3/2024","dead/resprout","1","E12","control",11.5583333969116,12.2833337783813,47.0625801086426,513.804138183594,25.7000007629395,-0.400000005960464,26.1000003814697,8.25,15.5,17.9333343505859,5.21666669845581,808,80,55,14.1103601455688,234,168,193,218,934.766418457031
"S13T06P02",13,6,"7/2/2020","MON","pauciflora","Goulburn",149.5468598,-34.36981226,"5/2/2024","dead/resprout","5","A3","control",12,12.7166662216187,47.9874229431152,512.498352050781,26.2999992370605,-0.200000002980232,26.5,8.73333358764648,15.8999996185303,18.3666667938232,5.68333339691162,776,79,55,13.6103963851929,220,165,192,199,861.792175292969
"S13T06P04",13,6,"7/2/2020","MON","pauciflora","Goulburn",149.5468598,-34.36981226,"5/2/2024","dead/resprout","2","F15","control",12,12.7166662216187,47.9874229431152,512.498352050781,26.2999992370605,-0.200000002980232,26.5,8.73333358764648,15.8999996185303,18.3666667938232,5.68333339691162,776,79,55,13.6103963851929,220,165,192,199,861.792175292969
"S13T06P10",13,6,"7/2/2020","MON","pauciflora","Goulburn",149.5468598,-34.36981226,"5/3/2024","dead/resprout","1","E9","control",12,12.7166662216187,47.9874229431152,512.498352050781,26.2999992370605,-0.200000002980232,26.5,8.73333358764648,15.8999996185303,18.3666667938232,5.68333339691162,776,79,55,13.6103963851929,220,165,192,199,861.792175292969
"S13T07P02",13,7,"7/2/2020","MON","pauciflora","Goulburn",149.6971203,-34.31560506,"5/8/2024","dead/resprout","5","E16","control",12.1041669845581,12.4916667938232,47.6781158447266,511.301635742188,26.2000007629395,0,26.2000007629395,16.8666667938232,9.21666717529297,18.4166660308838,5.76666641235352,808,86,60,11.0807971954346,221,181,213,195,878.23974609375
"S13T07P03",13,7,"7/2/2020","MON","pauciflora","Goulburn",149.6971203,-34.31560506,"5/8/2024","dead/resprout","2","E16","control",12.1041669845581,12.4916667938232,47.6781158447266,511.301635742188,26.2000007629395,0,26.2000007629395,16.8666667938232,9.21666717529297,18.4166660308838,5.76666641235352,808,86,60,11.0807971954346,221,181,213,195,878.23974609375
"S13T08P05",13,8,"7/2/2020","MON","pauciflora","Goulburn",149.7442948,-34.34887261,"5/13/2024","dead/resprout","5","D11","control",11.6833333969116,12.216667175293,47.5356674194336,501.168334960938,25.5,-0.200000002980232,25.7000007629395,17.5833339691162,8.86666679382324,17.8500003814697,5.4500002861023,868,90,65,9.73541831970215,234,201,225,207,925.079406738281
"S13T08P09",13,8,"7/2/2020","MON","pauciflora","Goulburn",149.7442948,-34.34887261,"5/13/2024","dead/resprout","1","G9","control",11.6833333969116,12.216667175293,47.5356674194336,501.168334960938,25.5,-0.200000002980232,25.7000007629395,17.5833339691162,8.86666679382324,17.8500003814697,5.4500002861023,868,90,65,9.73541831970215,234,201,225,207,925.079406738281
"S13T08P10",13,8,"7/2/2020","MON","pauciflora","Goulburn",149.7442948,-34.34887261,"5/13/2024","dead/resprout","2","F11","control",11.6833333969116,12.216667175293,47.5356674194336,501.168334960938,25.5,-0.200000002980232,25.7000007629395,17.5833339691162,8.86666679382324,17.8500003814697,5.4500002861023,868,90,65,9.73541831970215,234,201,225,207,925.079406738281
"S13T09P03",13,9,"7/2/2020","MON","pauciflora","Goulburn",149.7970744,-34.38220076,"5/14/2024","dead/resprout","2","D4","control",11.8999996185303,12.25,47.8515625,495.112487792969,25.6000003814697,0,25.6000003814697,17.7000007629395,6.63333320617676,18,5.73333311080933,864,89,65,9.50864696502686,236,199,225,207,859.400085449219
"S13T09P14",13,9,"7/2/2020","MON","pauciflora","Goulburn",149.7970744,-34.38220076,"5/14/2024","dead/resprout","5","G9","control",11.8999996185303,12.25,47.8515625,495.112487792969,25.6000003814697,0,25.6000003814697,17.7000007629395,6.63333320617676,18,5.73333311080933,864,89,65,9.50864696502686,236,199,225,207,859.400085449219
"S13T09P22",13,9,"7/2/2020","MON","pauciflora","Goulburn",149.7970744,-34.38220076,"5/14/2024","dead/resprout","1","B2","control",11.8999996185303,12.25,47.8515625,495.112487792969,25.6000003814697,0,25.6000003814697,17.7000007629395,6.63333320617676,18,5.73333311080933,864,89,65,9.50864696502686,236,199,225,207,859.400085449219
"S13T10P02",13,10,"7/2/2020","MON","pauciflora","Goulburn",149.8065881,-34.45721939,"5/7/2024","dead/resprout","5","F3","control",11.9166669845581,12.1333332061768,47.5816955566406,492.984130859375,25.7000007629395,0.200000002980232,25.5,17.6833343505859,6.69999980926514,18,5.78333330154419,851,87,61,9.91168880462646,233,194,219,198,882.066650390625
"S13T10P10",13,10,"7/2/2020","MON","pauciflora","Goulburn",149.8065881,-34.45721939,"5/7/2024","dead/resprout","2","B7","control",11.9166669845581,12.1333332061768,47.5816955566406,492.984130859375,25.7000007629395,0.200000002980232,25.5,17.6833343505859,6.69999980926514,18,5.78333330154419,851,87,61,9.91168880462646,233,194,219,198,882.066650390625
"S14T01P05",14,1,"2/13/2021","MON","pauciflora","Kosciuszko",148.659136,-36.195428,"5/2/2024","dead/resprout","2","F10","control",9.35000038146973,12.3999996185303,46.6165428161621,508.044372558594,23.8999996185303,-2.70000004768372,26.6000003814697,8.71666622161865,13.283332824707,15.5833330154419,3.05000019073486,858,89,58,13.3275671005249,257,194,198,203,1208.89929199219
"S14T01P07",14,1,"2/13/2021","MON","pauciflora","Kosciuszko",148.659136,-36.195428,"5/2/2024","dead/resprout","1","G10","control",9.35000038146973,12.3999996185303,46.6165428161621,508.044372558594,23.8999996185303,-2.70000004768372,26.6000003814697,8.71666622161865,13.283332824707,15.5833330154419,3.05000019073486,858,89,58,13.3275671005249,257,194,198,203,1208.89929199219
"S14T01P11",14,1,"2/13/2021","MON","pauciflora","Kosciuszko",148.659136,-36.195428,"5/2/2024","dead/resprout","5","F8","control",9.35000038146973,12.3999996185303,46.6165428161621,508.044372558594,23.8999996185303,-2.70000004768372,26.6000003814697,8.71666622161865,13.283332824707,15.5833330154419,3.05000019073486,858,89,58,13.3275671005249,257,194,198,203,1208.89929199219
"S14T02P04",14,2,"2/13/2021","MON","pauciflora","Kosciuszko",148.645476,-36.187429,"5/8/2024","dead/resprout","1","D10","control",9.56666660308838,12.5500001907349,47.1804504394531,508.126403808594,24.1000003814697,-2.5,26.6000003814697,8.93333339691162,4.34999990463257,15.8000001907349,3.28333330154419,814,84,56,13.6400537490845,244,180,192,191,1144.85620117188
"S14T02P05",14,2,"2/13/2021","MON","pauciflora","Kosciuszko",148.645476,-36.187429,"5/8/2024","dead/resprout","5","F16","control",9.56666660308838,12.5500001907349,47.1804504394531,508.126403808594,24.1000003814697,-2.5,26.6000003814697,8.93333339691162,4.34999990463257,15.8000001907349,3.28333330154419,814,84,56,13.6400537490845,244,180,192,191,1144.85620117188
"S14T02P12",14,2,"2/13/2021","MON","pauciflora","Kosciuszko",148.645476,-36.187429,"5/8/2024","dead/resprout","1","B14","control",9.56666660308838,12.5500001907349,47.1804504394531,508.126403808594,24.1000003814697,-2.5,26.6000003814697,8.93333339691162,4.34999990463257,15.8000001907349,3.28333330154419,814,84,56,13.6400537490845,244,180,192,191,1144.85620117188
"S14T02P16",14,2,"2/13/2021","MON","pauciflora","Kosciuszko",148.645476,-36.187429,"5/8/2024","dead/resprout","2","C6","control",9.56666660308838,12.5500001907349,47.1804504394531,508.126403808594,24.1000003814697,-2.5,26.6000003814697,8.93333339691162,4.34999990463257,15.8000001907349,3.28333330154419,814,84,56,13.6400537490845,244,180,192,191,1144.85620117188
"S14T03P03",14,3,"2/14/2021","MON","pauciflora","Kosciuszko",148.607773,-36.196721,"5/8/2024","dead/resprout","2","F5","control",8.75,10.966667175293,44.2204322814941,501.479644775391,22.2999992370605,-2.5,24.7999992370605,8.0833330154419,14.8166666030884,14.8666667938232,2.54999995231628,1064,112,66,13.8179807662964,316,228,230,269,1317.79016113281
"S14T03P04",14,3,"2/14/2021","MON","pauciflora","Kosciuszko",148.607773,-36.196721,"5/8/2024","dead/resprout","5","D5","control",8.75,10.966667175293,44.2204322814941,501.479644775391,22.2999992370605,-2.5,24.7999992370605,8.0833330154419,14.8166666030884,14.8666667938232,2.54999995231628,1064,112,66,13.8179807662964,316,228,230,269,1317.79016113281
"S14T03P06",14,3,"2/14/2021","MON","pauciflora","Kosciuszko",148.607773,-36.196721,"5/8/2024","dead/resprout","2","C15","control",8.75,10.966667175293,44.2204322814941,501.479644775391,22.2999992370605,-2.5,24.7999992370605,8.0833330154419,14.8166666030884,14.8666667938232,2.54999995231628,1064,112,66,13.8179807662964,316,228,230,269,1317.79016113281
"S14T03P11",14,3,"2/14/2021","MON","pauciflora","Kosciuszko",148.607773,-36.196721,"5/8/2024","dead/resprout","1","A13","control",8.75,10.966667175293,44.2204322814941,501.479644775391,22.2999992370605,-2.5,24.7999992370605,8.0833330154419,14.8166666030884,14.8666667938232,2.54999995231628,1064,112,66,13.8179807662964,316,228,230,269,1317.79016113281
"S14T04P01",14,4,"2/14/2021","MON","pauciflora","Kosciuszko",148.614017,-36.190743,"5/7/2024","dead/resprout","5","E6","control",9.20416641235352,11.625,45.5882339477539,503.277709960938,23.1000003814697,-2.40000009536743,25.5,8.56666660308838,13.1499996185303,15.3500003814697,2.96666669845581,926,96,60,13.2931938171387,276,203,210,226,1268.56896972656
"S14T04P05",14,4,"2/14/2021","MON","pauciflora","Kosciuszko",148.614017,-36.190743,"5/7/2024","dead/resprout","1","G15","control",9.20416641235352,11.625,45.5882339477539,503.277709960938,23.1000003814697,-2.40000009536743,25.5,8.56666660308838,13.1499996185303,15.3500003814697,2.96666669845581,926,96,60,13.2931938171387,276,203,210,226,1268.56896972656
"S14T04P08",14,4,"2/14/2021","MON","pauciflora","Kosciuszko",148.614017,-36.190743,"5/7/2024","dead/resprout","2","E9","control",9.20416641235352,11.625,45.5882339477539,503.277709960938,23.1000003814697,-2.40000009536743,25.5,8.56666660308838,13.1499996185303,15.3500003814697,2.96666669845581,926,96,60,13.2931938171387,276,203,210,226,1268.56896972656
"S14T05P03",14,5,"2/14/2021","MON","pauciflora","Kosciuszko",148.616095,-36.185657,"5/7/2024","dead/resprout","1","E4","control",9.20416641235352,11.625,45.5882339477539,503.277709960938,23.1000003814697,-2.40000009536743,25.5,8.56666660308838,13.1499996185303,15.3500003814697,2.96666669845581,926,96,60,13.2931938171387,276,203,210,226,1211.25463867188
"S14T05P04",14,5,"2/14/2021","MON","pauciflora","Kosciuszko",148.616095,-36.185657,"5/7/2024","dead/resprout","1","D3","control",9.20416641235352,11.625,45.5882339477539,503.277709960938,23.1000003814697,-2.40000009536743,25.5,8.56666660308838,13.1499996185303,15.3500003814697,2.96666669845581,926,96,60,13.2931938171387,276,203,210,226,1211.25463867188
"S14T05P08",14,5,"2/14/2021","MON","pauciflora","Kosciuszko",148.616095,-36.185657,"5/7/2024","dead/resprout","2","C13","control",9.20416641235352,11.625,45.5882339477539,503.277709960938,23.1000003814697,-2.40000009536743,25.5,8.56666660308838,13.1499996185303,15.3500003814697,2.96666669845581,926,96,60,13.2931938171387,276,203,210,226,1211.25463867188
"S14T05P09",14,5,"2/14/2021","MON","pauciflora","Kosciuszko",148.616095,-36.185657,"5/7/2024","dead/resprout","5","D14","control",9.20416641235352,11.625,45.5882339477539,503.277709960938,23.1000003814697,-2.40000009536743,25.5,8.56666660308838,13.1499996185303,15.3500003814697,2.96666669845581,926,96,60,13.2931938171387,276,203,210,226,1211.25463867188
"S14T06P02",14,6,"2/14/2021","MON","pauciflora","Kosciuszko",148.627967,-36.182347,"5/8/2024","dead/resprout","2","D16","control",9.76666641235352,12.4833335876465,47.2853507995605,505.745758056641,24.1000003814697,-2.29999995231628,26.3999996185303,9.18333339691162,7,15.966667175293,3.50000023841858,774,81,53,14.0304050445557,232,170,184,182,1100.05798339844
"S14T06P08",14,6,"2/14/2021","MON","pauciflora","Kosciuszko",148.627967,-36.182347,"5/8/2024","dead/resprout","5","D3","control",9.76666641235352,12.4833335876465,47.2853507995605,505.745758056641,24.1000003814697,-2.29999995231628,26.3999996185303,9.18333339691162,7,15.966667175293,3.50000023841858,774,81,53,14.0304050445557,232,170,184,182,1100.05798339844
"S14T07P05",14,7,"2/14/2021","MON","pauciflora","Kosciuszko",148.628114,-36.182397,"5/8/2024","dead/resprout","1","F6","control",9.76666641235352,12.4833335876465,47.2853507995605,505.745758056641,24.1000003814697,-2.29999995231628,26.3999996185303,9.18333339691162,7,15.966667175293,3.50000023841858,774,81,53,14.0304050445557,232,170,184,182,1101.10754394531
"S14T07P09",14,7,"2/14/2021","MON","pauciflora","Kosciuszko",148.628114,-36.182397,"5/8/2024","dead/resprout","2","G16","control",9.76666641235352,12.4833335876465,47.2853507995605,505.745758056641,24.1000003814697,-2.29999995231628,26.3999996185303,9.18333339691162,7,15.966667175293,3.50000023841858,774,81,53,14.0304050445557,232,170,184,182,1101.10754394531
"S14T07P10",14,7,"2/14/2021","MON","pauciflora","Kosciuszko",148.628114,-36.182397,"5/8/2024","dead/resprout","5","F7","control",9.76666641235352,12.4833335876465,47.2853507995605,505.745758056641,24.1000003814697,-2.29999995231628,26.3999996185303,9.18333339691162,7,15.966667175293,3.50000023841858,774,81,53,14.0304050445557,232,170,184,182,1101.10754394531
"S14T09P01",14,9,"2/14/2021","MON","pauciflora","Kosciuszko",148.63928,-36.182961,"5/7/2024","dead/resprout","1","G12","control",9.88333320617676,12.716667175293,47.6279678344727,507.750518798828,24.3999996185303,-2.29999995231628,26.6999988555908,9.30000019073486,4.63333320617676,16.1000003814697,3.58333349227905,748,79,52,14.0957622528076,223,162,181,174,1067.81628417969
"S14T09P08",14,9,"2/14/2021","MON","pauciflora","Kosciuszko",148.63928,-36.182961,"5/7/2024","dead/resprout","5","G10","control",9.88333320617676,12.716667175293,47.6279678344727,507.750518798828,24.3999996185303,-2.29999995231628,26.6999988555908,9.30000019073486,4.63333320617676,16.1000003814697,3.58333349227905,748,79,52,14.0957622528076,223,162,181,174,1067.81628417969
"S14T10P03",14,10,"2/14/2021","MON","pauciflora","Kosciuszko",148.644344,-36.184533,"5/8/2024","dead/resprout","2","C1","control",9.56666660308838,12.5500001907349,47.1804504394531,508.126403808594,24.1000003814697,-2.5,26.6000003814697,8.93333339691162,4.34999990463257,15.8000001907349,3.28333330154419,814,84,56,13.6400537490845,244,180,192,191,1114.88977050781
"S14T10P04",14,10,"2/14/2021","MON","pauciflora","Kosciuszko",148.644344,-36.184533,"5/8/2024","dead/resprout","5","C4","control",9.56666660308838,12.5500001907349,47.1804504394531,508.126403808594,24.1000003814697,-2.5,26.6000003814697,8.93333339691162,4.34999990463257,15.8000001907349,3.28333330154419,814,84,56,13.6400537490845,244,180,192,191,1114.88977050781
"S03T02P11",3,2,"2/8/2024","ZAR + BRY","niphophila","Charlotte Pass/Perisher",148.4299115,-36.39437037,"5/2/2024","lisa","4","G11","control",6.27500009536743,9.81666660308838,42.4963912963867,486.889465332031,19.2999992370605,-3.79999995231628,23.0999984741211,2.71666669845581,12.1999998092651,12.1999998092651,0.266666620969772,1681,182,89,21.8288478851318,533,306,306,493,1657.20471191406
"S03T02P14",3,2,"2/8/2024","ZAR + BRY","niphophila","Charlotte Pass/Perisher",148.4299115,-36.39437037,"5/2/2024","lisa","3","B1","control",6.27500009536743,9.81666660308838,42.4963912963867,486.889465332031,19.2999992370605,-3.79999995231628,23.0999984741211,2.71666669845581,12.1999998092651,12.1999998092651,0.266666620969772,1681,182,89,21.8288478851318,533,306,306,493,1657.20471191406
"S03T03P02",3,3,"2/8/2024","ZAR + BRY","niphophila","Charlotte Pass/Perisher",148.4035483,-36.41116025,"5/2/2024","lisa","4","B4","control",5.80000019073486,9.63333320617676,41.8840599060059,487.791870117188,18.7999992370605,-4.19999980926514,23,2.16666650772095,11.75,11.75,-0.183333352208138,1787,202,92,24.0595474243164,584,316,316,527,1754.00439453125
"S03T04P02",3,4,"2/8/2024","ZAR + BRY","niphophila","Charlotte Pass/Perisher",148.3924354,-36.41693265,"5/8/2024","lisa","4","G9","control",5.47083330154419,9.2916669845581,40.7529258728027,489.695892333984,18.3999996185303,-4.40000009536743,22.7999992370605,1.78333342075348,11.4499998092651,11.4499998092651,-0.51666671037674,1824,205,95,24.1371955871582,595,321,321,541,1813.59631347656
"S03T05P02",3,5,"2/8/2024","ZAR + BRY","niphophila","Charlotte Pass/Perisher",148.3723448,-36.42774657,"5/2/2024","lisa","3","G6","control",5.72916650772095,9.40833377838135,40.7287139892578,491.021484375,18.7000007629395,-4.40000009536743,23.1000003814697,2.04999995231628,11.6333332061768,11.716667175293,-0.283333331346512,1795,203,92,24.1547069549561,586,316,317,531,1765.31860351562
"S03T09P02",3,9,"2/8/2024","ZAR + BRY","niphophila","Charlotte Pass/Perisher",148.4289906,-36.38862793,"5/2/2024","lisa","4","B10","control",6.21666669845581,9.76666641235352,42.2799415588379,486.757995605469,19.2000007629395,-3.90000009536743,23.1000003814697,2.63333320617676,12.0833330154419,12.1499996185303,0.233333230018616,1705,187,89,22.6476345062256,545,306,307,505,1719.64599609375
"S03T09P09",3,9,"2/8/2024","ZAR + BRY","niphophila","Charlotte Pass/Perisher",148.4289906,-36.38862793,"5/2/2024","lisa","3","E13","control",6.21666669845581,9.76666641235352,42.2799415588379,486.757995605469,19.2000007629395,-3.90000009536743,23.1000003814697,2.63333320617676,12.0833330154419,12.1499996185303,0.233333230018616,1705,187,89,22.6476345062256,545,306,307,505,1719.64599609375
"S03T10P01",3,10,"2/8/2024","ZAR + BRY","niphophila","Charlotte Pass/Perisher",148.4284512,-36.38276499,"5/3/2024","lisa","3","G12","control",6.55416679382324,9.77499961853027,42.3160171508789,485.210632324219,19.5,-3.59999990463257,23.1000003814697,3.04999995231628,12.4666662216187,12.4666662216187,0.566666662693024,1653,179,87,21.7221260070801,523,301,301,485,1668.66540527344
"S03T10P13",3,10,"2/8/2024","ZAR + BRY","niphophila","Charlotte Pass/Perisher",148.4284512,-36.38276499,"5/3/2024","lisa","4","G5","control",6.55416679382324,9.77499961853027,42.3160171508789,485.210632324219,19.5,-3.59999990463257,23.1000003814697,3.04999995231628,12.4666662216187,12.4666662216187,0.566666662693024,1653,179,87,21.7221260070801,523,301,301,485,1668.66540527344
"S04T01P04",4,1,"2/9/2024","ZAR + BRY","niphophila","Schlink's Pass",148.3929764,-36.30538332,"5/8/2024","lisa","4","G2","control",5.73333311080933,9.38333320617676,40.0997161865234,506.989013671875,18.7999992370605,-4.59999990463257,23.3999996185303,2.03333330154419,11.8833332061768,11.8833332061768,-0.550000011920929,1785,201,90,25.0688381195068,586,308,308,539,1648.41784667969
"S04T01P10",4,1,"2/9/2024","ZAR + BRY","niphophila","Schlink's Pass",148.3929764,-36.30538332,"5/8/2024","lisa","3","D16","control",5.73333311080933,9.38333320617676,40.0997161865234,506.989013671875,18.7999992370605,-4.59999990463257,23.3999996185303,2.03333330154419,11.8833332061768,11.8833332061768,-0.550000011920929,1785,201,90,25.0688381195068,586,308,308,539,1648.41784667969
"S04T02P17",4,2,"2/9/2024","ZAR + BRY","niphophila","Schlink's Pass",148.3974861,-36.31162772,"5/6/2024","lisa","4","C12","control",6.42916679382324,9.42500019073486,40.625,503.404144287109,19.3999996185303,-3.79999995231628,23.1999988555908,2.83333325386047,12.5,12.5,0.183333322405815,1695,191,85,24.4095611572266,555,296,296,500,1605.39404296875
"S04T02P22",4,2,"2/9/2024","ZAR + BRY","niphophila","Schlink's Pass",148.3974861,-36.31162772,"5/6/2024","lisa","3","A5","control",6.42916679382324,9.42500019073486,40.625,503.404144287109,19.3999996185303,-3.79999995231628,23.1999988555908,2.83333325386047,12.5,12.5,0.183333322405815,1695,191,85,24.4095611572266,555,296,296,500,1605.39404296875
"S04T03P02",4,3,"2/9/2024","ZAR + BRY","niphophila","Schlink's Pass",148.4015212,-36.31983703,"5/2/2024","lisa","4","E11","control",6.55833339691162,9.44999980926514,41.0869560241699,497.657379150391,19.5,-3.5,23,2.9833333492279,12.5833330154419,12.5833330154419,0.39999994635582,1659,182,85,23.0192356109619,536,296,296,483,1551.22131347656
"S04T03P05",4,3,"2/9/2024","ZAR + BRY","niphophila","Schlink's Pass",148.4015212,-36.31983703,"5/2/2024","lisa","3","A1","control",6.55833339691162,9.44999980926514,41.0869560241699,497.657379150391,19.5,-3.5,23,2.9833333492279,12.5833330154419,12.5833330154419,0.39999994635582,1659,182,85,23.0192356109619,536,296,296,483,1551.22131347656
"S04T03P09",4,5,"2/9/2024","ZAR + BRY","niphophila","Schlink's Pass",148.4006739,-36.33383018,"5/2/2024","lisa","3","A2","control",6.94583320617676,9.65833282470703,41.9927558898926,491.322235107422,19.7999992370605,-3.20000004768372,23,3.46666669845581,12.8999996185303,12.8999996185303,0.866666674613953,1603,176,82,22.8018226623535,517,288,288,462,1540.8818359375
"S04T03P11",4,5,"2/9/2024","ZAR + BRY","niphophila","Schlink's Pass",148.4006739,-36.33383018,"5/2/2024","lisa","4","D15","control",6.94583320617676,9.65833282470703,41.9927558898926,491.322235107422,19.7999992370605,-3.20000004768372,23,3.46666669845581,12.8999996185303,12.8999996185303,0.866666674613953,1603,176,82,22.8018226623535,517,288,288,462,1540.8818359375
"S04T04P04",4,4,"2/9/2024","ZAR + BRY","niphophila","Schlink's Pass",148.4006303,-36.32679822,"5/7/2024","lisa","4","B7","control",6.81666660308838,9.56666660308838,41.5942039489746,495.045166015625,19.7000007629395,-3.29999995231628,23,3.29999995231628,12.8166666030884,12.8166666030884,0.699999988079071,1620,178,83,22.8812808990479,523,291,291,469,1511.62829589844
"S04T04P06",4,4,"2/9/2024","ZAR + BRY","niphophila","Schlink's Pass",148.4006303,-36.32679822,"5/7/2024","lisa","3","G1","control",6.81666660308838,9.56666660308838,41.5942039489746,495.045166015625,19.7000007629395,-3.29999995231628,23,3.29999995231628,12.8166666030884,12.8166666030884,0.699999988079071,1620,178,83,22.8812808990479,523,291,291,469,1511.62829589844
"S04T06P06",4,6,"2/9/2024","ZAR + BRY","niphophila","Schlink's Pass",148.4024107,-36.34258966,"5/8/2024","lisa","3","G14","control",6.82499980926514,9.63333320617676,41.8840560913086,490.646606445312,19.7000007629395,-3.29999995231628,23,3.31666660308838,12.7833337783813,12.7833337783813,0.76666659116745,1590,170,84,20.8897094726562,499,293,293,449,1564.28698730469
"S04T06P07",4,6,"2/9/2024","ZAR + BRY","niphophila","Schlink's Pass",148.4024107,-36.34258966,"5/8/2024","lisa","4","E5","control",6.82499980926514,9.63333320617676,41.8840560913086,490.646606445312,19.7000007629395,-3.29999995231628,23,3.31666660308838,12.7833337783813,12.7833337783813,0.76666659116745,1590,170,84,20.8897094726562,499,293,293,449,1564.28698730469
"S09T01P06",9,1,"0/05/2023","BRY","acerina","Baw Baw Plateau",146.345269,-37.88025918,"5/7/2024","dead/resprout","1","A15","control ",7.38333320617676,6.7000002861023,36.6120223999023,429.822021484375,18.1000003814697,-0.200000002980232,18.3000011444092,2.41666674613953,12.9000005722046,12.9000005722046,2.34999990463257,1441,153,65,23.7971000671387,448,241,241,435,1412.02014160156
"S01T01P05",1,1,"2/7/2024","ZAR + BRY","pauciflora","Alpine Way, Kosciuszko",148.2047204,-36.52938581,"5/2/2024","alive","spare",NA,NA,8.38749980926514,9.24166679382324,41.0740737915039,479.327789306641,20.6000003814697,-1.89999997615814,22.5,7.63333320617676,14.1833333969116,14.216667175293,2.45000004768372,1384,155,73,20.428596496582,432,262,264,363,1271.62048339844
"S01T01P15",1,1,"2/7/2024","ZAR + BRY","pauciflora","Alpine Way, Kosciuszko",148.2047204,-36.52938581,"5/2/2024","alive","spare",NA,NA,8.38749980926514,9.24166679382324,41.0740737915039,479.327789306641,20.6000003814697,-1.89999997615814,22.5,7.63333320617676,14.1833333969116,14.216667175293,2.45000004768372,1384,155,73,20.428596496582,432,262,264,363,1271.62048339844
"S01T02P10",1,2,"2/7/2024","ZAR + BRY","pauciflora","Alpine Way, Kosciuszko",148.2104012,-36.53110363,"5/7/2024","alive","spare",NA,NA,8.02916622161865,9.22499942779541,40.6387672424316,482.415588378906,20.2999992370605,-2.40000009536743,22.6999988555908,7.28333330154419,13.8666667938232,13.8833332061768,2.04999995231628,1458,165,77,20.8108692169189,456,273,277,381,1356.22192382812
"S01T04P07",1,4,"2/7/2024","ZAR + BRY","pauciflora","Alpine Way, Kosciuszko",148.3267893,-36.49526487,"5/14/2024","alive","spare",NA,NA,7.06666660308838,9.56666660308838,41.5942001342773,483.737030029297,19.7000007629395,-3.29999995231628,23,3.58333325386047,12.9333333969116,12.966667175293,1.11666667461395,1552,172,85,19.7041130065918,478,292,298,405,1397.05859375
"S02T09P03",2,9,"2/8/2024","ZAR + BRY","pauciflora","Kosciuszko Road/Guthega Road",148.4881695,-36.31993038,"5/2/2024","alive","spare",NA,NA,8.6458330154419,10.2083339691162,43.4397163391113,488.250396728516,21.6000003814697,-1.89999997615814,23.5,7.96666669845581,14.5500001907349,14.5833330154419,2.59999990463257,1095,118,66,15.6483402252197,334,231,232,273,1189.18823242188
"S02T09P05",2,9,"2/8/2024","ZAR + BRY","pauciflora","Kosciuszko Road/Guthega Road",148.4881695,-36.31993038,"5/2/2024","alive","spare",NA,NA,8.6458330154419,10.2083339691162,43.4397163391113,488.250396728516,21.6000003814697,-1.89999997615814,23.5,7.96666669845581,14.5500001907349,14.5833330154419,2.59999990463257,1095,118,66,15.6483402252197,334,231,232,273,1189.18823242188
"S02T09P06",2,9,"2/8/2024","ZAR + BRY","pauciflora","Kosciuszko Road/Guthega Road",148.4881695,-36.31993038,"5/2/2024","alive","spare",NA,NA,8.6458330154419,10.2083339691162,43.4397163391113,488.250396728516,21.6000003814697,-1.89999997615814,23.5,7.96666669845581,14.5500001907349,14.5833330154419,2.59999990463257,1095,118,66,15.6483402252197,334,231,232,273,1189.18823242188
"S02T09P09",2,9,"2/8/2024","ZAR + BRY","pauciflora","Kosciuszko Road/Guthega Road",148.4881695,-36.31993038,"5/2/2024","alive","spare",NA,NA,8.6458330154419,10.2083339691162,43.4397163391113,488.250396728516,21.6000003814697,-1.89999997615814,23.5,7.96666669845581,14.5500001907349,14.5833330154419,2.59999990463257,1095,118,66,15.6483402252197,334,231,232,273,1189.18823242188
"S02T09P11",2,9,"2/8/2024","ZAR + BRY","pauciflora","Kosciuszko Road/Guthega Road",148.4881695,-36.31993038,"5/2/2024","alive","spare",NA,NA,8.6458330154419,10.2083339691162,43.4397163391113,488.250396728516,21.6000003814697,-1.89999997615814,23.5,7.96666669845581,14.5500001907349,14.5833330154419,2.59999990463257,1095,118,66,15.6483402252197,334,231,232,273,1189.18823242188
"S02T09P12",2,9,"2/8/2024","ZAR + BRY","pauciflora","Kosciuszko Road/Guthega Road",148.4881695,-36.31993038,"5/2/2024","alive","spare",NA,NA,8.6458330154419,10.2083339691162,43.4397163391113,488.250396728516,21.6000003814697,-1.89999997615814,23.5,7.96666669845581,14.5500001907349,14.5833330154419,2.59999990463257,1095,118,66,15.6483402252197,334,231,232,273,1189.18823242188
"S02T09P13",2,9,"2/8/2024","ZAR + BRY","pauciflora","Kosciuszko Road/Guthega Road",148.4881695,-36.31993038,"5/2/2024","alive","spare",NA,NA,8.6458330154419,10.2083339691162,43.4397163391113,488.250396728516,21.6000003814697,-1.89999997615814,23.5,7.96666669845581,14.5500001907349,14.5833330154419,2.59999990463257,1095,118,66,15.6483402252197,334,231,232,273,1189.18823242188
"S02T09P14",2,9,"2/8/2024","ZAR + BRY","pauciflora","Kosciuszko Road/Guthega Road",148.4881695,-36.31993038,"5/2/2024","alive","spare",NA,NA,8.6458330154419,10.2083339691162,43.4397163391113,488.250396728516,21.6000003814697,-1.89999997615814,23.5,7.96666669845581,14.5500001907349,14.5833330154419,2.59999990463257,1095,118,66,15.6483402252197,334,231,232,273,1189.18823242188
"S02T09P19",2,9,"2/8/2024","ZAR + BRY","pauciflora","Kosciuszko Road/Guthega Road",148.4881695,-36.31993038,"5/2/2024","alive","spare",NA,NA,8.6458330154419,10.2083339691162,43.4397163391113,488.250396728516,21.6000003814697,-1.89999997615814,23.5,7.96666669845581,14.5500001907349,14.5833330154419,2.59999990463257,1095,118,66,15.6483402252197,334,231,232,273,1189.18823242188
"S02T09P23",2,9,"2/8/2024","ZAR + BRY","pauciflora","Kosciuszko Road/Guthega Road",148.4881695,-36.31993038,"5/2/2024","alive","spare",NA,NA,8.6458330154419,10.2083339691162,43.4397163391113,488.250396728516,21.6000003814697,-1.89999997615814,23.5,7.96666669845581,14.5500001907349,14.5833330154419,2.59999990463257,1095,118,66,15.6483402252197,334,231,232,273,1189.18823242188
"S02T09P24",2,9,"2/8/2024","ZAR + BRY","pauciflora","Kosciuszko Road/Guthega Road",148.4881695,-36.31993038,"5/2/2024","alive","spare",NA,NA,8.6458330154419,10.2083339691162,43.4397163391113,488.250396728516,21.6000003814697,-1.89999997615814,23.5,7.96666669845581,14.5500001907349,14.5833330154419,2.59999990463257,1095,118,66,15.6483402252197,334,231,232,273,1189.18823242188
"S02T09P26",2,9,"2/8/2024","ZAR + BRY","pauciflora","Kosciuszko Road/Guthega Road",148.4881695,-36.31993038,"5/2/2024","alive","spare",NA,NA,8.6458330154419,10.2083339691162,43.4397163391113,488.250396728516,21.6000003814697,-1.89999997615814,23.5,7.96666669845581,14.5500001907349,14.5833330154419,2.59999990463257,1095,118,66,15.6483402252197,334,231,232,273,1189.18823242188
"S02T09P30",2,9,"2/8/2024","ZAR + BRY","pauciflora","Kosciuszko Road/Guthega Road",148.4881695,-36.31993038,"5/2/2024","alive","spare",NA,NA,8.6458330154419,10.2083339691162,43.4397163391113,488.250396728516,21.6000003814697,-1.89999997615814,23.5,7.96666669845581,14.5500001907349,14.5833330154419,2.59999990463257,1095,118,66,15.6483402252197,334,231,232,273,1189.18823242188
"S02T09P31",2,9,"2/8/2024","ZAR + BRY","pauciflora","Kosciuszko Road/Guthega Road",148.4881695,-36.31993038,"5/2/2024","alive","spare",NA,NA,8.6458330154419,10.2083339691162,43.4397163391113,488.250396728516,21.6000003814697,-1.89999997615814,23.5,7.96666669845581,14.5500001907349,14.5833330154419,2.59999990463257,1095,118,66,15.6483402252197,334,231,232,273,1189.18823242188
"S05T01P01",5,1,"2/9/2024","ZAR + BRY","lacrimans","Long Plain",148.5524946,-35.6802018,"5/7/2024","alive","spare",NA,NA,8.23750019073486,11.5749998092651,45.3921585083008,514.852661132812,22.2999992370605,-3.20000004768372,25.5,2.61666679382324,12.3333330154419,14.4833335876465,1.81666672229767,1211,140,63,23.1832885742188,386,216,238,379,1345.40161132812
"S05T02P02",5,2,"2/9/2024","ZAR + BRY","lacrimans","Long Plain",148.5584052,-35.67097258,"5/2/2024","alive","spare",NA,NA,8.21666622161865,11.5833330154419,45.4248390197754,514.345703125,22.2999992370605,-3.20000004768372,25.5,2.59999990463257,12.283332824707,14.4833335876465,1.81666672229767,1198,140,63,22.9051036834717,380,216,235,373,1345.18884277344
"S05T02P03",5,2,"2/9/2024","ZAR + BRY","lacrimans","Long Plain",148.5584052,-35.67097258,"5/2/2024","alive","spare",NA,NA,8.21666622161865,11.5833330154419,45.4248390197754,514.345703125,22.2999992370605,-3.20000004768372,25.5,2.59999990463257,12.283332824707,14.4833335876465,1.81666672229767,1198,140,63,22.9051036834717,380,216,235,373,1345.18884277344
"S05T02P04",5,2,"2/9/2024","ZAR + BRY","lacrimans","Long Plain",148.5584052,-35.67097258,"5/2/2024","alive","spare",NA,NA,8.21666622161865,11.5833330154419,45.4248390197754,514.345703125,22.2999992370605,-3.20000004768372,25.5,2.59999990463257,12.283332824707,14.4833335876465,1.81666672229767,1198,140,63,22.9051036834717,380,216,235,373,1345.18884277344
"S05T02P07",5,2,"2/9/2024","ZAR + BRY","lacrimans","Long Plain",148.5584052,-35.67097258,"5/2/2024","alive","spare",NA,NA,8.21666622161865,11.5833330154419,45.4248390197754,514.345703125,22.2999992370605,-3.20000004768372,25.5,2.59999990463257,12.283332824707,14.4833335876465,1.81666672229767,1198,140,63,22.9051036834717,380,216,235,373,1345.18884277344
"S05T02P08",5,2,"2/9/2024","ZAR + BRY","lacrimans","Long Plain",148.5584052,-35.67097258,"5/2/2024","alive","spare",NA,NA,8.21666622161865,11.5833330154419,45.4248390197754,514.345703125,22.2999992370605,-3.20000004768372,25.5,2.59999990463257,12.283332824707,14.4833335876465,1.81666672229767,1198,140,63,22.9051036834717,380,216,235,373,1345.18884277344
"S05T02P10",5,2,"2/9/2024","ZAR + BRY","lacrimans","Long Plain",148.5584052,-35.67097258,"5/2/2024","alive","spare",NA,NA,8.21666622161865,11.5833330154419,45.4248390197754,514.345703125,22.2999992370605,-3.20000004768372,25.5,2.59999990463257,12.283332824707,14.4833335876465,1.81666672229767,1198,140,63,22.9051036834717,380,216,235,373,1345.18884277344
"S05T02P15",5,2,"2/9/2024","ZAR + BRY","lacrimans","Long Plain",148.5584052,-35.67097258,"5/2/2024","alive","spare",NA,NA,8.21666622161865,11.5833330154419,45.4248390197754,514.345703125,22.2999992370605,-3.20000004768372,25.5,2.59999990463257,12.283332824707,14.4833335876465,1.81666672229767,1198,140,63,22.9051036834717,380,216,235,373,1345.18884277344
"S05T02P16",5,2,"2/9/2024","ZAR + BRY","lacrimans","Long Plain",148.5584052,-35.67097258,"5/2/2024","alive","spare",NA,NA,8.21666622161865,11.5833330154419,45.4248390197754,514.345703125,22.2999992370605,-3.20000004768372,25.5,2.59999990463257,12.283332824707,14.4833335876465,1.81666672229767,1198,140,63,22.9051036834717,380,216,235,373,1345.18884277344
"S05T02P23",5,2,"2/9/2024","ZAR + BRY","lacrimans","Long Plain",148.5584052,-35.67097258,"5/2/2024","alive","spare",NA,NA,8.21666622161865,11.5833330154419,45.4248390197754,514.345703125,22.2999992370605,-3.20000004768372,25.5,2.59999990463257,12.283332824707,14.4833335876465,1.81666672229767,1198,140,63,22.9051036834717,380,216,235,373,1345.18884277344
"S05T02P24",5,2,"2/9/2024","ZAR + BRY","lacrimans","Long Plain",148.5584052,-35.67097258,"5/2/2024","alive","spare",NA,NA,8.21666622161865,11.5833330154419,45.4248390197754,514.345703125,22.2999992370605,-3.20000004768372,25.5,2.59999990463257,12.283332824707,14.4833335876465,1.81666672229767,1198,140,63,22.9051036834717,380,216,235,373,1345.18884277344
"S05T03P01",5,3,"2/9/2024","ZAR + BRY","lacrimans","Long Plain",148.5627147,-35.66286329,"5/1/2024","alive","spare",NA,NA,8.06666660308838,11.3833332061768,44.9934120178223,514.862426757812,22,-3.29999995231628,25.2999992370605,2.43333339691162,14.283332824707,14.3333330154419,1.66666662693024,1203,139,64,22.4791240692139,379,219,236,372,1374.47106933594
"S05T03P02",5,3,"2/9/2024","ZAR + BRY","lacrimans","Long Plain",148.5627147,-35.66286329,"5/1/2024","alive","spare",NA,NA,8.06666660308838,11.3833332061768,44.9934120178223,514.862426757812,22,-3.29999995231628,25.2999992370605,2.43333339691162,14.283332824707,14.3333330154419,1.66666662693024,1203,139,64,22.4791240692139,379,219,236,372,1374.47106933594
"S05T03P04",5,3,"2/9/2024","ZAR + BRY","lacrimans","Long Plain",148.5627147,-35.66286329,"5/1/2024","alive","spare",NA,NA,8.06666660308838,11.3833332061768,44.9934120178223,514.862426757812,22,-3.29999995231628,25.2999992370605,2.43333339691162,14.283332824707,14.3333330154419,1.66666662693024,1203,139,64,22.4791240692139,379,219,236,372,1374.47106933594
"S05T03P05",5,3,"2/9/2024","ZAR + BRY","lacrimans","Long Plain",148.5627147,-35.66286329,"5/1/2024","alive","spare",NA,NA,8.06666660308838,11.3833332061768,44.9934120178223,514.862426757812,22,-3.29999995231628,25.2999992370605,2.43333339691162,14.283332824707,14.3333330154419,1.66666662693024,1203,139,64,22.4791240692139,379,219,236,372,1374.47106933594
"S05T03P06",5,3,"2/9/2024","ZAR + BRY","lacrimans","Long Plain",148.5627147,-35.66286329,"5/1/2024","alive","spare",NA,NA,8.06666660308838,11.3833332061768,44.9934120178223,514.862426757812,22,-3.29999995231628,25.2999992370605,2.43333339691162,14.283332824707,14.3333330154419,1.66666662693024,1203,139,64,22.4791240692139,379,219,236,372,1374.47106933594
"S05T03P11",5,3,"2/9/2024","ZAR + BRY","lacrimans","Long Plain",148.5627147,-35.66286329,"5/1/2024","alive","spare",NA,NA,8.06666660308838,11.3833332061768,44.9934120178223,514.862426757812,22,-3.29999995231628,25.2999992370605,2.43333339691162,14.283332824707,14.3333330154419,1.66666662693024,1203,139,64,22.4791240692139,379,219,236,372,1374.47106933594
"S05T03P16",5,3,"2/9/2024","ZAR + BRY","lacrimans","Long Plain",148.5627147,-35.66286329,"5/1/2024","alive","spare",NA,NA,8.06666660308838,11.3833332061768,44.9934120178223,514.862426757812,22,-3.29999995231628,25.2999992370605,2.43333339691162,14.283332824707,14.3333330154419,1.66666662693024,1203,139,64,22.4791240692139,379,219,236,372,1374.47106933594
"S05T03P17",5,3,"2/9/2024","ZAR + BRY","lacrimans","Long Plain",148.5627147,-35.66286329,"5/1/2024","alive","spare",NA,NA,8.06666660308838,11.3833332061768,44.9934120178223,514.862426757812,22,-3.29999995231628,25.2999992370605,2.43333339691162,14.283332824707,14.3333330154419,1.66666662693024,1203,139,64,22.4791240692139,379,219,236,372,1374.47106933594
"S05T04P04",5,4,"2/9/2024","ZAR + BRY","lacrimans","Long Plain",148.5658463,-35.6554796,"5/2/2024","alive","spare",NA,NA,7.97916650772095,11.2083330154419,44.6547164916992,514.42578125,21.7999992370605,-3.29999995231628,25.0999984741211,2.36666655540466,14.1833333969116,14.25,1.58333337306976,1201,138,65,22.4105682373047,379,219,237,371,1375.84680175781
"S05T04P18",5,4,"2/9/2024","ZAR + BRY","lacrimans","Long Plain",148.5658463,-35.6554796,"5/2/2024","alive","spare",NA,NA,7.97916650772095,11.2083330154419,44.6547164916992,514.42578125,21.7999992370605,-3.29999995231628,25.0999984741211,2.36666655540466,14.1833333969116,14.25,1.58333337306976,1201,138,65,22.4105682373047,379,219,237,371,1375.84680175781
"S05T04P27",5,4,"2/9/2024","ZAR + BRY","lacrimans","Long Plain",148.5658463,-35.6554796,"5/2/2024","alive","spare",NA,NA,7.97916650772095,11.2083330154419,44.6547164916992,514.42578125,21.7999992370605,-3.29999995231628,25.0999984741211,2.36666655540466,14.1833333969116,14.25,1.58333337306976,1201,138,65,22.4105682373047,379,219,237,371,1375.84680175781
"S05T04P36",5,4,"2/9/2024","ZAR + BRY","lacrimans","Long Plain",148.5658463,-35.6554796,"5/7/2024","alive","spare",NA,NA,7.97916650772095,11.2083330154419,44.6547164916992,514.42578125,21.7999992370605,-3.29999995231628,25.0999984741211,2.36666655540466,14.1833333969116,14.25,1.58333337306976,1201,138,65,22.4105682373047,379,219,237,371,1375.84680175781
"S05T04P38",5,4,"2/9/2024","ZAR + BRY","lacrimans","Long Plain",148.5658463,-35.6554796,"5/7/2024","alive","spare",NA,NA,7.97916650772095,11.2083330154419,44.6547164916992,514.42578125,21.7999992370605,-3.29999995231628,25.0999984741211,2.36666655540466,14.1833333969116,14.25,1.58333337306976,1201,138,65,22.4105682373047,379,219,237,371,1375.84680175781
"S05T04P42",5,4,"2/9/2024","ZAR + BRY","lacrimans","Long Plain",148.5658463,-35.6554796,"5/7/2024","alive","spare",NA,NA,7.97916650772095,11.2083330154419,44.6547164916992,514.42578125,21.7999992370605,-3.29999995231628,25.0999984741211,2.36666655540466,14.1833333969116,14.25,1.58333337306976,1201,138,65,22.4105682373047,379,219,237,371,1375.84680175781
"S05T04P49",5,4,"2/9/2024","ZAR + BRY","lacrimans","Long Plain",148.5658463,-35.6554796,"5/7/2024","alive","spare",NA,NA,7.97916650772095,11.2083330154419,44.6547164916992,514.42578125,21.7999992370605,-3.29999995231628,25.0999984741211,2.36666655540466,14.1833333969116,14.25,1.58333337306976,1201,138,65,22.4105682373047,379,219,237,371,1375.84680175781
"S05T06P07",5,6,"2/9/2024","ZAR + BRY","lacrimans","Long Plain",148.5938028,-35.61784443,"5/2/2024","alive","spare",NA,NA,7.99583339691162,10.8583335876465,44.1395645141602,510.532073974609,21.6000003814697,-3,24.6000003814697,2.41666674613953,14.1333332061768,14.1999998092651,1.63333332538605,1148,132,64,21.1055374145508,357,214,230,349,1389.87512207031
"S05T07P01",5,7,"0/05/2023","BRY","lacrimans","Long Plain",148.5911515,-35.62483876,"5/7/2024","alive","spare",NA,NA,8.125,10.9666662216187,44.2204322814941,512.411865234375,21.7999992370605,-3,24.7999992370605,2.51666665077209,14.2833337783813,14.3666667938232,1.75,1159,135,63,22.076099395752,364,213,230,358,1356.31176757812
"S05T07P03",5,7,"0/05/2023","BRY","lacrimans","Long Plain",148.5911515,-35.62483876,"5/7/2024","alive","spare",NA,NA,8.125,10.9666662216187,44.2204322814941,512.411865234375,21.7999992370605,-3,24.7999992370605,2.51666665077209,14.2833337783813,14.3666667938232,1.75,1159,135,63,22.076099395752,364,213,230,358,1356.31176757812
"S05T07P04",5,7,"0/05/2023","BRY","lacrimans","Long Plain",148.5911515,-35.62483876,"5/7/2024","alive","spare",NA,NA,8.125,10.9666662216187,44.2204322814941,512.411865234375,21.7999992370605,-3,24.7999992370605,2.51666665077209,14.2833337783813,14.3666667938232,1.75,1159,135,63,22.076099395752,364,213,230,358,1356.31176757812
"S05T07P06",5,7,"0/05/2023","BRY","lacrimans","Long Plain",148.5911515,-35.62483876,"5/7/2024","alive","spare",NA,NA,8.125,10.9666662216187,44.2204322814941,512.411865234375,21.7999992370605,-3,24.7999992370605,2.51666665077209,14.2833337783813,14.3666667938232,1.75,1159,135,63,22.076099395752,364,213,230,358,1356.31176757812
"S05T07P07",5,7,"0/05/2023","BRY","lacrimans","Long Plain",148.5911515,-35.62483876,"5/7/2024","alive","spare",NA,NA,8.125,10.9666662216187,44.2204322814941,512.411865234375,21.7999992370605,-3,24.7999992370605,2.51666665077209,14.2833337783813,14.3666667938232,1.75,1159,135,63,22.076099395752,364,213,230,358,1356.31176757812
"S05T07P08",5,7,"0/05/2023","BRY","lacrimans","Long Plain",148.5911515,-35.62483876,"5/7/2024","alive","spare",NA,NA,8.125,10.9666662216187,44.2204322814941,512.411865234375,21.7999992370605,-3,24.7999992370605,2.51666665077209,14.2833337783813,14.3666667938232,1.75,1159,135,63,22.076099395752,364,213,230,358,1356.31176757812
"S05T07P09",5,7,"0/05/2023","BRY","lacrimans","Long Plain",148.5911515,-35.62483876,"5/7/2024","alive","spare",NA,NA,8.125,10.9666662216187,44.2204322814941,512.411865234375,21.7999992370605,-3,24.7999992370605,2.51666665077209,14.2833337783813,14.3666667938232,1.75,1159,135,63,22.076099395752,364,213,230,358,1356.31176757812
"S05T07P11",5,7,"0/05/2023","BRY","lacrimans","Long Plain",148.5911515,-35.62483876,"5/7/2024","alive","spare",NA,NA,8.125,10.9666662216187,44.2204322814941,512.411865234375,21.7999992370605,-3,24.7999992370605,2.51666665077209,14.2833337783813,14.3666667938232,1.75,1159,135,63,22.076099395752,364,213,230,358,1356.31176757812
"S05T07P13",5,7,"0/05/2023","BRY","lacrimans","Long Plain",148.5911515,-35.62483876,"5/7/2024","alive","spare",NA,NA,8.125,10.9666662216187,44.2204322814941,512.411865234375,21.7999992370605,-3,24.7999992370605,2.51666665077209,14.2833337783813,14.3666667938232,1.75,1159,135,63,22.076099395752,364,213,230,358,1356.31176757812
"S05T07P15",5,7,"0/05/2023","BRY","lacrimans","Long Plain",148.5911515,-35.62483876,"5/7/2024","alive","spare",NA,NA,8.125,10.9666662216187,44.2204322814941,512.411865234375,21.7999992370605,-3,24.7999992370605,2.51666665077209,14.2833337783813,14.3666667938232,1.75,1159,135,63,22.076099395752,364,213,230,358,1356.31176757812
"S05T07P22",5,7,"0/05/2023","BRY","lacrimans","Long Plain",148.5911515,-35.62483876,"5/7/2024","alive","spare",NA,NA,8.125,10.9666662216187,44.2204322814941,512.411865234375,21.7999992370605,-3,24.7999992370605,2.51666665077209,14.2833337783813,14.3666667938232,1.75,1159,135,63,22.076099395752,364,213,230,358,1356.31176757812
"S05T07P24",5,7,"0/05/2023","BRY","lacrimans","Long Plain",148.5911515,-35.62483876,"5/7/2024","alive","spare",NA,NA,8.125,10.9666662216187,44.2204322814941,512.411865234375,21.7999992370605,-3,24.7999992370605,2.51666665077209,14.2833337783813,14.3666667938232,1.75,1159,135,63,22.076099395752,364,213,230,358,1356.31176757812
"S05T15P01",5,15,"0/05/2023","BRY","lacrimans","Long Plain",148.5444786,-35.72491793,"5/7/2024","alive","spare",NA,NA,8.2708330154419,11.1416664123535,44.3891105651855,515.608459472656,22.2000007629395,-2.90000009536743,25.1000003814697,2.65000009536743,12.3666667938232,14.5500001907349,1.86666667461395,1226,144,63,23.8106899261475,393,216,240,385,1356.4150390625
"S05T15P02",5,15,"0/05/2023","BRY","lacrimans","Long Plain",148.5444786,-35.72491793,"5/7/2024","alive","spare",NA,NA,8.2708330154419,11.1416664123535,44.3891105651855,515.608459472656,22.2000007629395,-2.90000009536743,25.1000003814697,2.65000009536743,12.3666667938232,14.5500001907349,1.86666667461395,1226,144,63,23.8106899261475,393,216,240,385,1356.4150390625
"S05T15P03",5,15,"0/05/2023","BRY","lacrimans","Long Plain",148.5444786,-35.72491793,"5/7/2024","alive","spare",NA,NA,8.2708330154419,11.1416664123535,44.3891105651855,515.608459472656,22.2000007629395,-2.90000009536743,25.1000003814697,2.65000009536743,12.3666667938232,14.5500001907349,1.86666667461395,1226,144,63,23.8106899261475,393,216,240,385,1356.4150390625
"S05T15P05",5,15,"0/05/2023","BRY","lacrimans","Long Plain",148.5444786,-35.72491793,"5/7/2024","alive","spare",NA,NA,8.2708330154419,11.1416664123535,44.3891105651855,515.608459472656,22.2000007629395,-2.90000009536743,25.1000003814697,2.65000009536743,12.3666667938232,14.5500001907349,1.86666667461395,1226,144,63,23.8106899261475,393,216,240,385,1356.4150390625
"S05T15P06",5,15,"0/05/2023","BRY","lacrimans","Long Plain",148.5444786,-35.72491793,"5/7/2024","alive","spare",NA,NA,8.2708330154419,11.1416664123535,44.3891105651855,515.608459472656,22.2000007629395,-2.90000009536743,25.1000003814697,2.65000009536743,12.3666667938232,14.5500001907349,1.86666667461395,1226,144,63,23.8106899261475,393,216,240,385,1356.4150390625
"S05T15P08",5,15,"0/05/2023","BRY","lacrimans","Long Plain",148.5444786,-35.72491793,"5/7/2024","alive","spare",NA,NA,8.2708330154419,11.1416664123535,44.3891105651855,515.608459472656,22.2000007629395,-2.90000009536743,25.1000003814697,2.65000009536743,12.3666667938232,14.5500001907349,1.86666667461395,1226,144,63,23.8106899261475,393,216,240,385,1356.4150390625
"S05T15P11",5,15,"0/05/2023","BRY","lacrimans","Long Plain",148.5444786,-35.72491793,"5/7/2024","alive","spare",NA,NA,8.2708330154419,11.1416664123535,44.3891105651855,515.608459472656,22.2000007629395,-2.90000009536743,25.1000003814697,2.65000009536743,12.3666667938232,14.5500001907349,1.86666667461395,1226,144,63,23.8106899261475,393,216,240,385,1356.4150390625
"S05T15P16",5,15,"0/05/2023","BRY","lacrimans","Long Plain",148.5444786,-35.72491793,"5/7/2024","alive","spare",NA,NA,8.2708330154419,11.1416664123535,44.3891105651855,515.608459472656,22.2000007629395,-2.90000009536743,25.1000003814697,2.65000009536743,12.3666667938232,14.5500001907349,1.86666667461395,1226,144,63,23.8106899261475,393,216,240,385,1356.4150390625
"S05T15P23",5,15,"0/05/2023","BRY","lacrimans","Long Plain",148.5444786,-35.72491793,"5/7/2024","alive","spare",NA,NA,8.2708330154419,11.1416664123535,44.3891105651855,515.608459472656,22.2000007629395,-2.90000009536743,25.1000003814697,2.65000009536743,12.3666667938232,14.5500001907349,1.86666667461395,1226,144,63,23.8106899261475,393,216,240,385,1356.4150390625
"S05T15P26",5,15,"0/05/2023","BRY","lacrimans","Long Plain",148.5444786,-35.72491793,"5/7/2024","alive","spare",NA,NA,8.2708330154419,11.1416664123535,44.3891105651855,515.608459472656,22.2000007629395,-2.90000009536743,25.1000003814697,2.65000009536743,12.3666667938232,14.5500001907349,1.86666667461395,1226,144,63,23.8106899261475,393,216,240,385,1356.4150390625
"S05T15P28",5,15,"0/05/2023","BRY","lacrimans","Long Plain",148.5444786,-35.72491793,"5/7/2024","alive","spare",NA,NA,8.2708330154419,11.1416664123535,44.3891105651855,515.608459472656,22.2000007629395,-2.90000009536743,25.1000003814697,2.65000009536743,12.3666667938232,14.5500001907349,1.86666667461395,1226,144,63,23.8106899261475,393,216,240,385,1356.4150390625
"S06T02P02",6,2,"2/9/2024","ZAR + BRY","pauciflora","Long Plain",148.6445585,-35.60294304,"5/7/2024","alive","spare",NA,NA,8.42500019073486,11.6333332061768,45.4427070617676,515.917114257812,22.3999996185303,-3.20000004768372,25.6000003814697,2.81666660308838,12.5,14.6999998092651,2,1077,120,62,18.9415454864502,326,207,221,320,1313.17736816406
"S06T02P04",6,2,"2/9/2024","ZAR + BRY","pauciflora","Long Plain",148.6445585,-35.60294304,"5/7/2024","alive","spare",NA,NA,8.42500019073486,11.6333332061768,45.4427070617676,515.917114257812,22.3999996185303,-3.20000004768372,25.6000003814697,2.81666660308838,12.5,14.6999998092651,2,1077,120,62,18.9415454864502,326,207,221,320,1313.17736816406
"S06T02P05",6,2,"2/9/2024","ZAR + BRY","pauciflora","Long Plain",148.6445585,-35.60294304,"5/7/2024","alive","spare",NA,NA,8.42500019073486,11.6333332061768,45.4427070617676,515.917114257812,22.3999996185303,-3.20000004768372,25.6000003814697,2.81666660308838,12.5,14.6999998092651,2,1077,120,62,18.9415454864502,326,207,221,320,1313.17736816406
"S06T02P06",6,2,"2/9/2024","ZAR + BRY","pauciflora","Long Plain",148.6445585,-35.60294304,"5/7/2024","alive","spare",NA,NA,8.42500019073486,11.6333332061768,45.4427070617676,515.917114257812,22.3999996185303,-3.20000004768372,25.6000003814697,2.81666660308838,12.5,14.6999998092651,2,1077,120,62,18.9415454864502,326,207,221,320,1313.17736816406
"S06T02P07",6,2,"2/9/2024","ZAR + BRY","pauciflora","Long Plain",148.6445585,-35.60294304,"5/7/2024","alive","spare",NA,NA,8.42500019073486,11.6333332061768,45.4427070617676,515.917114257812,22.3999996185303,-3.20000004768372,25.6000003814697,2.81666660308838,12.5,14.6999998092651,2,1077,120,62,18.9415454864502,326,207,221,320,1313.17736816406
"S06T02P08",6,2,"2/9/2024","ZAR + BRY","pauciflora","Long Plain",148.6445585,-35.60294304,"5/7/2024","alive","spare",NA,NA,8.42500019073486,11.6333332061768,45.4427070617676,515.917114257812,22.3999996185303,-3.20000004768372,25.6000003814697,2.81666660308838,12.5,14.6999998092651,2,1077,120,62,18.9415454864502,326,207,221,320,1313.17736816406
"S06T02P09",6,2,"2/9/2024","ZAR + BRY","pauciflora","Long Plain",148.6445585,-35.60294304,"5/7/2024","alive","spare",NA,NA,8.42500019073486,11.6333332061768,45.4427070617676,515.917114257812,22.3999996185303,-3.20000004768372,25.6000003814697,2.81666660308838,12.5,14.6999998092651,2,1077,120,62,18.9415454864502,326,207,221,320,1313.17736816406
"S06T02P13",6,2,"2/9/2024","ZAR + BRY","pauciflora","Long Plain",148.6445585,-35.60294304,"5/7/2024","alive","spare",NA,NA,8.42500019073486,11.6333332061768,45.4427070617676,515.917114257812,22.3999996185303,-3.20000004768372,25.6000003814697,2.81666660308838,12.5,14.6999998092651,2,1077,120,62,18.9415454864502,326,207,221,320,1313.17736816406
"S06T02P15",6,2,"2/9/2024","ZAR + BRY","pauciflora","Long Plain",148.6445585,-35.60294304,"5/7/2024","alive","spare",NA,NA,8.42500019073486,11.6333332061768,45.4427070617676,515.917114257812,22.3999996185303,-3.20000004768372,25.6000003814697,2.81666660308838,12.5,14.6999998092651,2,1077,120,62,18.9415454864502,326,207,221,320,1313.17736816406
"S06T02P18",6,2,"2/9/2024","ZAR + BRY","pauciflora","Long Plain",148.6445585,-35.60294304,"5/7/2024","alive","spare",NA,NA,8.42500019073486,11.6333332061768,45.4427070617676,515.917114257812,22.3999996185303,-3.20000004768372,25.6000003814697,2.81666660308838,12.5,14.6999998092651,2,1077,120,62,18.9415454864502,326,207,221,320,1313.17736816406
"S06T02P19",6,2,"2/9/2024","ZAR + BRY","pauciflora","Long Plain",148.6445585,-35.60294304,"5/7/2024","alive","spare",NA,NA,8.42500019073486,11.6333332061768,45.4427070617676,515.917114257812,22.3999996185303,-3.20000004768372,25.6000003814697,2.81666660308838,12.5,14.6999998092651,2,1077,120,62,18.9415454864502,326,207,221,320,1313.17736816406
"S06T02P21",6,2,"2/9/2024","ZAR + BRY","pauciflora","Long Plain",148.6445585,-35.60294304,"5/7/2024","alive","spare",NA,NA,8.42500019073486,11.6333332061768,45.4427070617676,515.917114257812,22.3999996185303,-3.20000004768372,25.6000003814697,2.81666660308838,12.5,14.6999998092651,2,1077,120,62,18.9415454864502,326,207,221,320,1313.17736816406
"S06T02P22",6,2,"2/9/2024","ZAR + BRY","pauciflora","Long Plain",148.6445585,-35.60294304,"5/7/2024","alive","spare",NA,NA,8.42500019073486,11.6333332061768,45.4427070617676,515.917114257812,22.3999996185303,-3.20000004768372,25.6000003814697,2.81666660308838,12.5,14.6999998092651,2,1077,120,62,18.9415454864502,326,207,221,320,1313.17736816406
"S06T02P23",6,2,"2/9/2024","ZAR + BRY","pauciflora","Long Plain",148.6445585,-35.60294304,"5/7/2024","alive","spare",NA,NA,8.42500019073486,11.6333332061768,45.4427070617676,515.917114257812,22.3999996185303,-3.20000004768372,25.6000003814697,2.81666660308838,12.5,14.6999998092651,2,1077,120,62,18.9415454864502,326,207,221,320,1313.17736816406
"S06T02P24",6,2,"2/9/2024","ZAR + BRY","pauciflora","Long Plain",148.6445585,-35.60294304,"5/7/2024","alive","spare",NA,NA,8.42500019073486,11.6333332061768,45.4427070617676,515.917114257812,22.3999996185303,-3.20000004768372,25.6000003814697,2.81666660308838,12.5,14.6999998092651,2,1077,120,62,18.9415454864502,326,207,221,320,1313.17736816406
"S06T02P25",6,2,"2/9/2024","ZAR + BRY","pauciflora","Long Plain",148.6445585,-35.60294304,"5/7/2024","alive","spare",NA,NA,8.42500019073486,11.6333332061768,45.4427070617676,515.917114257812,22.3999996185303,-3.20000004768372,25.6000003814697,2.81666660308838,12.5,14.6999998092651,2,1077,120,62,18.9415454864502,326,207,221,320,1313.17736816406
"S06T02P27",6,2,"2/9/2024","ZAR + BRY","pauciflora","Long Plain",148.6445585,-35.60294304,"5/7/2024","alive","spare",NA,NA,8.42500019073486,11.6333332061768,45.4427070617676,515.917114257812,22.3999996185303,-3.20000004768372,25.6000003814697,2.81666660308838,12.5,14.6999998092651,2,1077,120,62,18.9415454864502,326,207,221,320,1313.17736816406
"S06T02P31",6,2,"2/9/2024","ZAR + BRY","pauciflora","Long Plain",148.6445585,-35.60294304,"5/7/2024","alive","spare",NA,NA,8.42500019073486,11.6333332061768,45.4427070617676,515.917114257812,22.3999996185303,-3.20000004768372,25.6000003814697,2.81666660308838,12.5,14.6999998092651,2,1077,120,62,18.9415454864502,326,207,221,320,1313.17736816406
"S06T02P33",6,2,"2/9/2024","ZAR + BRY","pauciflora","Long Plain",148.6445585,-35.60294304,"5/14/2024","alive","spare",NA,NA,8.42500019073486,11.6333332061768,45.4427070617676,515.917114257812,22.3999996185303,-3.20000004768372,25.6000003814697,2.81666660308838,12.5,14.6999998092651,2,1077,120,62,18.9415454864502,326,207,221,320,1313.17736816406
"S06T03P04",6,3,"2/9/2024","ZAR + BRY","pauciflora","Long Plain",148.6627797,-35.60956426,"5/2/2024","alive","spare",NA,NA,8.3541669845581,11.3249998092651,44.7628440856934,515.996215820312,22.2000007629395,-3.09999990463257,25.3000011444092,4.94999980926514,12.4333333969116,14.6333332061768,1.93333327770233,1055,117,62,18.2573757171631,318,206,218,310,1311.03161621094
"S06T03P06",6,3,"2/9/2024","ZAR + BRY","pauciflora","Long Plain",148.6627797,-35.60956426,"5/2/2024","alive","spare",NA,NA,8.3541669845581,11.3249998092651,44.7628440856934,515.996215820312,22.2000007629395,-3.09999990463257,25.3000011444092,4.94999980926514,12.4333333969116,14.6333332061768,1.93333327770233,1055,117,62,18.2573757171631,318,206,218,310,1311.03161621094
"S06T03P07",6,3,"2/9/2024","ZAR + BRY","pauciflora","Long Plain",148.6627797,-35.60956426,"5/2/2024","alive","spare",NA,NA,8.3541669845581,11.3249998092651,44.7628440856934,515.996215820312,22.2000007629395,-3.09999990463257,25.3000011444092,4.94999980926514,12.4333333969116,14.6333332061768,1.93333327770233,1055,117,62,18.2573757171631,318,206,218,310,1311.03161621094
"S06T03P08",6,3,"2/9/2024","ZAR + BRY","pauciflora","Long Plain",148.6627797,-35.60956426,"5/2/2024","alive","spare",NA,NA,8.3541669845581,11.3249998092651,44.7628440856934,515.996215820312,22.2000007629395,-3.09999990463257,25.3000011444092,4.94999980926514,12.4333333969116,14.6333332061768,1.93333327770233,1055,117,62,18.2573757171631,318,206,218,310,1311.03161621094
"S06T03P10",6,3,"2/9/2024","ZAR + BRY","pauciflora","Long Plain",148.6627797,-35.60956426,"5/2/2024","alive","spare",NA,NA,8.3541669845581,11.3249998092651,44.7628440856934,515.996215820312,22.2000007629395,-3.09999990463257,25.3000011444092,4.94999980926514,12.4333333969116,14.6333332061768,1.93333327770233,1055,117,62,18.2573757171631,318,206,218,310,1311.03161621094
"S06T03P11",6,3,"2/9/2024","ZAR + BRY","pauciflora","Long Plain",148.6627797,-35.60956426,"5/2/2024","alive","spare",NA,NA,8.3541669845581,11.3249998092651,44.7628440856934,515.996215820312,22.2000007629395,-3.09999990463257,25.3000011444092,4.94999980926514,12.4333333969116,14.6333332061768,1.93333327770233,1055,117,62,18.2573757171631,318,206,218,310,1311.03161621094
"S06T03P12",6,3,"2/9/2024","ZAR + BRY","pauciflora","Long Plain",148.6627797,-35.60956426,"5/2/2024","alive","spare",NA,NA,8.3541669845581,11.3249998092651,44.7628440856934,515.996215820312,22.2000007629395,-3.09999990463257,25.3000011444092,4.94999980926514,12.4333333969116,14.6333332061768,1.93333327770233,1055,117,62,18.2573757171631,318,206,218,310,1311.03161621094
"S06T03P13",6,3,"2/9/2024","ZAR + BRY","pauciflora","Long Plain",148.6627797,-35.60956426,"5/2/2024","alive","spare",NA,NA,8.3541669845581,11.3249998092651,44.7628440856934,515.996215820312,22.2000007629395,-3.09999990463257,25.3000011444092,4.94999980926514,12.4333333969116,14.6333332061768,1.93333327770233,1055,117,62,18.2573757171631,318,206,218,310,1311.03161621094
"S06T03P14",6,3,"2/9/2024","ZAR + BRY","pauciflora","Long Plain",148.6627797,-35.60956426,"5/2/2024","alive","spare",NA,NA,8.3541669845581,11.3249998092651,44.7628440856934,515.996215820312,22.2000007629395,-3.09999990463257,25.3000011444092,4.94999980926514,12.4333333969116,14.6333332061768,1.93333327770233,1055,117,62,18.2573757171631,318,206,218,310,1311.03161621094
"S06T03P18",6,3,"2/9/2024","ZAR + BRY","pauciflora","Long Plain",148.6627797,-35.60956426,"5/2/2024","alive","spare",NA,NA,8.3541669845581,11.3249998092651,44.7628440856934,515.996215820312,22.2000007629395,-3.09999990463257,25.3000011444092,4.94999980926514,12.4333333969116,14.6333332061768,1.93333327770233,1055,117,62,18.2573757171631,318,206,218,310,1311.03161621094
"S06T03P19",6,3,"2/9/2024","ZAR + BRY","pauciflora","Long Plain",148.6627797,-35.60956426,"5/2/2024","alive","spare",NA,NA,8.3541669845581,11.3249998092651,44.7628440856934,515.996215820312,22.2000007629395,-3.09999990463257,25.3000011444092,4.94999980926514,12.4333333969116,14.6333332061768,1.93333327770233,1055,117,62,18.2573757171631,318,206,218,310,1311.03161621094
"S06T03P20",6,3,"2/9/2024","ZAR + BRY","pauciflora","Long Plain",148.6627797,-35.60956426,"5/2/2024","alive","spare",NA,NA,8.3541669845581,11.3249998092651,44.7628440856934,515.996215820312,22.2000007629395,-3.09999990463257,25.3000011444092,4.94999980926514,12.4333333969116,14.6333332061768,1.93333327770233,1055,117,62,18.2573757171631,318,206,218,310,1311.03161621094
"S06T03P21",6,3,"2/9/2024","ZAR + BRY","pauciflora","Long Plain",148.6627797,-35.60956426,"5/2/2024","alive","spare",NA,NA,8.3541669845581,11.3249998092651,44.7628440856934,515.996215820312,22.2000007629395,-3.09999990463257,25.3000011444092,4.94999980926514,12.4333333969116,14.6333332061768,1.93333327770233,1055,117,62,18.2573757171631,318,206,218,310,1311.03161621094
"S06T03P22",6,3,"2/9/2024","ZAR + BRY","pauciflora","Long Plain",148.6627797,-35.60956426,"5/2/2024","alive","spare",NA,NA,8.3541669845581,11.3249998092651,44.7628440856934,515.996215820312,22.2000007629395,-3.09999990463257,25.3000011444092,4.94999980926514,12.4333333969116,14.6333332061768,1.93333327770233,1055,117,62,18.2573757171631,318,206,218,310,1311.03161621094
"S06T03P23",6,3,"2/9/2024","ZAR + BRY","pauciflora","Long Plain",148.6627797,-35.60956426,"5/2/2024","alive","spare",NA,NA,8.3541669845581,11.3249998092651,44.7628440856934,515.996215820312,22.2000007629395,-3.09999990463257,25.3000011444092,4.94999980926514,12.4333333969116,14.6333332061768,1.93333327770233,1055,117,62,18.2573757171631,318,206,218,310,1311.03161621094
"S06T03P25",6,3,"2/9/2024","ZAR + BRY","pauciflora","Long Plain",148.6627797,-35.60956426,"5/2/2024","alive","spare",NA,NA,8.3541669845581,11.3249998092651,44.7628440856934,515.996215820312,22.2000007629395,-3.09999990463257,25.3000011444092,4.94999980926514,12.4333333969116,14.6333332061768,1.93333327770233,1055,117,62,18.2573757171631,318,206,218,310,1311.03161621094
"S06T03P26",6,3,"2/9/2024","ZAR + BRY","pauciflora","Long Plain",148.6627797,-35.60956426,"5/2/2024","alive","spare",NA,NA,8.3541669845581,11.3249998092651,44.7628440856934,515.996215820312,22.2000007629395,-3.09999990463257,25.3000011444092,4.94999980926514,12.4333333969116,14.6333332061768,1.93333327770233,1055,117,62,18.2573757171631,318,206,218,310,1311.03161621094
"S06T03P27",6,3,"2/9/2024","ZAR + BRY","pauciflora","Long Plain",148.6627797,-35.60956426,"5/2/2024","alive","spare",NA,NA,8.3541669845581,11.3249998092651,44.7628440856934,515.996215820312,22.2000007629395,-3.09999990463257,25.3000011444092,4.94999980926514,12.4333333969116,14.6333332061768,1.93333327770233,1055,117,62,18.2573757171631,318,206,218,310,1311.03161621094
"S06T03P28",6,3,"2/9/2024","ZAR + BRY","pauciflora","Long Plain",148.6627797,-35.60956426,"5/2/2024","alive","spare",NA,NA,8.3541669845581,11.3249998092651,44.7628440856934,515.996215820312,22.2000007629395,-3.09999990463257,25.3000011444092,4.94999980926514,12.4333333969116,14.6333332061768,1.93333327770233,1055,117,62,18.2573757171631,318,206,218,310,1311.03161621094
"S06T03P31",6,3,"2/9/2024","ZAR + BRY","pauciflora","Long Plain",148.6627797,-35.60956426,"5/2/2024","alive","spare",NA,NA,8.3541669845581,11.3249998092651,44.7628440856934,515.996215820312,22.2000007629395,-3.09999990463257,25.3000011444092,4.94999980926514,12.4333333969116,14.6333332061768,1.93333327770233,1055,117,62,18.2573757171631,318,206,218,310,1311.03161621094
"S06T03P32",6,3,"2/9/2024","ZAR + BRY","pauciflora","Long Plain",148.6627797,-35.60956426,"5/2/2024","alive","spare",NA,NA,8.3541669845581,11.3249998092651,44.7628440856934,515.996215820312,22.2000007629395,-3.09999990463257,25.3000011444092,4.94999980926514,12.4333333969116,14.6333332061768,1.93333327770233,1055,117,62,18.2573757171631,318,206,218,310,1311.03161621094
"S06T05P01",6,5,"2/9/2024","ZAR + BRY","pauciflora","Long Plain",148.6387252,-35.5979197,"5/7/2024","alive","spare",NA,NA,8.01249980926514,11.2749996185303,44.7420654296875,514.548034667969,21.8999996185303,-3.29999995231628,25.1999988555908,2.41666650772095,14.2166662216187,14.283332824707,1.63333320617676,1101,124,64,19.380443572998,335,212,224,327,1424.67797851562
"S06T05P02",6,5,"2/9/2024","ZAR + BRY","pauciflora","Long Plain",148.6387252,-35.5979197,"5/7/2024","alive","spare",NA,NA,8.01249980926514,11.2749996185303,44.7420654296875,514.548034667969,21.8999996185303,-3.29999995231628,25.1999988555908,2.41666650772095,14.2166662216187,14.283332824707,1.63333320617676,1101,124,64,19.380443572998,335,212,224,327,1424.67797851562
"S06T05P04",6,5,"2/9/2024","ZAR + BRY","pauciflora","Long Plain",148.6387252,-35.5979197,"5/7/2024","alive","spare",NA,NA,8.01249980926514,11.2749996185303,44.7420654296875,514.548034667969,21.8999996185303,-3.29999995231628,25.1999988555908,2.41666650772095,14.2166662216187,14.283332824707,1.63333320617676,1101,124,64,19.380443572998,335,212,224,327,1424.67797851562
"S06T05P05",6,5,"2/9/2024","ZAR + BRY","pauciflora","Long Plain",148.6387252,-35.5979197,"5/7/2024","alive","spare",NA,NA,8.01249980926514,11.2749996185303,44.7420654296875,514.548034667969,21.8999996185303,-3.29999995231628,25.1999988555908,2.41666650772095,14.2166662216187,14.283332824707,1.63333320617676,1101,124,64,19.380443572998,335,212,224,327,1424.67797851562
"S06T05P06",6,5,"2/9/2024","ZAR + BRY","pauciflora","Long Plain",148.6387252,-35.5979197,"5/7/2024","alive","spare",NA,NA,8.01249980926514,11.2749996185303,44.7420654296875,514.548034667969,21.8999996185303,-3.29999995231628,25.1999988555908,2.41666650772095,14.2166662216187,14.283332824707,1.63333320617676,1101,124,64,19.380443572998,335,212,224,327,1424.67797851562
"S06T05P08",6,5,"2/9/2024","ZAR + BRY","pauciflora","Long Plain",148.6387252,-35.5979197,"5/7/2024","alive","spare",NA,NA,8.01249980926514,11.2749996185303,44.7420654296875,514.548034667969,21.8999996185303,-3.29999995231628,25.1999988555908,2.41666650772095,14.2166662216187,14.283332824707,1.63333320617676,1101,124,64,19.380443572998,335,212,224,327,1424.67797851562
"S06T05P09",6,5,"2/9/2024","ZAR + BRY","pauciflora","Long Plain",148.6387252,-35.5979197,"5/7/2024","alive","spare",NA,NA,8.01249980926514,11.2749996185303,44.7420654296875,514.548034667969,21.8999996185303,-3.29999995231628,25.1999988555908,2.41666650772095,14.2166662216187,14.283332824707,1.63333320617676,1101,124,64,19.380443572998,335,212,224,327,1424.67797851562
"S06T05P11",6,5,"2/9/2024","ZAR + BRY","pauciflora","Long Plain",148.6387252,-35.5979197,"5/7/2024","alive","spare",NA,NA,8.01249980926514,11.2749996185303,44.7420654296875,514.548034667969,21.8999996185303,-3.29999995231628,25.1999988555908,2.41666650772095,14.2166662216187,14.283332824707,1.63333320617676,1101,124,64,19.380443572998,335,212,224,327,1424.67797851562
"S06T05P12",6,5,"2/9/2024","ZAR + BRY","pauciflora","Long Plain",148.6387252,-35.5979197,"5/7/2024","alive","spare",NA,NA,8.01249980926514,11.2749996185303,44.7420654296875,514.548034667969,21.8999996185303,-3.29999995231628,25.1999988555908,2.41666650772095,14.2166662216187,14.283332824707,1.63333320617676,1101,124,64,19.380443572998,335,212,224,327,1424.67797851562
"S06T05P13",6,5,"2/9/2024","ZAR + BRY","pauciflora","Long Plain",148.6387252,-35.5979197,"5/7/2024","alive","spare",NA,NA,8.01249980926514,11.2749996185303,44.7420654296875,514.548034667969,21.8999996185303,-3.29999995231628,25.1999988555908,2.41666650772095,14.2166662216187,14.283332824707,1.63333320617676,1101,124,64,19.380443572998,335,212,224,327,1424.67797851562
"S06T05P16",6,5,"2/9/2024","ZAR + BRY","pauciflora","Long Plain",148.6387252,-35.5979197,"5/7/2024","alive","spare",NA,NA,8.01249980926514,11.2749996185303,44.7420654296875,514.548034667969,21.8999996185303,-3.29999995231628,25.1999988555908,2.41666650772095,14.2166662216187,14.283332824707,1.63333320617676,1101,124,64,19.380443572998,335,212,224,327,1424.67797851562
"S06T05P17",6,5,"2/9/2024","ZAR + BRY","pauciflora","Long Plain",148.6387252,-35.5979197,"5/7/2024","alive","spare",NA,NA,8.01249980926514,11.2749996185303,44.7420654296875,514.548034667969,21.8999996185303,-3.29999995231628,25.1999988555908,2.41666650772095,14.2166662216187,14.283332824707,1.63333320617676,1101,124,64,19.380443572998,335,212,224,327,1424.67797851562
"S06T05P18",6,5,"2/9/2024","ZAR + BRY","pauciflora","Long Plain",148.6387252,-35.5979197,"5/7/2024","alive","spare",NA,NA,8.01249980926514,11.2749996185303,44.7420654296875,514.548034667969,21.8999996185303,-3.29999995231628,25.1999988555908,2.41666650772095,14.2166662216187,14.283332824707,1.63333320617676,1101,124,64,19.380443572998,335,212,224,327,1424.67797851562
"S06T05P19",6,5,"2/9/2024","ZAR + BRY","pauciflora","Long Plain",148.6387252,-35.5979197,"5/7/2024","alive","spare",NA,NA,8.01249980926514,11.2749996185303,44.7420654296875,514.548034667969,21.8999996185303,-3.29999995231628,25.1999988555908,2.41666650772095,14.2166662216187,14.283332824707,1.63333320617676,1101,124,64,19.380443572998,335,212,224,327,1424.67797851562
"S06T05P22",6,5,"2/9/2024","ZAR + BRY","pauciflora","Long Plain",148.6387252,-35.5979197,"5/7/2024","alive","spare",NA,NA,8.01249980926514,11.2749996185303,44.7420654296875,514.548034667969,21.8999996185303,-3.29999995231628,25.1999988555908,2.41666650772095,14.2166662216187,14.283332824707,1.63333320617676,1101,124,64,19.380443572998,335,212,224,327,1424.67797851562
"S06T05P23",6,5,"2/9/2024","ZAR + BRY","pauciflora","Long Plain",148.6387252,-35.5979197,"5/7/2024","alive","spare",NA,NA,8.01249980926514,11.2749996185303,44.7420654296875,514.548034667969,21.8999996185303,-3.29999995231628,25.1999988555908,2.41666650772095,14.2166662216187,14.283332824707,1.63333320617676,1101,124,64,19.380443572998,335,212,224,327,1424.67797851562
"S06T05P24",6,5,"2/9/2024","ZAR + BRY","pauciflora","Long Plain",148.6387252,-35.5979197,"5/7/2024","alive","spare",NA,NA,8.01249980926514,11.2749996185303,44.7420654296875,514.548034667969,21.8999996185303,-3.29999995231628,25.1999988555908,2.41666650772095,14.2166662216187,14.283332824707,1.63333320617676,1101,124,64,19.380443572998,335,212,224,327,1424.67797851562
"S06T05P27",6,5,"2/9/2024","ZAR + BRY","pauciflora","Long Plain",148.6387252,-35.5979197,"5/7/2024","alive","spare",NA,NA,8.01249980926514,11.2749996185303,44.7420654296875,514.548034667969,21.8999996185303,-3.29999995231628,25.1999988555908,2.41666650772095,14.2166662216187,14.283332824707,1.63333320617676,1101,124,64,19.380443572998,335,212,224,327,1424.67797851562
"S06T05P28",6,5,"2/9/2024","ZAR + BRY","pauciflora","Long Plain",148.6387252,-35.5979197,"5/7/2024","alive","spare",NA,NA,8.01249980926514,11.2749996185303,44.7420654296875,514.548034667969,21.8999996185303,-3.29999995231628,25.1999988555908,2.41666650772095,14.2166662216187,14.283332824707,1.63333320617676,1101,124,64,19.380443572998,335,212,224,327,1424.67797851562
"S06T05P30",6,5,"2/9/2024","ZAR + BRY","pauciflora","Long Plain",148.6387252,-35.5979197,"5/7/2024","alive","spare",NA,NA,8.01249980926514,11.2749996185303,44.7420654296875,514.548034667969,21.8999996185303,-3.29999995231628,25.1999988555908,2.41666650772095,14.2166662216187,14.283332824707,1.63333320617676,1101,124,64,19.380443572998,335,212,224,327,1424.67797851562
"S06T05P33",6,5,"2/9/2024","ZAR + BRY","pauciflora","Long Plain",148.6387252,-35.5979197,"5/7/2024","alive","spare",NA,NA,8.01249980926514,11.2749996185303,44.7420654296875,514.548034667969,21.8999996185303,-3.29999995231628,25.1999988555908,2.41666650772095,14.2166662216187,14.283332824707,1.63333320617676,1101,124,64,19.380443572998,335,212,224,327,1424.67797851562
"S06T05P34",6,5,"2/9/2024","ZAR + BRY","pauciflora","Long Plain",148.6387252,-35.5979197,"5/7/2024","alive","spare",NA,NA,8.01249980926514,11.2749996185303,44.7420654296875,514.548034667969,21.8999996185303,-3.29999995231628,25.1999988555908,2.41666650772095,14.2166662216187,14.283332824707,1.63333320617676,1101,124,64,19.380443572998,335,212,224,327,1424.67797851562
"S07T01P01",7,1,"2/17/2024","ZAR + BRY","pauciflora","Namadgi, Mt Franklin Road",148.807368,-35.35601803,"5/7/2024","alive","spare",NA,NA,9.70416641235352,10.7416667938232,43.6653099060059,507.598876953125,23,-1.60000002384186,24.6000003814697,6.25,15.8999996185303,15.8999996185303,3.43333315849304,1031,111,63,16.2816963195801,300,208,208,294,1194.67761230469
"S07T01P02",7,1,"2/17/2024","ZAR + BRY","pauciflora","Namadgi, Mt Franklin Road",148.807368,-35.35601803,"5/7/2024","alive","spare",NA,NA,9.70416641235352,10.7416667938232,43.6653099060059,507.598876953125,23,-1.60000002384186,24.6000003814697,6.25,15.8999996185303,15.8999996185303,3.43333315849304,1031,111,63,16.2816963195801,300,208,208,294,1194.67761230469
"S07T01P04",7,1,"2/17/2024","ZAR + BRY","pauciflora","Namadgi, Mt Franklin Road",148.807368,-35.35601803,"5/7/2024","alive","spare",NA,NA,9.70416641235352,10.7416667938232,43.6653099060059,507.598876953125,23,-1.60000002384186,24.6000003814697,6.25,15.8999996185303,15.8999996185303,3.43333315849304,1031,111,63,16.2816963195801,300,208,208,294,1194.67761230469
"S07T01P05",7,1,"2/17/2024","ZAR + BRY","pauciflora","Namadgi, Mt Franklin Road",148.807368,-35.35601803,"5/7/2024","alive","spare",NA,NA,9.70416641235352,10.7416667938232,43.6653099060059,507.598876953125,23,-1.60000002384186,24.6000003814697,6.25,15.8999996185303,15.8999996185303,3.43333315849304,1031,111,63,16.2816963195801,300,208,208,294,1194.67761230469
"S07T01P11",7,1,"2/17/2024","ZAR + BRY","pauciflora","Namadgi, Mt Franklin Road",148.807368,-35.35601803,"5/7/2024","alive","spare",NA,NA,9.70416641235352,10.7416667938232,43.6653099060059,507.598876953125,23,-1.60000002384186,24.6000003814697,6.25,15.8999996185303,15.8999996185303,3.43333315849304,1031,111,63,16.2816963195801,300,208,208,294,1194.67761230469
"S07T01P12",7,1,"2/17/2024","ZAR + BRY","pauciflora","Namadgi, Mt Franklin Road",148.807368,-35.35601803,"5/7/2024","alive","spare",NA,NA,9.70416641235352,10.7416667938232,43.6653099060059,507.598876953125,23,-1.60000002384186,24.6000003814697,6.25,15.8999996185303,15.8999996185303,3.43333315849304,1031,111,63,16.2816963195801,300,208,208,294,1194.67761230469
"S07T01P14",7,1,"2/17/2024","ZAR + BRY","pauciflora","Namadgi, Mt Franklin Road",148.807368,-35.35601803,"5/7/2024","alive","spare",NA,NA,9.70416641235352,10.7416667938232,43.6653099060059,507.598876953125,23,-1.60000002384186,24.6000003814697,6.25,15.8999996185303,15.8999996185303,3.43333315849304,1031,111,63,16.2816963195801,300,208,208,294,1194.67761230469
"S07T01P15",7,1,"2/17/2024","ZAR + BRY","pauciflora","Namadgi, Mt Franklin Road",148.807368,-35.35601803,"5/7/2024","alive","spare",NA,NA,9.70416641235352,10.7416667938232,43.6653099060059,507.598876953125,23,-1.60000002384186,24.6000003814697,6.25,15.8999996185303,15.8999996185303,3.43333315849304,1031,111,63,16.2816963195801,300,208,208,294,1194.67761230469
"S07T01P16",7,1,"2/17/2024","ZAR + BRY","pauciflora","Namadgi, Mt Franklin Road",148.807368,-35.35601803,"5/7/2024","alive","spare",NA,NA,9.70416641235352,10.7416667938232,43.6653099060059,507.598876953125,23,-1.60000002384186,24.6000003814697,6.25,15.8999996185303,15.8999996185303,3.43333315849304,1031,111,63,16.2816963195801,300,208,208,294,1194.67761230469
"S07T01P19",7,1,"2/17/2024","ZAR + BRY","pauciflora","Namadgi, Mt Franklin Road",148.807368,-35.35601803,"5/7/2024","alive","spare",NA,NA,9.70416641235352,10.7416667938232,43.6653099060059,507.598876953125,23,-1.60000002384186,24.6000003814697,6.25,15.8999996185303,15.8999996185303,3.43333315849304,1031,111,63,16.2816963195801,300,208,208,294,1194.67761230469
"S07T02P02",7,2,"2/17/2024","ZAR + BRY","pauciflora","Namadgi, Mt Franklin Road",148.8003298,-35.35940543,"5/13/2024","alive","spare",NA,NA,9.46250057220459,10.6083335876465,43.2993202209473,507.445159912109,22.7000007629395,-1.79999995231628,24.5,5.98333311080933,15.6500005722046,15.6500005722046,3.18333339691162,1024,110,64,16.2637825012207,300,209,209,290,1248.51977539062
"S07T02P19",7,2,"2/17/2024","ZAR + BRY","pauciflora","Namadgi, Mt Franklin Road",148.8003298,-35.35940543,"5/13/2024","alive","spare",NA,NA,9.46250057220459,10.6083335876465,43.2993202209473,507.445159912109,22.7000007629395,-1.79999995231628,24.5,5.98333311080933,15.6500005722046,15.6500005722046,3.18333339691162,1024,110,64,16.2637825012207,300,209,209,290,1248.51977539062
"S07T07P01",7,7,"2/17/2024","ZAR + BRY","pauciflora","Namadgi, Mt Franklin Road",148.7958075,-35.40021858,"5/1/2024","alive","spare",NA,NA,9.54583358764648,10.6916666030884,43.4620628356934,506.581512451172,22.7999992370605,-1.79999995231628,24.5999984741211,6.08333349227905,15.6499996185303,15.716667175293,3.28333330154419,1015,108,63,15.8454093933105,297,210,210,285,1232.10192871094
"S07T07P04",7,7,"2/17/2024","ZAR + BRY","pauciflora","Namadgi, Mt Franklin Road",148.7958075,-35.40021858,"5/1/2024","alive","spare",NA,NA,9.54583358764648,10.6916666030884,43.4620628356934,506.581512451172,22.7999992370605,-1.79999995231628,24.5999984741211,6.08333349227905,15.6499996185303,15.716667175293,3.28333330154419,1015,108,63,15.8454093933105,297,210,210,285,1232.10192871094
"S07T07P10",7,7,"2/17/2024","ZAR + BRY","pauciflora","Namadgi, Mt Franklin Road",148.7958075,-35.40021858,"5/1/2024","alive","spare",NA,NA,9.54583358764648,10.6916666030884,43.4620628356934,506.581512451172,22.7999992370605,-1.79999995231628,24.5999984741211,6.08333349227905,15.6499996185303,15.716667175293,3.28333330154419,1015,108,63,15.8454093933105,297,210,210,285,1232.10192871094
"S07T07P11",7,7,"2/17/2024","ZAR + BRY","pauciflora","Namadgi, Mt Franklin Road",148.7958075,-35.40021858,"5/1/2024","alive","spare",NA,NA,9.54583358764648,10.6916666030884,43.4620628356934,506.581512451172,22.7999992370605,-1.79999995231628,24.5999984741211,6.08333349227905,15.6499996185303,15.716667175293,3.28333330154419,1015,108,63,15.8454093933105,297,210,210,285,1232.10192871094
"S07T07P13",7,7,"2/17/2024","ZAR + BRY","pauciflora","Namadgi, Mt Franklin Road",148.7958075,-35.40021858,"5/1/2024","alive","spare",NA,NA,9.54583358764648,10.6916666030884,43.4620628356934,506.581512451172,22.7999992370605,-1.79999995231628,24.5999984741211,6.08333349227905,15.6499996185303,15.716667175293,3.28333330154419,1015,108,63,15.8454093933105,297,210,210,285,1232.10192871094
"S07T07P14",7,7,"2/17/2024","ZAR + BRY","pauciflora","Namadgi, Mt Franklin Road",148.7958075,-35.40021858,"5/1/2024","alive","spare",NA,NA,9.54583358764648,10.6916666030884,43.4620628356934,506.581512451172,22.7999992370605,-1.79999995231628,24.5999984741211,6.08333349227905,15.6499996185303,15.716667175293,3.28333330154419,1015,108,63,15.8454093933105,297,210,210,285,1232.10192871094
"S07T07P19",7,7,"2/17/2024","ZAR + BRY","pauciflora","Namadgi, Mt Franklin Road",148.7958075,-35.40021858,"5/14/2024","alive","spare",NA,NA,9.54583358764648,10.6916666030884,43.4620628356934,506.581512451172,22.7999992370605,-1.79999995231628,24.5999984741211,6.08333349227905,15.6499996185303,15.716667175293,3.28333330154419,1015,108,63,15.8454093933105,297,210,210,285,1232.10192871094
"S07T08P05",7,8,"2/17/2024","ZAR + BRY","pauciflora","Namadgi, Mt Franklin Road",148.7965021,-35.40486114,"5/13/2024","alive","spare",NA,NA,9.54583358764648,10.6916666030884,43.4620628356934,506.581512451172,22.7999992370605,-1.79999995231628,24.5999984741211,6.08333349227905,15.6499996185303,15.716667175293,3.28333330154419,1015,108,63,15.8454093933105,297,210,210,285,1265.83581542969
"S08T05P05",8,5,"2/17/2024","ZAR + BRY","debeuzevillei","Namadgi, Mt Franklin Road",148.7731672,-35.54270223,"5/7/2024","alive","spare",NA,NA,7.29583311080933,9.32499980926514,40.1939659118652,503.467346191406,20,-3.20000004768372,23.2000007629395,3.7666666507721,13.3666667938232,13.4166669845581,1.06666672229767,1000,104,67,14.6220779418945,294,212,219,270,1591.07348632812
"S10T06P03",10,6,"0/05/2023","BRY","hedraia","Falls Creek/Bogong",147.2842634,-36.77229158,"5/8/2024","alive","spare",NA,NA,7.32499980926514,8.26666641235352,37.575756072998,501.450164794922,19.7000007629395,-2.29999995231628,22,1.23333334922791,13.533332824707,13.533332824707,1.23333334922791,1470,173,70,25.3304977416992,470,254,254,470,1416.79943847656
"S10T15P07",10,15,"0/05/2023","BRY","niphophila","Falls Creek/Bogong",147.2816119,-36.92711515,"5/13/2024","alive","spare",NA,NA,5.90416669845581,8.22499942779541,38.2558135986328,498.317413330078,18.2999992370605,-3.20000004768372,21.5,-0.150000020861626,12.0833330154419,12.0833330154419,-0.150000020861626,1669,182,81,24.4452114105225,527,284,284,527,1820.32019042969
"S11T01P03",11,1,"0/05/2023","BRY","pauciflora","Falls Creek/Bogong",147.297255,-36.71530832,"5/1/2024","alive","spare",NA,NA,8.06666660308838,8.65000057220459,38.7892379760742,495.866271972656,20.6000003814697,-1.70000004768372,22.3000011444092,2.06666660308838,14.216667175293,14.216667175293,2.06666660308838,1436,161,66,26.7405071258545,466,241,241,466,1442.45153808594
"S11T01P06",11,1,"0/05/2023","BRY","pauciflora","Falls Creek/Bogong",147.297255,-36.71530832,"5/1/2024","alive","spare",NA,NA,8.06666660308838,8.65000057220459,38.7892379760742,495.866271972656,20.6000003814697,-1.70000004768372,22.3000011444092,2.06666660308838,14.216667175293,14.216667175293,2.06666660308838,1436,161,66,26.7405071258545,466,241,241,466,1442.45153808594
"S11T01P08",11,1,"0/05/2023","BRY","pauciflora","Falls Creek/Bogong",147.297255,-36.71530832,"5/1/2024","alive","spare",NA,NA,8.06666660308838,8.65000057220459,38.7892379760742,495.866271972656,20.6000003814697,-1.70000004768372,22.3000011444092,2.06666660308838,14.216667175293,14.216667175293,2.06666660308838,1436,161,66,26.7405071258545,466,241,241,466,1442.45153808594
"S11T01P09",11,1,"0/05/2023","BRY","pauciflora","Falls Creek/Bogong",147.297255,-36.71530832,"5/1/2024","alive","spare",NA,NA,8.06666660308838,8.65000057220459,38.7892379760742,495.866271972656,20.6000003814697,-1.70000004768372,22.3000011444092,2.06666660308838,14.216667175293,14.216667175293,2.06666660308838,1436,161,66,26.7405071258545,466,241,241,466,1442.45153808594
"S11T01P10",11,1,"0/05/2023","BRY","pauciflora","Falls Creek/Bogong",147.297255,-36.71530832,"5/1/2024","alive","spare",NA,NA,8.06666660308838,8.65000057220459,38.7892379760742,495.866271972656,20.6000003814697,-1.70000004768372,22.3000011444092,2.06666660308838,14.216667175293,14.216667175293,2.06666660308838,1436,161,66,26.7405071258545,466,241,241,466,1442.45153808594
"S11T01P11",11,1,"0/05/2023","BRY","pauciflora","Falls Creek/Bogong",147.297255,-36.71530832,"5/1/2024","alive","spare",NA,NA,8.06666660308838,8.65000057220459,38.7892379760742,495.866271972656,20.6000003814697,-1.70000004768372,22.3000011444092,2.06666660308838,14.216667175293,14.216667175293,2.06666660308838,1436,161,66,26.7405071258545,466,241,241,466,1442.45153808594
"S11T01P13",11,1,"0/05/2023","BRY","pauciflora","Falls Creek/Bogong",147.297255,-36.71530832,"5/1/2024","alive","spare",NA,NA,8.06666660308838,8.65000057220459,38.7892379760742,495.866271972656,20.6000003814697,-1.70000004768372,22.3000011444092,2.06666660308838,14.216667175293,14.216667175293,2.06666660308838,1436,161,66,26.7405071258545,466,241,241,466,1442.45153808594
"S11T01P18",11,1,"0/05/2023","BRY","pauciflora","Falls Creek/Bogong",147.297255,-36.71530832,"5/1/2024","alive","spare",NA,NA,8.06666660308838,8.65000057220459,38.7892379760742,495.866271972656,20.6000003814697,-1.70000004768372,22.3000011444092,2.06666660308838,14.216667175293,14.216667175293,2.06666660308838,1436,161,66,26.7405071258545,466,241,241,466,1442.45153808594
"S11T01P19",11,1,"0/05/2023","BRY","pauciflora","Falls Creek/Bogong",147.297255,-36.71530832,"5/1/2024","alive","spare",NA,NA,8.06666660308838,8.65000057220459,38.7892379760742,495.866271972656,20.6000003814697,-1.70000004768372,22.3000011444092,2.06666660308838,14.216667175293,14.216667175293,2.06666660308838,1436,161,66,26.7405071258545,466,241,241,466,1442.45153808594
"S11T01P20",11,1,"0/05/2023","BRY","pauciflora","Falls Creek/Bogong",147.297255,-36.71530832,"5/1/2024","alive","spare",NA,NA,8.06666660308838,8.65000057220459,38.7892379760742,495.866271972656,20.6000003814697,-1.70000004768372,22.3000011444092,2.06666660308838,14.216667175293,14.216667175293,2.06666660308838,1436,161,66,26.7405071258545,466,241,241,466,1442.45153808594
"S11T01P26",11,1,"0/05/2023","BRY","pauciflora","Falls Creek/Bogong",147.297255,-36.71530832,"5/14/2024","alive","spare",NA,NA,8.06666660308838,8.65000057220459,38.7892379760742,495.866271972656,20.6000003814697,-1.70000004768372,22.3000011444092,2.06666660308838,14.216667175293,14.216667175293,2.06666660308838,1436,161,66,26.7405071258545,466,241,241,466,1442.45153808594
"S11T02P05",11,2,"0/05/2023","BRY","pauciflora","Falls Creek/Bogong",147.2949949,-36.71321879,"5/1/2024","alive","spare",NA,NA,8.06666660308838,8.65000057220459,38.7892379760742,495.866271972656,20.6000003814697,-1.70000004768372,22.3000011444092,2.06666660308838,14.216667175293,14.216667175293,2.06666660308838,1436,161,66,26.7405071258545,466,241,241,466,1436.73229980469
"S11T02P09",11,2,"0/05/2023","BRY","pauciflora","Falls Creek/Bogong",147.2949949,-36.71321879,"5/1/2024","alive","spare",NA,NA,8.06666660308838,8.65000057220459,38.7892379760742,495.866271972656,20.6000003814697,-1.70000004768372,22.3000011444092,2.06666660308838,14.216667175293,14.216667175293,2.06666660308838,1436,161,66,26.7405071258545,466,241,241,466,1436.73229980469
"S11T02P16",11,2,"0/05/2023","BRY","pauciflora","Falls Creek/Bogong",147.2949949,-36.71321879,"5/14/2024","alive","spare",NA,NA,8.06666660308838,8.65000057220459,38.7892379760742,495.866271972656,20.6000003814697,-1.70000004768372,22.3000011444092,2.06666660308838,14.216667175293,14.216667175293,2.06666660308838,1436,161,66,26.7405071258545,466,241,241,466,1436.73229980469
"S11T04P01",11,4,"0/05/2023","BRY","pauciflora","Falls Creek/Bogong",147.3110202,-36.71336842,"5/7/2024","alive","spare",NA,NA,7.59583330154419,8.2083330154419,37.652904510498,495.701782226562,19.8999996185303,-1.89999997615814,21.7999992370605,1.61666667461395,13.7666664123535,13.7666664123535,1.61666667461395,1515,171,71,25.3477573394775,483,259,259,483,1489.41674804688
"S11T04P03",11,4,"0/05/2023","BRY","pauciflora","Falls Creek/Bogong",147.3110202,-36.71336842,"5/7/2024","alive","spare",NA,NA,7.59583330154419,8.2083330154419,37.652904510498,495.701782226562,19.8999996185303,-1.89999997615814,21.7999992370605,1.61666667461395,13.7666664123535,13.7666664123535,1.61666667461395,1515,171,71,25.3477573394775,483,259,259,483,1489.41674804688
"S11T04P05",11,4,"0/05/2023","BRY","pauciflora","Falls Creek/Bogong",147.3110202,-36.71336842,"5/7/2024","alive","spare",NA,NA,7.59583330154419,8.2083330154419,37.652904510498,495.701782226562,19.8999996185303,-1.89999997615814,21.7999992370605,1.61666667461395,13.7666664123535,13.7666664123535,1.61666667461395,1515,171,71,25.3477573394775,483,259,259,483,1489.41674804688
"S11T04P06",11,4,"0/05/2023","BRY","pauciflora","Falls Creek/Bogong",147.3110202,-36.71336842,"5/7/2024","alive","spare",NA,NA,7.59583330154419,8.2083330154419,37.652904510498,495.701782226562,19.8999996185303,-1.89999997615814,21.7999992370605,1.61666667461395,13.7666664123535,13.7666664123535,1.61666667461395,1515,171,71,25.3477573394775,483,259,259,483,1489.41674804688
"S11T04P07",11,4,"0/05/2023","BRY","pauciflora","Falls Creek/Bogong",147.3110202,-36.71336842,"5/7/2024","alive","spare",NA,NA,7.59583330154419,8.2083330154419,37.652904510498,495.701782226562,19.8999996185303,-1.89999997615814,21.7999992370605,1.61666667461395,13.7666664123535,13.7666664123535,1.61666667461395,1515,171,71,25.3477573394775,483,259,259,483,1489.41674804688
"S11T04P08",11,4,"0/05/2023","BRY","pauciflora","Falls Creek/Bogong",147.3110202,-36.71336842,"5/7/2024","alive","spare",NA,NA,7.59583330154419,8.2083330154419,37.652904510498,495.701782226562,19.8999996185303,-1.89999997615814,21.7999992370605,1.61666667461395,13.7666664123535,13.7666664123535,1.61666667461395,1515,171,71,25.3477573394775,483,259,259,483,1489.41674804688
"S11T04P09",11,4,"0/05/2023","BRY","pauciflora","Falls Creek/Bogong",147.3110202,-36.71336842,"5/7/2024","alive","spare",NA,NA,7.59583330154419,8.2083330154419,37.652904510498,495.701782226562,19.8999996185303,-1.89999997615814,21.7999992370605,1.61666667461395,13.7666664123535,13.7666664123535,1.61666667461395,1515,171,71,25.3477573394775,483,259,259,483,1489.41674804688
"S11T04P13",11,4,"0/05/2023","BRY","pauciflora","Falls Creek/Bogong",147.3110202,-36.71336842,"5/7/2024","alive","spare",NA,NA,7.59583330154419,8.2083330154419,37.652904510498,495.701782226562,19.8999996185303,-1.89999997615814,21.7999992370605,1.61666667461395,13.7666664123535,13.7666664123535,1.61666667461395,1515,171,71,25.3477573394775,483,259,259,483,1489.41674804688
"S11T04P18",11,4,"0/05/2023","BRY","pauciflora","Falls Creek/Bogong",147.3110202,-36.71336842,"5/7/2024","alive","spare",NA,NA,7.59583330154419,8.2083330154419,37.652904510498,495.701782226562,19.8999996185303,-1.89999997615814,21.7999992370605,1.61666667461395,13.7666664123535,13.7666664123535,1.61666667461395,1515,171,71,25.3477573394775,483,259,259,483,1489.41674804688
"S11T04P19",11,4,"0/05/2023","BRY","pauciflora","Falls Creek/Bogong",147.3110202,-36.71336842,"5/7/2024","alive","spare",NA,NA,7.59583330154419,8.2083330154419,37.652904510498,495.701782226562,19.8999996185303,-1.89999997615814,21.7999992370605,1.61666667461395,13.7666664123535,13.7666664123535,1.61666667461395,1515,171,71,25.3477573394775,483,259,259,483,1489.41674804688
"S11T04P21",11,4,"0/05/2023","BRY","pauciflora","Falls Creek/Bogong",147.3110202,-36.71336842,"5/7/2024","alive","spare",NA,NA,7.59583330154419,8.2083330154419,37.652904510498,495.701782226562,19.8999996185303,-1.89999997615814,21.7999992370605,1.61666667461395,13.7666664123535,13.7666664123535,1.61666667461395,1515,171,71,25.3477573394775,483,259,259,483,1489.41674804688
"S12T05P04",12,5,"5/29/2020","MON","pauciflora","Armidale",151.8763137,-30.13955858,"5/13/2024","alive","spare",NA,NA,11.7624998092651,10.6416664123535,46.4701614379883,461.770935058594,23.2999992370605,0.400000005960464,22.8999996185303,17.2333335876465,5.81666660308838,17.2333335876465,5.81666660308838,954,143,43,40.359203338623,377,141,377,141,1324.46252441406
"S12T05P11",12,5,"5/29/2020","MON","pauciflora","Armidale",151.8763137,-30.13955858,"5/13/2024","alive","spare",NA,NA,11.7624998092651,10.6416664123535,46.4701614379883,461.770935058594,23.2999992370605,0.400000005960464,22.8999996185303,17.2333335876465,5.81666660308838,17.2333335876465,5.81666660308838,954,143,43,40.359203338623,377,141,377,141,1324.46252441406
"S12T05P13",12,5,"5/29/2020","MON","pauciflora","Armidale",151.8763137,-30.13955858,"5/14/2024","alive","spare",NA,NA,11.7624998092651,10.6416664123535,46.4701614379883,461.770935058594,23.2999992370605,0.400000005960464,22.8999996185303,17.2333335876465,5.81666660308838,17.2333335876465,5.81666660308838,954,143,43,40.359203338623,377,141,377,141,1324.46252441406
"S12T06P01",12,6,"5/30/2020","MON","pauciflora","Armidale",151.9918547,-30.51419373,"5/6/2024","alive","spare",NA,NA,13.4499998092651,12.0333337783813,48.7179489135742,468.493713378906,25.7000007629395,1,24.7000007629395,19.0166664123535,7.38333320617676,19.0166664123535,7.38333320617676,842,126,30,42.833927154541,335,114,335,114,996.149841308594
"S12T06P02",12,6,"5/30/2020","MON","pauciflora","Armidale",151.9918547,-30.51419373,"5/6/2024","alive","spare",NA,NA,13.4499998092651,12.0333337783813,48.7179489135742,468.493713378906,25.7000007629395,1,24.7000007629395,19.0166664123535,7.38333320617676,19.0166664123535,7.38333320617676,842,126,30,42.833927154541,335,114,335,114,996.149841308594
"S12T07P03",12,7,"5/30/2020","MON","pauciflora","Armidale",151.5484831,-30.67975987,"5/14/2024","alive","spare",NA,NA,13.0958337783813,13.3083333969116,50.2201271057129,500.724304199219,26.3999996185303,-0.100000001490116,26.5,17.9500007629395,10.25,19.0666675567627,6.66666650772095,797,112,44,33.2248725891113,291,141,290,141,1041.24426269531
"S12T10P09",12,10,"6/2/2020","MON","pauciflora","Armidale",151.5809935,-30.96356189,"5/13/2024","alive","spare",NA,NA,12.7208337783813,13.5249996185303,51.0377349853516,495.724700927734,26.1000003814697,-0.400000005960464,26.5,18.6499996185303,6.36666679382324,18.6499996185303,6.36666679382324,825,118,45,33.4566078186035,301,147,301,147,1078.83056640625
"S12T10P14",12,10,"6/2/2020","MON","pauciflora","Armidale",151.5809935,-30.96356189,"5/13/2024","alive","spare",NA,NA,12.7208337783813,13.5249996185303,51.0377349853516,495.724700927734,26.1000003814697,-0.400000005960464,26.5,18.6499996185303,6.36666679382324,18.6499996185303,6.36666679382324,825,118,45,33.4566078186035,301,147,301,147,1078.83056640625
"S13T05P01",13,5,"7/2/2020","MON","pauciflora","Goulburn",149.5035819,-34.43456833,"5/3/2024","alive","spare",NA,NA,11.5583333969116,12.2833337783813,47.0625801086426,513.804138183594,25.7000007629395,-0.400000005960464,26.1000003814697,8.25,15.5,17.9333343505859,5.21666669845581,808,80,55,14.1103601455688,234,168,193,218,934.766418457031
"S13T05P03",13,5,"7/2/2020","MON","pauciflora","Goulburn",149.5035819,-34.43456833,"5/3/2024","alive","spare",NA,NA,11.5583333969116,12.2833337783813,47.0625801086426,513.804138183594,25.7000007629395,-0.400000005960464,26.1000003814697,8.25,15.5,17.9333343505859,5.21666669845581,808,80,55,14.1103601455688,234,168,193,218,934.766418457031
"S13T05P10",13,5,"7/2/2020","MON","pauciflora","Goulburn",149.5035819,-34.43456833,"5/3/2024","alive","spare",NA,NA,11.5583333969116,12.2833337783813,47.0625801086426,513.804138183594,25.7000007629395,-0.400000005960464,26.1000003814697,8.25,15.5,17.9333343505859,5.21666669845581,808,80,55,14.1103601455688,234,168,193,218,934.766418457031
"S13T05P11",13,5,"7/2/2020","MON","pauciflora","Goulburn",149.5035819,-34.43456833,"5/3/2024","alive","spare",NA,NA,11.5583333969116,12.2833337783813,47.0625801086426,513.804138183594,25.7000007629395,-0.400000005960464,26.1000003814697,8.25,15.5,17.9333343505859,5.21666669845581,808,80,55,14.1103601455688,234,168,193,218,934.766418457031
"S13T05P12",13,5,"7/2/2020","MON","pauciflora","Goulburn",149.5035819,-34.43456833,"5/3/2024","alive","spare",NA,NA,11.5583333969116,12.2833337783813,47.0625801086426,513.804138183594,25.7000007629395,-0.400000005960464,26.1000003814697,8.25,15.5,17.9333343505859,5.21666669845581,808,80,55,14.1103601455688,234,168,193,218,934.766418457031
"S13T05P18",13,5,"7/2/2020","MON","pauciflora","Goulburn",149.5035819,-34.43456833,"5/3/2024","alive","spare",NA,NA,11.5583333969116,12.2833337783813,47.0625801086426,513.804138183594,25.7000007629395,-0.400000005960464,26.1000003814697,8.25,15.5,17.9333343505859,5.21666669845581,808,80,55,14.1103601455688,234,168,193,218,934.766418457031
"S13T06P13",13,6,"7/2/2020","MON","pauciflora","Goulburn",149.5468598,-34.36981226,"5/14/2024","alive","spare",NA,NA,12,12.7166662216187,47.9874229431152,512.498352050781,26.2999992370605,-0.200000002980232,26.5,8.73333358764648,15.8999996185303,18.3666667938232,5.68333339691162,776,79,55,13.6103963851929,220,165,192,199,861.792175292969
"S13T09P01",13,9,"7/2/2020","MON","pauciflora","Goulburn",149.7970744,-34.38220076,"5/14/2024","alive","spare",NA,NA,11.8999996185303,12.25,47.8515625,495.112487792969,25.6000003814697,0,25.6000003814697,17.7000007629395,6.63333320617676,18,5.73333311080933,864,89,65,9.50864696502686,236,199,225,207,859.400085449219
"S13T09P04",13,9,"7/2/2020","MON","pauciflora","Goulburn",149.7970744,-34.38220076,"5/14/2024","alive","spare",NA,NA,11.8999996185303,12.25,47.8515625,495.112487792969,25.6000003814697,0,25.6000003814697,17.7000007629395,6.63333320617676,18,5.73333311080933,864,89,65,9.50864696502686,236,199,225,207,859.400085449219
"S13T09P08",13,9,"7/2/2020","MON","pauciflora","Goulburn",149.7970744,-34.38220076,"5/14/2024","alive","spare",NA,NA,11.8999996185303,12.25,47.8515625,495.112487792969,25.6000003814697,0,25.6000003814697,17.7000007629395,6.63333320617676,18,5.73333311080933,864,89,65,9.50864696502686,236,199,225,207,859.400085449219
"S13T09P13",13,9,"7/2/2020","MON","pauciflora","Goulburn",149.7970744,-34.38220076,"5/14/2024","alive","spare",NA,NA,11.8999996185303,12.25,47.8515625,495.112487792969,25.6000003814697,0,25.6000003814697,17.7000007629395,6.63333320617676,18,5.73333311080933,864,89,65,9.50864696502686,236,199,225,207,859.400085449219
"S13T09P16",13,9,"7/2/2020","MON","pauciflora","Goulburn",149.7970744,-34.38220076,"5/14/2024","alive","spare",NA,NA,11.8999996185303,12.25,47.8515625,495.112487792969,25.6000003814697,0,25.6000003814697,17.7000007629395,6.63333320617676,18,5.73333311080933,864,89,65,9.50864696502686,236,199,225,207,859.400085449219
"S13T09P18",13,9,"7/2/2020","MON","pauciflora","Goulburn",149.7970744,-34.38220076,"5/14/2024","alive","spare",NA,NA,11.8999996185303,12.25,47.8515625,495.112487792969,25.6000003814697,0,25.6000003814697,17.7000007629395,6.63333320617676,18,5.73333311080933,864,89,65,9.50864696502686,236,199,225,207,859.400085449219
"S13T09P19",13,9,"7/2/2020","MON","pauciflora","Goulburn",149.7970744,-34.38220076,"5/14/2024","alive","spare",NA,NA,11.8999996185303,12.25,47.8515625,495.112487792969,25.6000003814697,0,25.6000003814697,17.7000007629395,6.63333320617676,18,5.73333311080933,864,89,65,9.50864696502686,236,199,225,207,859.400085449219
"S13T09P20",13,9,"7/2/2020","MON","pauciflora","Goulburn",149.7970744,-34.38220076,"5/14/2024","alive","spare",NA,NA,11.8999996185303,12.25,47.8515625,495.112487792969,25.6000003814697,0,25.6000003814697,17.7000007629395,6.63333320617676,18,5.73333311080933,864,89,65,9.50864696502686,236,199,225,207,859.400085449219
"S14T01P10",14,1,"2/13/2021","MON","pauciflora","Kosciuszko",148.659136,-36.195428,"5/2/2024","alive","spare",NA,NA,9.35000038146973,12.3999996185303,46.6165428161621,508.044372558594,23.8999996185303,-2.70000004768372,26.6000003814697,8.71666622161865,13.283332824707,15.5833330154419,3.05000019073486,858,89,58,13.3275671005249,257,194,198,203,1208.89929199219
"S14T01P12",14,1,"2/13/2021","MON","pauciflora","Kosciuszko",148.659136,-36.195428,"5/2/2024","alive","spare",NA,NA,9.35000038146973,12.3999996185303,46.6165428161621,508.044372558594,23.8999996185303,-2.70000004768372,26.6000003814697,8.71666622161865,13.283332824707,15.5833330154419,3.05000019073486,858,89,58,13.3275671005249,257,194,198,203,1208.89929199219
"S14T01P13",14,1,"2/13/2021","MON","pauciflora","Kosciuszko",148.659136,-36.195428,"5/2/2024","alive","spare",NA,NA,9.35000038146973,12.3999996185303,46.6165428161621,508.044372558594,23.8999996185303,-2.70000004768372,26.6000003814697,8.71666622161865,13.283332824707,15.5833330154419,3.05000019073486,858,89,58,13.3275671005249,257,194,198,203,1208.89929199219
"S14T02P03",14,2,"2/13/2021","MON","pauciflora","Kosciuszko",148.645476,-36.187429,"5/8/2024","alive","spare",NA,NA,9.56666660308838,12.5500001907349,47.1804504394531,508.126403808594,24.1000003814697,-2.5,26.6000003814697,8.93333339691162,4.34999990463257,15.8000001907349,3.28333330154419,814,84,56,13.6400537490845,244,180,192,191,1144.85620117188
"S14T02P17",14,2,"2/13/2021","MON","pauciflora","Kosciuszko",148.645476,-36.187429,"5/8/2024","alive","spare",NA,NA,9.56666660308838,12.5500001907349,47.1804504394531,508.126403808594,24.1000003814697,-2.5,26.6000003814697,8.93333339691162,4.34999990463257,15.8000001907349,3.28333330154419,814,84,56,13.6400537490845,244,180,192,191,1144.85620117188
"S14T03P09",14,3,"2/14/2021","MON","pauciflora","Kosciuszko",148.607773,-36.196721,"5/8/2024","alive","spare",NA,NA,8.75,10.966667175293,44.2204322814941,501.479644775391,22.2999992370605,-2.5,24.7999992370605,8.0833330154419,14.8166666030884,14.8666667938232,2.54999995231628,1064,112,66,13.8179807662964,316,228,230,269,1317.79016113281
"S14T04P09",14,4,"2/14/2021","MON","pauciflora","Kosciuszko",148.614017,-36.190743,"5/7/2024","alive","spare",NA,NA,9.20416641235352,11.625,45.5882339477539,503.277709960938,23.1000003814697,-2.40000009536743,25.5,8.56666660308838,13.1499996185303,15.3500003814697,2.96666669845581,926,96,60,13.2931938171387,276,203,210,226,1268.56896972656
"S14T07P06",14,7,"2/14/2021","MON","pauciflora","Kosciuszko",148.628114,-36.182397,"5/8/2024","alive","spare",NA,NA,9.76666641235352,12.4833335876465,47.2853507995605,505.745758056641,24.1000003814697,-2.29999995231628,26.3999996185303,9.18333339691162,7,15.966667175293,3.50000023841858,774,81,53,14.0304050445557,232,170,184,182,1101.10754394531
"S14T07P07",14,7,"2/14/2021","MON","pauciflora","Kosciuszko",148.628114,-36.182397,"5/8/2024","alive","spare",NA,NA,9.76666641235352,12.4833335876465,47.2853507995605,505.745758056641,24.1000003814697,-2.29999995231628,26.3999996185303,9.18333339691162,7,15.966667175293,3.50000023841858,774,81,53,14.0304050445557,232,170,184,182,1101.10754394531
"S14T07P08",14,7,"2/14/2021","MON","pauciflora","Kosciuszko",148.628114,-36.182397,"5/8/2024","alive","spare",NA,NA,9.76666641235352,12.4833335876465,47.2853507995605,505.745758056641,24.1000003814697,-2.29999995231628,26.3999996185303,9.18333339691162,7,15.966667175293,3.50000023841858,774,81,53,14.0304050445557,232,170,184,182,1101.10754394531
"S14T07P11",14,7,"2/14/2021","MON","pauciflora","Kosciuszko",148.628114,-36.182397,"5/8/2024","alive","spare",NA,NA,9.76666641235352,12.4833335876465,47.2853507995605,505.745758056641,24.1000003814697,-2.29999995231628,26.3999996185303,9.18333339691162,7,15.966667175293,3.50000023841858,774,81,53,14.0304050445557,232,170,184,182,1101.10754394531
"S14T07P15",14,7,"2/14/2021","MON","pauciflora","Kosciuszko",148.628114,-36.182397,"5/8/2024","alive","spare",NA,NA,9.76666641235352,12.4833335876465,47.2853507995605,505.745758056641,24.1000003814697,-2.29999995231628,26.3999996185303,9.18333339691162,7,15.966667175293,3.50000023841858,774,81,53,14.0304050445557,232,170,184,182,1101.10754394531
"S14T07P17",14,7,"2/14/2021","MON","pauciflora","Kosciuszko",148.628114,-36.182397,"5/8/2024","alive","spare",NA,NA,9.76666641235352,12.4833335876465,47.2853507995605,505.745758056641,24.1000003814697,-2.29999995231628,26.3999996185303,9.18333339691162,7,15.966667175293,3.50000023841858,774,81,53,14.0304050445557,232,170,184,182,1101.10754394531
"S05T04P02",5,4,"2/9/2024","ZAR + BRY","lacrimans","Long Plain",148.5658463,-35.6554796,"5/2/2024","damaged","EL",NA,NA,7.97916650772095,11.2083330154419,44.6547164916992,514.42578125,21.7999992370605,-3.29999995231628,25.0999984741211,2.36666655540466,14.1833333969116,14.25,1.58333337306976,1201,138,65,22.4105682373047,379,219,237,371,1375.84680175781
"S05T04P05",5,4,"2/9/2024","ZAR + BRY","lacrimans","Long Plain",148.5658463,-35.6554796,"5/2/2024","damaged","EL",NA,NA,7.97916650772095,11.2083330154419,44.6547164916992,514.42578125,21.7999992370605,-3.29999995231628,25.0999984741211,2.36666655540466,14.1833333969116,14.25,1.58333337306976,1201,138,65,22.4105682373047,379,219,237,371,1375.84680175781
"S05T04P06",5,4,"2/9/2024","ZAR + BRY","lacrimans","Long Plain",148.5658463,-35.6554796,"5/2/2024","damaged","EL",NA,NA,7.97916650772095,11.2083330154419,44.6547164916992,514.42578125,21.7999992370605,-3.29999995231628,25.0999984741211,2.36666655540466,14.1833333969116,14.25,1.58333337306976,1201,138,65,22.4105682373047,379,219,237,371,1375.84680175781
"S05T04P07",5,4,"2/9/2024","ZAR + BRY","lacrimans","Long Plain",148.5658463,-35.6554796,"5/2/2024","damaged","EL",NA,NA,7.97916650772095,11.2083330154419,44.6547164916992,514.42578125,21.7999992370605,-3.29999995231628,25.0999984741211,2.36666655540466,14.1833333969116,14.25,1.58333337306976,1201,138,65,22.4105682373047,379,219,237,371,1375.84680175781
"S05T04P08",5,4,"2/9/2024","ZAR + BRY","lacrimans","Long Plain",148.5658463,-35.6554796,"5/2/2024","damaged","EL",NA,NA,7.97916650772095,11.2083330154419,44.6547164916992,514.42578125,21.7999992370605,-3.29999995231628,25.0999984741211,2.36666655540466,14.1833333969116,14.25,1.58333337306976,1201,138,65,22.4105682373047,379,219,237,371,1375.84680175781
"S05T04P09",5,4,"2/9/2024","ZAR + BRY","lacrimans","Long Plain",148.5658463,-35.6554796,"5/2/2024","damaged","El",NA,NA,7.97916650772095,11.2083330154419,44.6547164916992,514.42578125,21.7999992370605,-3.29999995231628,25.0999984741211,2.36666655540466,14.1833333969116,14.25,1.58333337306976,1201,138,65,22.4105682373047,379,219,237,371,1375.84680175781
"S05T04P10",5,4,"2/9/2024","ZAR + BRY","lacrimans","Long Plain",148.5658463,-35.6554796,"5/2/2024","damaged","EL",NA,NA,7.97916650772095,11.2083330154419,44.6547164916992,514.42578125,21.7999992370605,-3.29999995231628,25.0999984741211,2.36666655540466,14.1833333969116,14.25,1.58333337306976,1201,138,65,22.4105682373047,379,219,237,371,1375.84680175781
"S05T04P11",5,4,"2/9/2024","ZAR + BRY","lacrimans","Long Plain",148.5658463,-35.6554796,"5/2/2024","damaged","EL",NA,NA,7.97916650772095,11.2083330154419,44.6547164916992,514.42578125,21.7999992370605,-3.29999995231628,25.0999984741211,2.36666655540466,14.1833333969116,14.25,1.58333337306976,1201,138,65,22.4105682373047,379,219,237,371,1375.84680175781
"S05T04P12",5,4,"2/9/2024","ZAR + BRY","lacrimans","Long Plain",148.5658463,-35.6554796,"5/2/2024","damaged","EL",NA,NA,7.97916650772095,11.2083330154419,44.6547164916992,514.42578125,21.7999992370605,-3.29999995231628,25.0999984741211,2.36666655540466,14.1833333969116,14.25,1.58333337306976,1201,138,65,22.4105682373047,379,219,237,371,1375.84680175781
"S05T04P14",5,4,"2/9/2024","ZAR + BRY","lacrimans","Long Plain",148.5658463,-35.6554796,"5/2/2024","damaged","EL",NA,NA,7.97916650772095,11.2083330154419,44.6547164916992,514.42578125,21.7999992370605,-3.29999995231628,25.0999984741211,2.36666655540466,14.1833333969116,14.25,1.58333337306976,1201,138,65,22.4105682373047,379,219,237,371,1375.84680175781
"S05T04P15",5,4,"2/9/2024","ZAR + BRY","lacrimans","Long Plain",148.5658463,-35.6554796,"5/2/2024","damaged","EL",NA,NA,7.97916650772095,11.2083330154419,44.6547164916992,514.42578125,21.7999992370605,-3.29999995231628,25.0999984741211,2.36666655540466,14.1833333969116,14.25,1.58333337306976,1201,138,65,22.4105682373047,379,219,237,371,1375.84680175781
"S05T04P17",5,4,"2/9/2024","ZAR + BRY","lacrimans","Long Plain",148.5658463,-35.6554796,"5/2/2024","damaged","EL",NA,NA,7.97916650772095,11.2083330154419,44.6547164916992,514.42578125,21.7999992370605,-3.29999995231628,25.0999984741211,2.36666655540466,14.1833333969116,14.25,1.58333337306976,1201,138,65,22.4105682373047,379,219,237,371,1375.84680175781
"S05T04P22",5,4,"2/9/2024","ZAR + BRY","lacrimans","Long Plain",148.5658463,-35.6554796,"5/2/2024","damaged","EL",NA,NA,7.97916650772095,11.2083330154419,44.6547164916992,514.42578125,21.7999992370605,-3.29999995231628,25.0999984741211,2.36666655540466,14.1833333969116,14.25,1.58333337306976,1201,138,65,22.4105682373047,379,219,237,371,1375.84680175781
"S05T04P23",5,4,"2/9/2024","ZAR + BRY","lacrimans","Long Plain",148.5658463,-35.6554796,"5/2/2024","damaged","EL",NA,NA,7.97916650772095,11.2083330154419,44.6547164916992,514.42578125,21.7999992370605,-3.29999995231628,25.0999984741211,2.36666655540466,14.1833333969116,14.25,1.58333337306976,1201,138,65,22.4105682373047,379,219,237,371,1375.84680175781
"S05T04P24",5,4,"2/9/2024","ZAR + BRY","lacrimans","Long Plain",148.5658463,-35.6554796,"5/2/2024","damaged","EL",NA,NA,7.97916650772095,11.2083330154419,44.6547164916992,514.42578125,21.7999992370605,-3.29999995231628,25.0999984741211,2.36666655540466,14.1833333969116,14.25,1.58333337306976,1201,138,65,22.4105682373047,379,219,237,371,1375.84680175781
"S05T04P25",5,4,"2/9/2024","ZAR + BRY","lacrimans","Long Plain",148.5658463,-35.6554796,"5/2/2024","damaged","EL",NA,NA,7.97916650772095,11.2083330154419,44.6547164916992,514.42578125,21.7999992370605,-3.29999995231628,25.0999984741211,2.36666655540466,14.1833333969116,14.25,1.58333337306976,1201,138,65,22.4105682373047,379,219,237,371,1375.84680175781
"S05T04P26",5,4,"2/9/2024","ZAR + BRY","lacrimans","Long Plain",148.5658463,-35.6554796,"5/2/2024","damaged","EL",NA,NA,7.97916650772095,11.2083330154419,44.6547164916992,514.42578125,21.7999992370605,-3.29999995231628,25.0999984741211,2.36666655540466,14.1833333969116,14.25,1.58333337306976,1201,138,65,22.4105682373047,379,219,237,371,1375.84680175781
"S05T04P29",5,4,"2/9/2024","ZAR + BRY","lacrimans","Long Plain",148.5658463,-35.6554796,"5/2/2024","damaged","EL",NA,NA,7.97916650772095,11.2083330154419,44.6547164916992,514.42578125,21.7999992370605,-3.29999995231628,25.0999984741211,2.36666655540466,14.1833333969116,14.25,1.58333337306976,1201,138,65,22.4105682373047,379,219,237,371,1375.84680175781
"S05T04P30",5,4,"2/9/2024","ZAR + BRY","lacrimans","Long Plain",148.5658463,-35.6554796,"5/2/2024","damaged","EL",NA,NA,7.97916650772095,11.2083330154419,44.6547164916992,514.42578125,21.7999992370605,-3.29999995231628,25.0999984741211,2.36666655540466,14.1833333969116,14.25,1.58333337306976,1201,138,65,22.4105682373047,379,219,237,371,1375.84680175781
"S05T04P31",5,4,"2/9/2024","ZAR + BRY","lacrimans","Long Plain",148.5658463,-35.6554796,"5/7/2024","damaged","EL",NA,NA,7.97916650772095,11.2083330154419,44.6547164916992,514.42578125,21.7999992370605,-3.29999995231628,25.0999984741211,2.36666655540466,14.1833333969116,14.25,1.58333337306976,1201,138,65,22.4105682373047,379,219,237,371,1375.84680175781
"S05T04P33",5,4,"2/9/2024","ZAR + BRY","lacrimans","Long Plain",148.5658463,-35.6554796,"5/7/2024","damaged","EL",NA,NA,7.97916650772095,11.2083330154419,44.6547164916992,514.42578125,21.7999992370605,-3.29999995231628,25.0999984741211,2.36666655540466,14.1833333969116,14.25,1.58333337306976,1201,138,65,22.4105682373047,379,219,237,371,1375.84680175781
"S05T04P34",5,4,"2/9/2024","ZAR + BRY","lacrimans","Long Plain",148.5658463,-35.6554796,"5/7/2024","damaged","EL",NA,NA,7.97916650772095,11.2083330154419,44.6547164916992,514.42578125,21.7999992370605,-3.29999995231628,25.0999984741211,2.36666655540466,14.1833333969116,14.25,1.58333337306976,1201,138,65,22.4105682373047,379,219,237,371,1375.84680175781
"S05T04P39",5,4,"2/9/2024","ZAR + BRY","lacrimans","Long Plain",148.5658463,-35.6554796,"5/7/2024","damaged","EL",NA,NA,7.97916650772095,11.2083330154419,44.6547164916992,514.42578125,21.7999992370605,-3.29999995231628,25.0999984741211,2.36666655540466,14.1833333969116,14.25,1.58333337306976,1201,138,65,22.4105682373047,379,219,237,371,1375.84680175781
"S05T04P40",5,4,"2/9/2024","ZAR + BRY","lacrimans","Long Plain",148.5658463,-35.6554796,"5/7/2024","damaged","EL",NA,NA,7.97916650772095,11.2083330154419,44.6547164916992,514.42578125,21.7999992370605,-3.29999995231628,25.0999984741211,2.36666655540466,14.1833333969116,14.25,1.58333337306976,1201,138,65,22.4105682373047,379,219,237,371,1375.84680175781
"S05T04P41",5,4,"2/9/2024","ZAR + BRY","lacrimans","Long Plain",148.5658463,-35.6554796,"5/7/2024","damaged","El",NA,NA,7.97916650772095,11.2083330154419,44.6547164916992,514.42578125,21.7999992370605,-3.29999995231628,25.0999984741211,2.36666655540466,14.1833333969116,14.25,1.58333337306976,1201,138,65,22.4105682373047,379,219,237,371,1375.84680175781
"S05T04P43",5,4,"2/9/2024","ZAR + BRY","lacrimans","Long Plain",148.5658463,-35.6554796,"5/7/2024","damaged","EL",NA,NA,7.97916650772095,11.2083330154419,44.6547164916992,514.42578125,21.7999992370605,-3.29999995231628,25.0999984741211,2.36666655540466,14.1833333969116,14.25,1.58333337306976,1201,138,65,22.4105682373047,379,219,237,371,1375.84680175781
"S05T04P45",5,4,"2/9/2024","ZAR + BRY","lacrimans","Long Plain",148.5658463,-35.6554796,"5/7/2024","damaged","EL",NA,NA,7.97916650772095,11.2083330154419,44.6547164916992,514.42578125,21.7999992370605,-3.29999995231628,25.0999984741211,2.36666655540466,14.1833333969116,14.25,1.58333337306976,1201,138,65,22.4105682373047,379,219,237,371,1375.84680175781
"S05T04P46",5,4,"2/9/2024","ZAR + BRY","lacrimans","Long Plain",148.5658463,-35.6554796,"5/7/2024","damaged","EL",NA,NA,7.97916650772095,11.2083330154419,44.6547164916992,514.42578125,21.7999992370605,-3.29999995231628,25.0999984741211,2.36666655540466,14.1833333969116,14.25,1.58333337306976,1201,138,65,22.4105682373047,379,219,237,371,1375.84680175781
"S05T04P47",5,4,"2/9/2024","ZAR + BRY","lacrimans","Long Plain",148.5658463,-35.6554796,"5/7/2024","damaged","EL",NA,NA,7.97916650772095,11.2083330154419,44.6547164916992,514.42578125,21.7999992370605,-3.29999995231628,25.0999984741211,2.36666655540466,14.1833333969116,14.25,1.58333337306976,1201,138,65,22.4105682373047,379,219,237,371,1375.84680175781
"S05T04P48",5,4,"2/9/2024","ZAR + BRY","lacrimans","Long Plain",148.5658463,-35.6554796,"5/7/2024","damaged","EL",NA,NA,7.97916650772095,11.2083330154419,44.6547164916992,514.42578125,21.7999992370605,-3.29999995231628,25.0999984741211,2.36666655540466,14.1833333969116,14.25,1.58333337306976,1201,138,65,22.4105682373047,379,219,237,371,1375.84680175781
"S05T04P52",5,4,"2/9/2024","ZAR + BRY","lacrimans","Long Plain",148.5658463,-35.6554796,"5/7/2024","damaged","EL",NA,NA,7.97916650772095,11.2083330154419,44.6547164916992,514.42578125,21.7999992370605,-3.29999995231628,25.0999984741211,2.36666655540466,14.1833333969116,14.25,1.58333337306976,1201,138,65,22.4105682373047,379,219,237,371,1375.84680175781
"S05T04P53",5,4,"2/9/2024","ZAR + BRY","lacrimans","Long Plain",148.5658463,-35.6554796,"5/7/2024","damaged","EL",NA,NA,7.97916650772095,11.2083330154419,44.6547164916992,514.42578125,21.7999992370605,-3.29999995231628,25.0999984741211,2.36666655540466,14.1833333969116,14.25,1.58333337306976,1201,138,65,22.4105682373047,379,219,237,371,1375.84680175781
"S05T04P54",5,4,"2/9/2024","ZAR + BRY","lacrimans","Long Plain",148.5658463,-35.6554796,"5/7/2024","damaged","EL",NA,NA,7.97916650772095,11.2083330154419,44.6547164916992,514.42578125,21.7999992370605,-3.29999995231628,25.0999984741211,2.36666655540466,14.1833333969116,14.25,1.58333337306976,1201,138,65,22.4105682373047,379,219,237,371,1375.84680175781
"S05T04P55",5,4,"2/9/2024","ZAR + BRY","lacrimans","Long Plain",148.5658463,-35.6554796,"5/7/2024","damaged","EL",NA,NA,7.97916650772095,11.2083330154419,44.6547164916992,514.42578125,21.7999992370605,-3.29999995231628,25.0999984741211,2.36666655540466,14.1833333969116,14.25,1.58333337306976,1201,138,65,22.4105682373047,379,219,237,371,1375.84680175781
"S05T04P56",5,4,"2/9/2024","ZAR + BRY","lacrimans","Long Plain",148.5658463,-35.6554796,"5/7/2024","damaged","EL",NA,NA,7.97916650772095,11.2083330154419,44.6547164916992,514.42578125,21.7999992370605,-3.29999995231628,25.0999984741211,2.36666655540466,14.1833333969116,14.25,1.58333337306976,1201,138,65,22.4105682373047,379,219,237,371,1375.84680175781
"S05T04P57",5,4,"2/9/2024","ZAR + BRY","lacrimans","Long Plain",148.5658463,-35.6554796,"5/7/2024","damaged","EL",NA,NA,7.97916650772095,11.2083330154419,44.6547164916992,514.42578125,21.7999992370605,-3.29999995231628,25.0999984741211,2.36666655540466,14.1833333969116,14.25,1.58333337306976,1201,138,65,22.4105682373047,379,219,237,371,1375.84680175781
"S05T04P59",5,4,"2/9/2024","ZAR + BRY","lacrimans","Long Plain",148.5658463,-35.6554796,"5/7/2024","damaged","EL",NA,NA,7.97916650772095,11.2083330154419,44.6547164916992,514.42578125,21.7999992370605,-3.29999995231628,25.0999984741211,2.36666655540466,14.1833333969116,14.25,1.58333337306976,1201,138,65,22.4105682373047,379,219,237,371,1375.84680175781
"S05T04P60",5,4,"2/9/2024","ZAR + BRY","lacrimans","Long Plain",148.5658463,-35.6554796,"5/7/2024","damaged","EL",NA,NA,7.97916650772095,11.2083330154419,44.6547164916992,514.42578125,21.7999992370605,-3.29999995231628,25.0999984741211,2.36666655540466,14.1833333969116,14.25,1.58333337306976,1201,138,65,22.4105682373047,379,219,237,371,1375.84680175781
"S05T04P61",5,4,"2/9/2024","ZAR + BRY","lacrimans","Long Plain",148.5658463,-35.6554796,"5/7/2024","damaged","EL",NA,NA,7.97916650772095,11.2083330154419,44.6547164916992,514.42578125,21.7999992370605,-3.29999995231628,25.0999984741211,2.36666655540466,14.1833333969116,14.25,1.58333337306976,1201,138,65,22.4105682373047,379,219,237,371,1375.84680175781
"S01T01P04",1,1,"2/7/2024","ZAR + BRY","pauciflora","Alpine Way, Kosciuszko",148.2047204,-36.52938581,"5/2/2024","dead","H1",NA,NA,8.38749980926514,9.24166679382324,41.0740737915039,479.327789306641,20.6000003814697,-1.89999997615814,22.5,7.63333320617676,14.1833333969116,14.216667175293,2.45000004768372,1384,155,73,20.428596496582,432,262,264,363,1271.62048339844
"S01T01P06",1,1,"2/7/2024","ZAR + BRY","pauciflora","Alpine Way, Kosciuszko",148.2047204,-36.52938581,"5/2/2024","dead","H1",NA,NA,8.38749980926514,9.24166679382324,41.0740737915039,479.327789306641,20.6000003814697,-1.89999997615814,22.5,7.63333320617676,14.1833333969116,14.216667175293,2.45000004768372,1384,155,73,20.428596496582,432,262,264,363,1271.62048339844
"S01T01P07",1,1,"2/7/2024","ZAR + BRY","pauciflora","Alpine Way, Kosciuszko",148.2047204,-36.52938581,"5/2/2024","dead","H2",NA,NA,8.38749980926514,9.24166679382324,41.0740737915039,479.327789306641,20.6000003814697,-1.89999997615814,22.5,7.63333320617676,14.1833333969116,14.216667175293,2.45000004768372,1384,155,73,20.428596496582,432,262,264,363,1271.62048339844
"S01T01P11",1,1,"2/7/2024","ZAR + BRY","pauciflora","Alpine Way, Kosciuszko",148.2047204,-36.52938581,"5/2/2024","dead","H2",NA,NA,8.38749980926514,9.24166679382324,41.0740737915039,479.327789306641,20.6000003814697,-1.89999997615814,22.5,7.63333320617676,14.1833333969116,14.216667175293,2.45000004768372,1384,155,73,20.428596496582,432,262,264,363,1271.62048339844
"S01T02P06",1,2,"2/7/2024","ZAR + BRY","pauciflora","Alpine Way, Kosciuszko",148.2104012,-36.53110363,"5/7/2024","dead","H2",NA,NA,8.02916622161865,9.22499942779541,40.6387672424316,482.415588378906,20.2999992370605,-2.40000009536743,22.6999988555908,7.28333330154419,13.8666667938232,13.8833332061768,2.04999995231628,1458,165,77,20.8108692169189,456,273,277,381,1356.22192382812
"S01T02P07",1,2,"2/7/2024","ZAR + BRY","pauciflora","Alpine Way, Kosciuszko",148.2104012,-36.53110363,"5/7/2024","dead","H1",NA,NA,8.02916622161865,9.22499942779541,40.6387672424316,482.415588378906,20.2999992370605,-2.40000009536743,22.6999988555908,7.28333330154419,13.8666667938232,13.8833332061768,2.04999995231628,1458,165,77,20.8108692169189,456,273,277,381,1356.22192382812
"S02T09P04",2,9,"2/8/2024","ZAR + BRY","pauciflora","Kosciuszko Road/Guthega Road",148.4881695,-36.31993038,"5/2/2024","dead","H2",NA,NA,8.6458330154419,10.2083339691162,43.4397163391113,488.250396728516,21.6000003814697,-1.89999997615814,23.5,7.96666669845581,14.5500001907349,14.5833330154419,2.59999990463257,1095,118,66,15.6483402252197,334,231,232,273,1189.18823242188
"S02T09P08",2,9,"2/8/2024","ZAR + BRY","pauciflora","Kosciuszko Road/Guthega Road",148.4881695,-36.31993038,"5/2/2024","dead","H2",NA,NA,8.6458330154419,10.2083339691162,43.4397163391113,488.250396728516,21.6000003814697,-1.89999997615814,23.5,7.96666669845581,14.5500001907349,14.5833330154419,2.59999990463257,1095,118,66,15.6483402252197,334,231,232,273,1189.18823242188
"S02T09P15",2,9,"2/8/2024","ZAR + BRY","pauciflora","Kosciuszko Road/Guthega Road",148.4881695,-36.31993038,"5/2/2024","dead","H1",NA,NA,8.6458330154419,10.2083339691162,43.4397163391113,488.250396728516,21.6000003814697,-1.89999997615814,23.5,7.96666669845581,14.5500001907349,14.5833330154419,2.59999990463257,1095,118,66,15.6483402252197,334,231,232,273,1189.18823242188
"S03T02P03",3,2,"2/8/2024","ZAR + BRY","niphophila","Charlotte Pass/Perisher",148.4299115,-36.39437037,"5/2/2024","dead","H2",NA,NA,6.27500009536743,9.81666660308838,42.4963912963867,486.889465332031,19.2999992370605,-3.79999995231628,23.0999984741211,2.71666669845581,12.1999998092651,12.1999998092651,0.266666620969772,1681,182,89,21.8288478851318,533,306,306,493,1657.20471191406
"S03T02P08",3,2,"2/8/2024","ZAR + BRY","niphophila","Charlotte Pass/Perisher",148.4299115,-36.39437037,"5/2/2024","dead","H1",NA,NA,6.27500009536743,9.81666660308838,42.4963912963867,486.889465332031,19.2999992370605,-3.79999995231628,23.0999984741211,2.71666669845581,12.1999998092651,12.1999998092651,0.266666620969772,1681,182,89,21.8288478851318,533,306,306,493,1657.20471191406
"S03T10P09",3,10,"2/8/2024","ZAR + BRY","niphophila","Charlotte Pass/Perisher",148.4284512,-36.38276499,"5/3/2024","dead","H1",NA,NA,6.55416679382324,9.77499961853027,42.3160171508789,485.210632324219,19.5,-3.59999990463257,23.1000003814697,3.04999995231628,12.4666662216187,12.4666662216187,0.566666662693024,1653,179,87,21.7221260070801,523,301,301,485,1668.66540527344
"S03T10P15",3,10,"2/8/2024","ZAR + BRY","niphophila","Charlotte Pass/Perisher",148.4284512,-36.38276499,"5/3/2024","dead","H1",NA,NA,6.55416679382324,9.77499961853027,42.3160171508789,485.210632324219,19.5,-3.59999990463257,23.1000003814697,3.04999995231628,12.4666662216187,12.4666662216187,0.566666662693024,1653,179,87,21.7221260070801,523,301,301,485,1668.66540527344
"S03T10P17",3,10,"2/8/2024","ZAR + BRY","niphophila","Charlotte Pass/Perisher",148.4284512,-36.38276499,"5/14/2024","dead","H2",NA,NA,6.55416679382324,9.77499961853027,42.3160171508789,485.210632324219,19.5,-3.59999990463257,23.1000003814697,3.04999995231628,12.4666662216187,12.4666662216187,0.566666662693024,1653,179,87,21.7221260070801,523,301,301,485,1668.66540527344
"S04T02P02",4,2,"2/9/2024","ZAR + BRY","niphophila","Schlink's Pass",148.3974861,-36.31162772,"5/6/2024","dead","H2",NA,NA,6.42916679382324,9.42500019073486,40.625,503.404144287109,19.3999996185303,-3.79999995231628,23.1999988555908,2.83333325386047,12.5,12.5,0.183333322405815,1695,191,85,24.4095611572266,555,296,296,500,1605.39404296875
"S04T02P13",4,2,"2/9/2024","ZAR + BRY","niphophila","Schlink's Pass",148.3974861,-36.31162772,"5/6/2024","dead","H2",NA,NA,6.42916679382324,9.42500019073486,40.625,503.404144287109,19.3999996185303,-3.79999995231628,23.1999988555908,2.83333325386047,12.5,12.5,0.183333322405815,1695,191,85,24.4095611572266,555,296,296,500,1605.39404296875
"S04T02P16",4,2,"2/9/2024","ZAR + BRY","niphophila","Schlink's Pass",148.3974861,-36.31162772,"5/6/2024","dead","H2",NA,NA,6.42916679382324,9.42500019073486,40.625,503.404144287109,19.3999996185303,-3.79999995231628,23.1999988555908,2.83333325386047,12.5,12.5,0.183333322405815,1695,191,85,24.4095611572266,555,296,296,500,1605.39404296875
"S04T02P18",4,2,"2/9/2024","ZAR + BRY","niphophila","Schlink's Pass",148.3974861,-36.31162772,"5/6/2024","dead","H2",NA,NA,6.42916679382324,9.42500019073486,40.625,503.404144287109,19.3999996185303,-3.79999995231628,23.1999988555908,2.83333325386047,12.5,12.5,0.183333322405815,1695,191,85,24.4095611572266,555,296,296,500,1605.39404296875
"S04T02P23",4,2,"2/9/2024","ZAR + BRY","niphophila","Schlink's Pass",148.3974861,-36.31162772,"5/6/2024","dead","H2",NA,NA,6.42916679382324,9.42500019073486,40.625,503.404144287109,19.3999996185303,-3.79999995231628,23.1999988555908,2.83333325386047,12.5,12.5,0.183333322405815,1695,191,85,24.4095611572266,555,296,296,500,1605.39404296875
"S04T03P03",4,5,"2/9/2024","ZAR + BRY","niphophila","Schlink's Pass",148.4006739,-36.33383018,"5/2/2024","dead","H1",NA,NA,6.94583320617676,9.65833282470703,41.9927558898926,491.322235107422,19.7999992370605,-3.20000004768372,23,3.46666669845581,12.8999996185303,12.8999996185303,0.866666674613953,1603,176,82,22.8018226623535,517,288,288,462,1540.8818359375
"S04T03P11",4,3,"2/9/2024","ZAR + BRY","niphophila","Schlink's Pass",148.4015212,-36.31983703,"5/2/2024","dead","H2",NA,NA,6.55833339691162,9.44999980926514,41.0869560241699,497.657379150391,19.5,-3.5,23,2.9833333492279,12.5833330154419,12.5833330154419,0.39999994635582,1659,182,85,23.0192356109619,536,296,296,483,1551.22131347656
"S04T05P06",4,5,"2/9/2024","ZAR + BRY","niphophila","Schlink's Pass",148.4006739,-36.33383018,"5/2/2024","dead","H2",NA,NA,6.94583320617676,9.65833282470703,41.9927558898926,491.322235107422,19.7999992370605,-3.20000004768372,23,3.46666669845581,12.8999996185303,12.8999996185303,0.866666674613953,1603,176,82,22.8018226623535,517,288,288,462,1540.8818359375
"S04T05P14",4,5,"2/9/2024","ZAR + BRY","niphophila","Schlink's Pass",148.4006739,-36.33383018,"5/2/2024","dead","H1",NA,NA,6.94583320617676,9.65833282470703,41.9927558898926,491.322235107422,19.7999992370605,-3.20000004768372,23,3.46666669845581,12.8999996185303,12.8999996185303,0.866666674613953,1603,176,82,22.8018226623535,517,288,288,462,1540.8818359375
"S05T02P05",5,2,"2/9/2024","ZAR + BRY","lacrimans","Long Plain",148.5584052,-35.67097258,"5/2/2024","dead","H2",NA,NA,8.21666622161865,11.5833330154419,45.4248390197754,514.345703125,22.2999992370605,-3.20000004768372,25.5,2.59999990463257,12.283332824707,14.4833335876465,1.81666672229767,1198,140,63,22.9051036834717,380,216,235,373,1345.18884277344
"S05T02P12",5,2,"2/9/2024","ZAR + BRY","lacrimans","Long Plain",148.5584052,-35.67097258,"5/2/2024","dead","H2",NA,NA,8.21666622161865,11.5833330154419,45.4248390197754,514.345703125,22.2999992370605,-3.20000004768372,25.5,2.59999990463257,12.283332824707,14.4833335876465,1.81666672229767,1198,140,63,22.9051036834717,380,216,235,373,1345.18884277344
"S05T02P13",5,2,"2/9/2024","ZAR + BRY","lacrimans","Long Plain",148.5584052,-35.67097258,"5/2/2024","dead","H2",NA,NA,8.21666622161865,11.5833330154419,45.4248390197754,514.345703125,22.2999992370605,-3.20000004768372,25.5,2.59999990463257,12.283332824707,14.4833335876465,1.81666672229767,1198,140,63,22.9051036834717,380,216,235,373,1345.18884277344
"S05T02P14",5,2,"2/9/2024","ZAR + BRY","lacrimans","Long Plain",148.5584052,-35.67097258,"5/2/2024","dead","H2",NA,NA,8.21666622161865,11.5833330154419,45.4248390197754,514.345703125,22.2999992370605,-3.20000004768372,25.5,2.59999990463257,12.283332824707,14.4833335876465,1.81666672229767,1198,140,63,22.9051036834717,380,216,235,373,1345.18884277344
"S05T02P22",5,2,"2/9/2024","ZAR + BRY","lacrimans","Long Plain",148.5584052,-35.67097258,"5/2/2024","dead","H1",NA,NA,8.21666622161865,11.5833330154419,45.4248390197754,514.345703125,22.2999992370605,-3.20000004768372,25.5,2.59999990463257,12.283332824707,14.4833335876465,1.81666672229767,1198,140,63,22.9051036834717,380,216,235,373,1345.18884277344
"S05T03P010",5,3,"2/9/2024","ZAR + BRY","lacrimans","Long Plain",148.5627147,-35.66286329,"5/1/2024","dead","H2",NA,NA,8.06666660308838,11.3833332061768,44.9934120178223,514.862426757812,22,-3.29999995231628,25.2999992370605,2.43333339691162,14.283332824707,14.3333330154419,1.66666662693024,1203,139,64,22.4791240692139,379,219,236,372,1374.47106933594
"S05T03P13",5,3,"2/9/2024","ZAR + BRY","lacrimans","Long Plain",148.5627147,-35.66286329,"5/1/2024","dead","H2",NA,NA,8.06666660308838,11.3833332061768,44.9934120178223,514.862426757812,22,-3.29999995231628,25.2999992370605,2.43333339691162,14.283332824707,14.3333330154419,1.66666662693024,1203,139,64,22.4791240692139,379,219,236,372,1374.47106933594
"S05T04P01",5,4,"2/9/2024","ZAR + BRY","lacrimans","Long Plain",148.5658463,-35.6554796,"5/2/2024","dead","H2",NA,NA,7.97916650772095,11.2083330154419,44.6547164916992,514.42578125,21.7999992370605,-3.29999995231628,25.0999984741211,2.36666655540466,14.1833333969116,14.25,1.58333337306976,1201,138,65,22.4105682373047,379,219,237,371,1375.84680175781
"S05T04P16",5,4,"2/9/2024","ZAR + BRY","lacrimans","Long Plain",148.5658463,-35.6554796,"5/2/2024","dead","H2",NA,NA,7.97916650772095,11.2083330154419,44.6547164916992,514.42578125,21.7999992370605,-3.29999995231628,25.0999984741211,2.36666655540466,14.1833333969116,14.25,1.58333337306976,1201,138,65,22.4105682373047,379,219,237,371,1375.84680175781
"S05T04P35",5,4,"2/9/2024","ZAR + BRY","lacrimans","Long Plain",148.5658463,-35.6554796,"5/7/2024","dead","H1",NA,NA,7.97916650772095,11.2083330154419,44.6547164916992,514.42578125,21.7999992370605,-3.29999995231628,25.0999984741211,2.36666655540466,14.1833333969116,14.25,1.58333337306976,1201,138,65,22.4105682373047,379,219,237,371,1375.84680175781
"S05T04P44",5,4,"2/9/2024","ZAR + BRY","lacrimans","Long Plain",148.5658463,-35.6554796,"5/7/2024","dead","H1",NA,NA,7.97916650772095,11.2083330154419,44.6547164916992,514.42578125,21.7999992370605,-3.29999995231628,25.0999984741211,2.36666655540466,14.1833333969116,14.25,1.58333337306976,1201,138,65,22.4105682373047,379,219,237,371,1375.84680175781
"S05T04P51",5,4,"2/9/2024","ZAR + BRY","lacrimans","Long Plain",148.5658463,-35.6554796,"5/7/2024","dead","H1",NA,NA,7.97916650772095,11.2083330154419,44.6547164916992,514.42578125,21.7999992370605,-3.29999995231628,25.0999984741211,2.36666655540466,14.1833333969116,14.25,1.58333337306976,1201,138,65,22.4105682373047,379,219,237,371,1375.84680175781
"S05T04P58",5,4,"2/9/2024","ZAR + BRY","lacrimans","Long Plain",148.5658463,-35.6554796,"5/7/2024","dead","H1",NA,NA,7.97916650772095,11.2083330154419,44.6547164916992,514.42578125,21.7999992370605,-3.29999995231628,25.0999984741211,2.36666655540466,14.1833333969116,14.25,1.58333337306976,1201,138,65,22.4105682373047,379,219,237,371,1375.84680175781
"S05T05P05",5,5,"2/9/2024","ZAR + BRY","lacrimans","Long Plain",148.5753374,-35.63213532,"5/1/2024","dead","H1",NA,NA,8.13333320617676,11.0166664123535,44.2436408996582,513.92578125,21.7999992370605,-3.09999990463257,24.8999996185303,2.5,12.2166662216187,14.3833332061768,1.73333323001862,1171,137,63,22.3808460235596,370,214,231,364,1366.77880859375
"S05T06P12",5,6,"2/9/2024","ZAR + BRY","lacrimans","Long Plain",148.5938028,-35.61784443,"5/14/2024","dead","H1",NA,NA,7.99583339691162,10.8583335876465,44.1395645141602,510.532073974609,21.6000003814697,-3,24.6000003814697,2.41666674613953,14.1333332061768,14.1999998092651,1.63333332538605,1148,132,64,21.1055374145508,357,214,230,349,1389.87512207031
"S05T07P10",5,7,"0/05/2023","BRY","lacrimans","Long Plain",148.5911515,-35.62483876,"5/7/2024","dead","H2",NA,NA,8.125,10.9666662216187,44.2204322814941,512.411865234375,21.7999992370605,-3,24.7999992370605,2.51666665077209,14.2833337783813,14.3666667938232,1.75,1159,135,63,22.076099395752,364,213,230,358,1356.31176757812
"S05T07P18",5,7,"0/05/2023","BRY","lacrimans","Long Plain",148.5911515,-35.62483876,"5/7/2024","dead","H2",NA,NA,8.125,10.9666662216187,44.2204322814941,512.411865234375,21.7999992370605,-3,24.7999992370605,2.51666665077209,14.2833337783813,14.3666667938232,1.75,1159,135,63,22.076099395752,364,213,230,358,1356.31176757812
"S05T15P09",5,15,"0/05/2023","BRY","lacrimans","Long Plain",148.5444786,-35.72491793,"5/7/2024","dead","H2",NA,NA,8.2708330154419,11.1416664123535,44.3891105651855,515.608459472656,22.2000007629395,-2.90000009536743,25.1000003814697,2.65000009536743,12.3666667938232,14.5500001907349,1.86666667461395,1226,144,63,23.8106899261475,393,216,240,385,1356.4150390625
"S05T15P10",5,15,"0/05/2023","BRY","lacrimans","Long Plain",148.5444786,-35.72491793,"5/7/2024","dead","H1",NA,NA,8.2708330154419,11.1416664123535,44.3891105651855,515.608459472656,22.2000007629395,-2.90000009536743,25.1000003814697,2.65000009536743,12.3666667938232,14.5500001907349,1.86666667461395,1226,144,63,23.8106899261475,393,216,240,385,1356.4150390625
"S05T15P12",5,15,"0/05/2023","BRY","lacrimans","Long Plain",148.5444786,-35.72491793,"5/7/2024","dead","H1",NA,NA,8.2708330154419,11.1416664123535,44.3891105651855,515.608459472656,22.2000007629395,-2.90000009536743,25.1000003814697,2.65000009536743,12.3666667938232,14.5500001907349,1.86666667461395,1226,144,63,23.8106899261475,393,216,240,385,1356.4150390625
"S05T15P18",5,15,"0/05/2023","BRY","lacrimans","Long Plain",148.5444786,-35.72491793,"5/7/2024","dead","H2",NA,NA,8.2708330154419,11.1416664123535,44.3891105651855,515.608459472656,22.2000007629395,-2.90000009536743,25.1000003814697,2.65000009536743,12.3666667938232,14.5500001907349,1.86666667461395,1226,144,63,23.8106899261475,393,216,240,385,1356.4150390625
"S05T15P19",5,15,"0/05/2023","BRY","lacrimans","Long Plain",148.5444786,-35.72491793,"5/7/2024","dead","H1",NA,NA,8.2708330154419,11.1416664123535,44.3891105651855,515.608459472656,22.2000007629395,-2.90000009536743,25.1000003814697,2.65000009536743,12.3666667938232,14.5500001907349,1.86666667461395,1226,144,63,23.8106899261475,393,216,240,385,1356.4150390625
"S05T15P27",5,15,"0/05/2023","BRY","lacrimans","Long Plain",148.5444786,-35.72491793,"5/7/2024","dead","H2",NA,NA,8.2708330154419,11.1416664123535,44.3891105651855,515.608459472656,22.2000007629395,-2.90000009536743,25.1000003814697,2.65000009536743,12.3666667938232,14.5500001907349,1.86666667461395,1226,144,63,23.8106899261475,393,216,240,385,1356.4150390625
"S06T02P14",6,2,"2/9/2024","ZAR + BRY","pauciflora","Long Plain",148.6445585,-35.60294304,"5/7/2024","dead","H2",NA,NA,8.42500019073486,11.6333332061768,45.4427070617676,515.917114257812,22.3999996185303,-3.20000004768372,25.6000003814697,2.81666660308838,12.5,14.6999998092651,2,1077,120,62,18.9415454864502,326,207,221,320,1313.17736816406
"S06T02P30",6,2,"2/9/2024","ZAR + BRY","pauciflora","Long Plain",148.6445585,-35.60294304,"5/7/2024","dead","H1",NA,NA,8.42500019073486,11.6333332061768,45.4427070617676,515.917114257812,22.3999996185303,-3.20000004768372,25.6000003814697,2.81666660308838,12.5,14.6999998092651,2,1077,120,62,18.9415454864502,326,207,221,320,1313.17736816406
"S06T03P01",6,3,"2/9/2024","ZAR + BRY","pauciflora","Long Plain",148.6627797,-35.60956426,"5/2/2024","dead","H2",NA,NA,8.3541669845581,11.3249998092651,44.7628440856934,515.996215820312,22.2000007629395,-3.09999990463257,25.3000011444092,4.94999980926514,12.4333333969116,14.6333332061768,1.93333327770233,1055,117,62,18.2573757171631,318,206,218,310,1311.03161621094
"S06T05P03",6,5,"2/9/2024","ZAR + BRY","pauciflora","Long Plain",148.6387252,-35.5979197,"5/7/2024","dead","H1",NA,NA,8.01249980926514,11.2749996185303,44.7420654296875,514.548034667969,21.8999996185303,-3.29999995231628,25.1999988555908,2.41666650772095,14.2166662216187,14.283332824707,1.63333320617676,1101,124,64,19.380443572998,335,212,224,327,1424.67797851562
"S06T05P25",6,5,"2/9/2024","ZAR + BRY","pauciflora","Long Plain",148.6387252,-35.5979197,"5/7/2024","dead","H2",NA,NA,8.01249980926514,11.2749996185303,44.7420654296875,514.548034667969,21.8999996185303,-3.29999995231628,25.1999988555908,2.41666650772095,14.2166662216187,14.283332824707,1.63333320617676,1101,124,64,19.380443572998,335,212,224,327,1424.67797851562
"S07T01P03",7,1,"2/17/2024","ZAR + BRY","pauciflora","Namadgi, Mt Franklin Road",148.807368,-35.35601803,"5/7/2024","dead","H1",NA,NA,9.70416641235352,10.7416667938232,43.6653099060059,507.598876953125,23,-1.60000002384186,24.6000003814697,6.25,15.8999996185303,15.8999996185303,3.43333315849304,1031,111,63,16.2816963195801,300,208,208,294,1194.67761230469
"S07T02P17",7,2,"2/17/2024","ZAR + BRY","pauciflora","Namadgi, Mt Franklin Road",148.8003298,-35.35940543,"5/13/2024","dead","H1",NA,NA,9.46250057220459,10.6083335876465,43.2993202209473,507.445159912109,22.7000007629395,-1.79999995231628,24.5,5.98333311080933,15.6500005722046,15.6500005722046,3.18333339691162,1024,110,64,16.2637825012207,300,209,209,290,1248.51977539062
"S07T05P11",7,5,"2/17/2024","ZAR + BRY","pauciflora","Namadgi, Mt Franklin Road",148.8051036,-35.38599523,"5/14/2024","dead","H2",NA,NA,9.19583320617676,10.4083337783813,43.0096435546875,504.463958740234,22.2999992370605,-1.89999997615814,24.1999988555908,5.71666669845581,15.283332824707,15.3500003814697,2.96666669845581,1010,107,64,15.2587127685547,294,210,211,282,1320.54113769531
"S07T07P03",7,7,"2/17/2024","ZAR + BRY","pauciflora","Namadgi, Mt Franklin Road",148.7958075,-35.40021858,"5/1/2024","dead","H2",NA,NA,9.54583358764648,10.6916666030884,43.4620628356934,506.581512451172,22.7999992370605,-1.79999995231628,24.5999984741211,6.08333349227905,15.6499996185303,15.716667175293,3.28333330154419,1015,108,63,15.8454093933105,297,210,210,285,1232.10192871094
"S07T07P16",7,7,"2/17/2024","ZAR + BRY","pauciflora","Namadgi, Mt Franklin Road",148.7958075,-35.40021858,"5/1/2024","dead","H2",NA,NA,9.54583358764648,10.6916666030884,43.4620628356934,506.581512451172,22.7999992370605,-1.79999995231628,24.5999984741211,6.08333349227905,15.6499996185303,15.716667175293,3.28333330154419,1015,108,63,15.8454093933105,297,210,210,285,1232.10192871094
"S08T04P01",8,4,"2/17/2024","ZAR + BRY","debeuzevillei","Namadgi, Mt Franklin Road",148.7744314,-35.53567387,"5/3/2024","dead","H2",NA,NA,7.01666688919067,9.13333320617676,39.8835525512695,502.205749511719,19.6000003814697,-3.29999995231628,22.8999996185303,3.46666669845581,13.1000003814697,13.1166667938232,0.816666662693024,1060,110,70,15.239236831665,313,221,228,288,1619.29418945312
"S08T04P02",8,4,"2/17/2024","ZAR + BRY","debeuzevillei","Namadgi, Mt Franklin Road",148.7744314,-35.53567387,"5/3/2024","dead","H2",NA,NA,7.01666688919067,9.13333320617676,39.8835525512695,502.205749511719,19.6000003814697,-3.29999995231628,22.8999996185303,3.46666669845581,13.1000003814697,13.1166667938232,0.816666662693024,1060,110,70,15.239236831665,313,221,228,288,1619.29418945312
"S08T04P03",8,4,"2/17/2024","ZAR + BRY","debeuzevillei","Namadgi, Mt Franklin Road",148.7744314,-35.53567387,"5/3/2024","dead","H2",NA,NA,7.01666688919067,9.13333320617676,39.8835525512695,502.205749511719,19.6000003814697,-3.29999995231628,22.8999996185303,3.46666669845581,13.1000003814697,13.1166667938232,0.816666662693024,1060,110,70,15.239236831665,313,221,228,288,1619.29418945312
"S08T04P10",8,4,"2/17/2024","ZAR + BRY","debeuzevillei","Namadgi, Mt Franklin Road",148.7744314,-35.53567387,"5/6/2024","dead","H2",NA,NA,7.01666688919067,9.13333320617676,39.8835525512695,502.205749511719,19.6000003814697,-3.29999995231628,22.8999996185303,3.46666669845581,13.1000003814697,13.1166667938232,0.816666662693024,1060,110,70,15.239236831665,313,221,228,288,1619.29418945312
"S08T04P11",8,4,"2/17/2024","ZAR + BRY","debeuzevillei","Namadgi, Mt Franklin Road",148.7744314,-35.53567387,"5/6/2024","dead","H2",NA,NA,7.01666688919067,9.13333320617676,39.8835525512695,502.205749511719,19.6000003814697,-3.29999995231628,22.8999996185303,3.46666669845581,13.1000003814697,13.1166667938232,0.816666662693024,1060,110,70,15.239236831665,313,221,228,288,1619.29418945312
"S08T04P14",8,4,"2/17/2024","ZAR + BRY","debeuzevillei","Namadgi, Mt Franklin Road",148.7744314,-35.53567387,"5/6/2024","dead","H2",NA,NA,7.01666688919067,9.13333320617676,39.8835525512695,502.205749511719,19.6000003814697,-3.29999995231628,22.8999996185303,3.46666669845581,13.1000003814697,13.1166667938232,0.816666662693024,1060,110,70,15.239236831665,313,221,228,288,1619.29418945312
"S09T01P03",9,1,"0/05/2023","BRY","acerina","Baw Baw Plateau",146.345269,-37.88025918,"5/7/2024","dead","H2",NA,NA,7.38333320617676,6.7000002861023,36.6120223999023,429.822021484375,18.1000003814697,-0.200000002980232,18.3000011444092,2.41666674613953,12.9000005722046,12.9000005722046,2.34999990463257,1441,153,65,23.7971000671387,448,241,241,435,1412.02014160156
"S09T02P010",9,2,"0/05/2023","BRY","acerina","Baw Baw Plateau",146.3437721,-37.87613875,"5/8/2024","dead","H2",NA,NA,7.38333320617676,6.7000002861023,36.6120223999023,429.822021484375,18.1000003814697,-0.200000002980232,18.3000011444092,2.41666674613953,12.9000005722046,12.9000005722046,2.34999990463257,1441,153,65,23.7971000671387,448,241,241,435,1499.62536621094
"S09T02P014",9,2,"0/05/2023","BRY","acerina","Baw Baw Plateau",146.3437721,-37.87613875,"5/8/2024","dead","H2",NA,NA,7.38333320617676,6.7000002861023,36.6120223999023,429.822021484375,18.1000003814697,-0.200000002980232,18.3000011444092,2.41666674613953,12.9000005722046,12.9000005722046,2.34999990463257,1441,153,65,23.7971000671387,448,241,241,435,1499.62536621094
"S09T02P05",9,2,"0/05/2023","BRY","acerina","Baw Baw Plateau",146.3437721,-37.87613875,"5/8/2024","dead","H2",NA,NA,7.38333320617676,6.7000002861023,36.6120223999023,429.822021484375,18.1000003814697,-0.200000002980232,18.3000011444092,2.41666674613953,12.9000005722046,12.9000005722046,2.34999990463257,1441,153,65,23.7971000671387,448,241,241,435,1499.62536621094
"S09T02P06",9,2,"0/05/2023","BRY","acerina","Baw Baw Plateau",146.3437721,-37.87613875,"5/8/2024","dead","H2",NA,NA,7.38333320617676,6.7000002861023,36.6120223999023,429.822021484375,18.1000003814697,-0.200000002980232,18.3000011444092,2.41666674613953,12.9000005722046,12.9000005722046,2.34999990463257,1441,153,65,23.7971000671387,448,241,241,435,1499.62536621094
"S09T06P03",9,6,"0/05/2023","BRY","acerina","Baw Baw Plateau",146.328103,-37.83555978,"2/13/2024","dead","H2",NA,NA,7.40000009536743,7.06666660308838,37.3897705078125,437.061462402344,18.3999996185303,-0.5,18.8999996185303,2.36666655540466,12.9666662216187,12.9666662216187,2.18333339691162,1417,157,63,24.8477172851562,453,236,236,435,1353.13391113281
"S09T06P06",9,6,"0/05/2023","BRY","acerina","Baw Baw Plateau",146.328103,-37.83555978,"2/13/2024","dead","H2",NA,NA,7.40000009536743,7.06666660308838,37.3897705078125,437.061462402344,18.3999996185303,-0.5,18.8999996185303,2.36666655540466,12.9666662216187,12.9666662216187,2.18333339691162,1417,157,63,24.8477172851562,453,236,236,435,1353.13391113281
"S09T06P08",9,6,"0/05/2023","BRY","acerina","Baw Baw Plateau",146.328103,-37.83555978,"2/13/2024","dead","H2",NA,NA,7.40000009536743,7.06666660308838,37.3897705078125,437.061462402344,18.3999996185303,-0.5,18.8999996185303,2.36666655540466,12.9666662216187,12.9666662216187,2.18333339691162,1417,157,63,24.8477172851562,453,236,236,435,1353.13391113281
"S09T06P09",9,6,"0/05/2023","BRY","acerina","Baw Baw Plateau",146.328103,-37.83555978,"2/13/2024","dead","H2",NA,NA,7.40000009536743,7.06666660308838,37.3897705078125,437.061462402344,18.3999996185303,-0.5,18.8999996185303,2.36666655540466,12.9666662216187,12.9666662216187,2.18333339691162,1417,157,63,24.8477172851562,453,236,236,435,1353.13391113281
"S09T06P15",9,6,"0/05/2023","BRY","acerina","Baw Baw Plateau",146.328103,-37.83555978,"2/13/2024","dead","H2",NA,NA,7.40000009536743,7.06666660308838,37.3897705078125,437.061462402344,18.3999996185303,-0.5,18.8999996185303,2.36666655540466,12.9666662216187,12.9666662216187,2.18333339691162,1417,157,63,24.8477172851562,453,236,236,435,1353.13391113281
"S10T02P03",10,2,"0/05/2023","BRY","hedraia","Falls Creek/Bogong",147.295,-36.7132,"5/6/2024","dead","H2",NA,NA,8.06666660308838,8.65000057220459,38.7892379760742,495.866271972656,20.6000003814697,-1.70000004768372,22.3000011444092,2.06666660308838,14.216667175293,14.216667175293,2.06666660308838,1436,161,66,26.7405071258545,466,241,241,466,1436.73229980469
"S10T02P05",10,2,"0/05/2023","BRY","hedraia","Falls Creek/Bogong",147.295,-36.7132,"5/6/2024","dead","H2",NA,NA,8.06666660308838,8.65000057220459,38.7892379760742,495.866271972656,20.6000003814697,-1.70000004768372,22.3000011444092,2.06666660308838,14.216667175293,14.216667175293,2.06666660308838,1436,161,66,26.7405071258545,466,241,241,466,1436.73229980469
"S10T02P06",10,2,"0/05/2023","BRY","hedraia","Falls Creek/Bogong",147.295,-36.7132,"5/6/2024","dead","H2",NA,NA,8.06666660308838,8.65000057220459,38.7892379760742,495.866271972656,20.6000003814697,-1.70000004768372,22.3000011444092,2.06666660308838,14.216667175293,14.216667175293,2.06666660308838,1436,161,66,26.7405071258545,466,241,241,466,1436.73229980469
"S10T03P06",10,3,"0/05/2024","BRY","hedraia","Falls Creek/Bogong",147.3045634,-36.72356214,"5/8/2024","dead","H2",NA,NA,7.05416679382324,8.125,37.2706413269043,499.497283935547,19.3999996185303,-2.40000009536743,21.7999992370605,1.03333330154419,13.2666664123535,13.2666664123535,1.03333330154419,1582,179,74,25.5976619720459,506,267,267,506,1734.21838378906
"S10T03P12",10,3,"0/05/2024","BRY","hedraia","Falls Creek/Bogong",147.3045634,-36.72356214,"5/8/2024","dead","H2",NA,NA,7.05416679382324,8.125,37.2706413269043,499.497283935547,19.3999996185303,-2.40000009536743,21.7999992370605,1.03333330154419,13.2666664123535,13.2666664123535,1.03333330154419,1582,179,74,25.5976619720459,506,267,267,506,1734.21838378906
"S10T03P13",10,3,"0/05/2024","BRY","hedraia","Falls Creek/Bogong",147.3045634,-36.72356214,"5/8/2024","dead","H2",NA,NA,7.05416679382324,8.125,37.2706413269043,499.497283935547,19.3999996185303,-2.40000009536743,21.7999992370605,1.03333330154419,13.2666664123535,13.2666664123535,1.03333330154419,1582,179,74,25.5976619720459,506,267,267,506,1734.21838378906
"S10T03P14",10,3,"0/05/2024","BRY","hedraia","Falls Creek/Bogong",147.3045634,-36.72356214,"5/8/2024","dead","H2",NA,NA,7.05416679382324,8.125,37.2706413269043,499.497283935547,19.3999996185303,-2.40000009536743,21.7999992370605,1.03333330154419,13.2666664123535,13.2666664123535,1.03333330154419,1582,179,74,25.5976619720459,506,267,267,506,1734.21838378906
"S10T06P04",10,6,"0/05/2023","BRY","hedraia","Falls Creek/Bogong",147.2842634,-36.77229158,"5/8/2024","dead","H2",NA,NA,7.32499980926514,8.26666641235352,37.575756072998,501.450164794922,19.7000007629395,-2.29999995231628,22,1.23333334922791,13.533332824707,13.533332824707,1.23333334922791,1470,173,70,25.3304977416992,470,254,254,470,1416.79943847656
"S10T07P05",10,7,"0/05/2023","BRY","hedraia","Falls Creek/Bogong",147.284648,-36.77091069,"5/8/2024","dead","H2",NA,NA,7.32499980926514,8.26666641235352,37.575756072998,501.450164794922,19.7000007629395,-2.29999995231628,22,1.23333334922791,13.533332824707,13.533332824707,1.23333334922791,1470,173,70,25.3304977416992,470,254,254,470,1467.08923339844
"S10T08P01",10,8,"0/05/2023","BRY","hedraia","Falls Creek/Bogong",147.2913688,-36.76286481,"5/7/2024","dead","H2",NA,NA,7.38333320617676,8.18333339691162,37.3668174743652,501.07763671875,19.7000007629395,-2.20000004768372,21.9000015258789,1.28333330154419,13.5833330154419,13.5833330154419,1.28333330154419,1467,172,70,25.4845294952393,470,252,252,470,1538.8203125
"S10T08P05",10,8,"0/05/2023","BRY","hedraia","Falls Creek/Bogong",147.2913688,-36.76286481,"5/7/2024","dead","H2",NA,NA,7.38333320617676,8.18333339691162,37.3668174743652,501.07763671875,19.7000007629395,-2.20000004768372,21.9000015258789,1.28333330154419,13.5833330154419,13.5833330154419,1.28333330154419,1467,172,70,25.4845294952393,470,252,252,470,1538.8203125
"S10T08P09",10,8,"0/05/2023","BRY","hedraia","Falls Creek/Bogong",147.2913688,-36.76286481,"5/7/2024","dead","H1",NA,NA,7.38333320617676,8.18333339691162,37.3668174743652,501.07763671875,19.7000007629395,-2.20000004768372,21.9000015258789,1.28333330154419,13.5833330154419,13.5833330154419,1.28333330154419,1467,172,70,25.4845294952393,470,252,252,470,1538.8203125
"S11T01P17",11,1,"0/05/2023","BRY","pauciflora","Falls Creek/Bogong",147.297255,-36.71530832,"5/1/2024","dead","H1",NA,NA,8.06666660308838,8.65000057220459,38.7892379760742,495.866271972656,20.6000003814697,-1.70000004768372,22.3000011444092,2.06666660308838,14.216667175293,14.216667175293,2.06666660308838,1436,161,66,26.7405071258545,466,241,241,466,1442.45153808594
"S11T02P06",11,2,"0/05/2023","BRY","pauciflora","Falls Creek/Bogong",147.2949949,-36.71321879,"5/1/2024","dead","H2",NA,NA,8.06666660308838,8.65000057220459,38.7892379760742,495.866271972656,20.6000003814697,-1.70000004768372,22.3000011444092,2.06666660308838,14.216667175293,14.216667175293,2.06666660308838,1436,161,66,26.7405071258545,466,241,241,466,1436.73229980469
"S11T04P10",11,4,"0/05/2023","BRY","pauciflora","Falls Creek/Bogong",147.3110202,-36.71336842,"5/7/2024","dead","H2",NA,NA,7.59583330154419,8.2083330154419,37.652904510498,495.701782226562,19.8999996185303,-1.89999997615814,21.7999992370605,1.61666667461395,13.7666664123535,13.7666664123535,1.61666667461395,1515,171,71,25.3477573394775,483,259,259,483,1489.41674804688
"S12T06P08",12,6,"5/30/2020","MON","pauciflora","Armidale",151.9918547,-30.51419373,"5/6/2024","dead","H1",NA,NA,13.4499998092651,12.0333337783813,48.7179489135742,468.493713378906,25.7000007629395,1,24.7000007629395,19.0166664123535,7.38333320617676,19.0166664123535,7.38333320617676,842,126,30,42.833927154541,335,114,335,114,996.149841308594
"S12T06P09",12,6,"5/30/2020","MON","pauciflora","Armidale",151.9918547,-30.51419373,"5/6/2024","dead","H2",NA,NA,13.4499998092651,12.0333337783813,48.7179489135742,468.493713378906,25.7000007629395,1,24.7000007629395,19.0166664123535,7.38333320617676,19.0166664123535,7.38333320617676,842,126,30,42.833927154541,335,114,335,114,996.149841308594
"S12T06P10",12,6,"5/30/2020","MON","pauciflora","Armidale",151.9918547,-30.51419373,"5/6/2024","dead","H2",NA,NA,13.4499998092651,12.0333337783813,48.7179489135742,468.493713378906,25.7000007629395,1,24.7000007629395,19.0166664123535,7.38333320617676,19.0166664123535,7.38333320617676,842,126,30,42.833927154541,335,114,335,114,996.149841308594
"S12T10P03",12,10,"6/2/2020","MON","pauciflora","Armidale",151.5809935,-30.96356189,"5/13/2024","dead","H1",NA,NA,12.7208337783813,13.5249996185303,51.0377349853516,495.724700927734,26.1000003814697,-0.400000005960464,26.5,18.6499996185303,6.36666679382324,18.6499996185303,6.36666679382324,825,118,45,33.4566078186035,301,147,301,147,1078.83056640625
"S12T10P10",12,10,"6/2/2020","MON","pauciflora","Armidale",151.5809935,-30.96356189,"5/13/2024","dead","H2",NA,NA,12.7208337783813,13.5249996185303,51.0377349853516,495.724700927734,26.1000003814697,-0.400000005960464,26.5,18.6499996185303,6.36666679382324,18.6499996185303,6.36666679382324,825,118,45,33.4566078186035,301,147,301,147,1078.83056640625
"S13T05P05",13,5,"7/2/2020","MON","pauciflora","Goulburn",149.5035819,-34.43456833,"5/3/2024","dead","H1",NA,NA,11.5583333969116,12.2833337783813,47.0625801086426,513.804138183594,25.7000007629395,-0.400000005960464,26.1000003814697,8.25,15.5,17.9333343505859,5.21666669845581,808,80,55,14.1103601455688,234,168,193,218,934.766418457031
"S13T05P08",13,5,"7/2/2020","MON","pauciflora","Goulburn",149.5035819,-34.43456833,"5/3/2024","dead","H2",NA,NA,11.5583333969116,12.2833337783813,47.0625801086426,513.804138183594,25.7000007629395,-0.400000005960464,26.1000003814697,8.25,15.5,17.9333343505859,5.21666669845581,808,80,55,14.1103601455688,234,168,193,218,934.766418457031
"S13T05P16",13,5,"7/2/2020","MON","pauciflora","Goulburn",149.5035819,-34.43456833,"5/3/2024","dead","H1",NA,NA,11.5583333969116,12.2833337783813,47.0625801086426,513.804138183594,25.7000007629395,-0.400000005960464,26.1000003814697,8.25,15.5,17.9333343505859,5.21666669845581,808,80,55,14.1103601455688,234,168,193,218,934.766418457031
"S13T09P05",13,9,"7/2/2020","MON","pauciflora","Goulburn",149.7970744,-34.38220076,"5/14/2024","dead","H2",NA,NA,11.8999996185303,12.25,47.8515625,495.112487792969,25.6000003814697,0,25.6000003814697,17.7000007629395,6.63333320617676,18,5.73333311080933,864,89,65,9.50864696502686,236,199,225,207,859.400085449219
"S13T09P10",13,9,"7/2/2020","MON","pauciflora","Goulburn",149.7970744,-34.38220076,"5/14/2024","dead","H1",NA,NA,11.8999996185303,12.25,47.8515625,495.112487792969,25.6000003814697,0,25.6000003814697,17.7000007629395,6.63333320617676,18,5.73333311080933,864,89,65,9.50864696502686,236,199,225,207,859.400085449219
"S13T09P11",13,9,"7/2/2020","MON","pauciflora","Goulburn",149.7970744,-34.38220076,"5/14/2024","dead","H2",NA,NA,11.8999996185303,12.25,47.8515625,495.112487792969,25.6000003814697,0,25.6000003814697,17.7000007629395,6.63333320617676,18,5.73333311080933,864,89,65,9.50864696502686,236,199,225,207,859.400085449219
"S13T09P17",13,9,"7/2/2020","MON","pauciflora","Goulburn",149.7970744,-34.38220076,"5/14/2024","dead","H2",NA,NA,11.8999996185303,12.25,47.8515625,495.112487792969,25.6000003814697,0,25.6000003814697,17.7000007629395,6.63333320617676,18,5.73333311080933,864,89,65,9.50864696502686,236,199,225,207,859.400085449219
"S14T02P02",14,2,"2/13/2021","MON","pauciflora","Kosciuszko",148.645476,-36.187429,"5/8/2024","dead","H2",NA,NA,9.56666660308838,12.5500001907349,47.1804504394531,508.126403808594,24.1000003814697,-2.5,26.6000003814697,8.93333339691162,4.34999990463257,15.8000001907349,3.28333330154419,814,84,56,13.6400537490845,244,180,192,191,1144.85620117188
"S14T07P12",14,7,"2/14/2021","MON","pauciflora","Kosciuszko",148.628114,-36.182397,"5/8/2024","dead","H2",NA,NA,9.76666641235352,12.4833335876465,47.2853507995605,505.745758056641,24.1000003814697,-2.29999995231628,26.3999996185303,9.18333339691162,7,15.966667175293,3.50000023841858,774,81,53,14.0304050445557,232,170,184,182,1101.10754394531
"S14T07P18",14,7,"2/14/2021","MON","pauciflora","Kosciuszko",148.628114,-36.182397,"5/8/2024","dead","H1",NA,NA,9.76666641235352,12.4833335876465,47.2853507995605,505.745758056641,24.1000003814697,-2.29999995231628,26.3999996185303,9.18333339691162,7,15.966667175293,3.50000023841858,774,81,53,14.0304050445557,232,170,184,182,1101.10754394531
"S03T10P06",3,10,"2/8/2024","ZAR + BRY","niphophila","Charlotte Pass/Perisher",148.4284512,-36.38276499,"5/3/2024","lisa","spare",NA,NA,6.55416679382324,9.77499961853027,42.3160171508789,485.210632324219,19.5,-3.59999990463257,23.1000003814697,3.04999995231628,12.4666662216187,12.4666662216187,0.566666662693024,1653,179,87,21.7221260070801,523,301,301,485,1668.66540527344
"S04T02P07",4,2,"2/9/2024","ZAR + BRY","niphophila","Schlink's Pass",148.3974861,-36.31162772,"5/6/2024","lisa","spare",NA,NA,6.42916679382324,9.42500019073486,40.625,503.404144287109,19.3999996185303,-3.79999995231628,23.1999988555908,2.83333325386047,12.5,12.5,0.183333322405815,1695,191,85,24.4095611572266,555,296,296,500,1605.39404296875
"S04T02P08",4,2,"2/9/2024","ZAR + BRY","niphophila","Schlink's Pass",148.3974861,-36.31162772,"5/6/2024","lisa","spare",NA,NA,6.42916679382324,9.42500019073486,40.625,503.404144287109,19.3999996185303,-3.79999995231628,23.1999988555908,2.83333325386047,12.5,12.5,0.183333322405815,1695,191,85,24.4095611572266,555,296,296,500,1605.39404296875
"S04T02P09",4,2,"2/9/2024","ZAR + BRY","niphophila","Schlink's Pass",148.3974861,-36.31162772,"5/6/2024","lisa","spare",NA,NA,6.42916679382324,9.42500019073486,40.625,503.404144287109,19.3999996185303,-3.79999995231628,23.1999988555908,2.83333325386047,12.5,12.5,0.183333322405815,1695,191,85,24.4095611572266,555,296,296,500,1605.39404296875
"S04T02P11",4,2,"2/9/2024","ZAR + BRY","niphophila","Schlink's Pass",148.3974861,-36.31162772,"5/6/2024","lisa","spare",NA,NA,6.42916679382324,9.42500019073486,40.625,503.404144287109,19.3999996185303,-3.79999995231628,23.1999988555908,2.83333325386047,12.5,12.5,0.183333322405815,1695,191,85,24.4095611572266,555,296,296,500,1605.39404296875
"S04T02P19",4,2,"2/9/2024","ZAR + BRY","niphophila","Schlink's Pass",148.3974861,-36.31162772,"5/6/2024","lisa","spare",NA,NA,6.42916679382324,9.42500019073486,40.625,503.404144287109,19.3999996185303,-3.79999995231628,23.1999988555908,2.83333325386047,12.5,12.5,0.183333322405815,1695,191,85,24.4095611572266,555,296,296,500,1605.39404296875
"S04T02P20",4,2,"2/9/2024","ZAR + BRY","niphophila","Schlink's Pass",148.3974861,-36.31162772,"5/6/2024","lisa","spare",NA,NA,6.42916679382324,9.42500019073486,40.625,503.404144287109,19.3999996185303,-3.79999995231628,23.1999988555908,2.83333325386047,12.5,12.5,0.183333322405815,1695,191,85,24.4095611572266,555,296,296,500,1605.39404296875
"S04T05P01",4,5,"2/9/2024","ZAR + BRY","niphophila","Schlink's Pass",148.4006739,-36.33383018,"5/2/2024","lisa","spare",NA,NA,6.94583320617676,9.65833282470703,41.9927558898926,491.322235107422,19.7999992370605,-3.20000004768372,23,3.46666669845581,12.8999996185303,12.8999996185303,0.866666674613953,1603,176,82,22.8018226623535,517,288,288,462,1540.8818359375
"S04T05P05",4,5,"2/9/2024","ZAR + BRY","niphophila","Schlink's Pass",148.4006739,-36.33383018,"5/2/2024","lisa","spare",NA,NA,6.94583320617676,9.65833282470703,41.9927558898926,491.322235107422,19.7999992370605,-3.20000004768372,23,3.46666669845581,12.8999996185303,12.8999996185303,0.866666674613953,1603,176,82,22.8018226623535,517,288,288,462,1540.8818359375
